time_s,ground_truth,A,B,C
0.0,NORMAL,NORMAL,NORMAL,NORMAL
0.1,NORMAL,NORMAL,NORMAL,NORMAL
0.2,NORMAL,NORMAL,NORMAL,NORMAL
0.3,NORMAL,NORMAL,NORMAL,NORMAL
0.4,NORMAL,NORMAL,NORMAL,NORMAL
0.5,NORMAL,NORMAL,NORMAL,NORMAL
0.6,NORMAL,NORMAL,NORMAL,NORMAL
0.7,NORMAL,NORMAL,NORMAL,NORMAL
0.8,NORMAL,NORMAL,NORMAL,NORMAL
0.9,NORMAL,NORMAL,NORMAL,NORMAL
1.0,NORMAL,NORMAL,NORMAL,NORMAL
1.1,NORMAL,NORMAL,NORMAL,NORMAL
1.2,NORMAL,NORMAL,NORMAL,NORMAL
1.3,NORMAL,NORMAL,NORMAL,NORMAL
1.4,NORMAL,NORMAL,NORMAL,NORMAL
1.5,NORMAL,NORMAL,NORMAL,NORMAL
1.6,NORMAL,NORMAL,NORMAL,NORMAL
1.7,NORMAL,NORMAL,NORMAL,NORMAL
1.8,NORMAL,NORMAL,NORMAL,NORMAL
1.9,NORMAL,NORMAL,NORMAL,NORMAL
2.0,NORMAL,NORMAL,NORMAL,NORMAL
2.1,NORMAL,NORMAL,NORMAL,NORMAL
2.2,NORMAL,NORMAL,NORMAL,NORMAL
2.3,NORMAL,NORMAL,NORMAL,NORMAL
2.4,NORMAL,NORMAL,NORMAL,NORMAL
2.5,NORMAL,NORMAL,NORMAL,NORMAL
2.6,NORMAL,NORMAL,NORMAL,NORMAL
2.7,NORMAL,NORMAL,NORMAL,NORMAL
2.8,NORMAL,NORMAL,NORMAL,NORMAL
2.9,NORMAL,NORMAL,NORMAL,NORMAL
3.0,NORMAL,NORMAL,NORMAL,NORMAL
3.1,NORMAL,NORMAL,NORMAL,NORMAL
3.2,NORMAL,NORMAL,NORMAL,NORMAL
3.3,NORMAL,NORMAL,NORMAL,NORMAL
3.4,NORMAL,NORMAL,NORMAL,NORMAL
3.5,NORMAL,NORMAL,NORMAL,NORMAL
3.6,NORMAL,NORMAL,NORMAL,NORMAL
3.7,NORMAL,NORMAL,NORMAL,NORMAL
3.8,NORMAL,NORMAL,NORMAL,NORMAL
3.9,NORMAL,NORMAL,NORMAL,NORMAL
4.0,NORMAL,NORMAL,NORMAL,NORMAL
4.1,NORMAL,NORMAL,NORMAL,NORMAL
4.2,NORMAL,NORMAL,NORMAL,NORMAL
4.3,NORMAL,NORMAL,NORMAL,NORMAL
4.4,NORMAL,NORMAL,NORMAL,NORMAL
4.5,NORMAL,NORMAL,NORMAL,NORMAL
4.6,NORMAL,NORMAL,NORMAL,NORMAL
4.7,NORMAL,NORMAL,NORMAL,NORMAL
4.8,NORMAL,NORMAL,NORMAL,NORMAL
4.9,NORMAL,NORMAL,NORMAL,NORMAL
5.0,NORMAL,NORMAL,NORMAL,NORMAL
5.1,NORMAL,NORMAL,NORMAL,NORMAL
5.2,NORMAL,NORMAL,NORMAL,NORMAL
5.3,NORMAL,NORMAL,NORMAL,NORMAL
5.4,NORMAL,NORMAL,NORMAL,NORMAL
5.5,NORMAL,NORMAL,NORMAL,NORMAL
5.6,NORMAL,NORMAL,NORMAL,NORMAL
5.7,NORMAL,NORMAL,NORMAL,NORMAL
5.8,NORMAL,NORMAL,NORMAL,NORMAL
5.9,NORMAL,NORMAL,NORMAL,NORMAL
6.0,NORMAL,NORMAL,NORMAL,NORMAL
6.1,NORMAL,NORMAL,NORMAL,NORMAL
6.2,NORMAL,NORMAL,NORMAL,NORMAL
6.3,NORMAL,NORMAL,NORMAL,NORMAL
6.4,NORMAL,NORMAL,NORMAL,NORMAL
6.5,NORMAL,NORMAL,NORMAL,NORMAL
6.6,NORMAL,NORMAL,NORMAL,NORMAL
6.7,NORMAL,NORMAL,NORMAL,NORMAL
6.8,NORMAL,NORMAL,NORMAL,NORMAL
6.9,NORMAL,NORMAL,NORMAL,NORMAL
7.0,NORMAL,NORMAL,NORMAL,NORMAL
7.1,NORMAL,NORMAL,NORMAL,NORMAL
7.2,NORMAL,NORMAL,NORMAL,NORMAL
7.3,NORMAL,NORMAL,NORMAL,NORMAL
7.4,NORMAL,NORMAL,NORMAL,NORMAL
7.5,NORMAL,NORMAL,NORMAL,NORMAL
7.6,NORMAL,NORMAL,NORMAL,NORMAL
7.7,NORMAL,NORMAL,NORMAL,NORMAL
7.8,NORMAL,NORMAL,NORMAL,NORMAL
7.9,NORMAL,NORMAL,NORMAL,NORMAL
8.0,NORMAL,NORMAL,NORMAL,NORMAL
8.1,NORMAL,NORMAL,NORMAL,NORMAL
8.2,NORMAL,NORMAL,NORMAL,NORMAL
8.3,NORMAL,NORMAL,NORMAL,NORMAL
8.4,NORMAL,NORMAL,NORMAL,NORMAL
8.5,NORMAL,NORMAL,NORMAL,NORMAL
8.6,NORMAL,NORMAL,NORMAL,NORMAL
8.7,NORMAL,NORMAL,NORMAL,NORMAL
8.8,NORMAL,NORMAL,NORMAL,NORMAL
8.9,NORMAL,NORMAL,NORMAL,NORMAL
9.0,NORMAL,NORMAL,NORMAL,NORMAL
9.1,NORMAL,NORMAL,NORMAL,NORMAL
9.2,NORMAL,NORMAL,NORMAL,NORMAL
9.3,NORMAL,NORMAL,NORMAL,NORMAL
9.4,NORMAL,NORMAL,NORMAL,NORMAL
9.5,NORMAL,NORMAL,NORMAL,NORMAL
9.6,NORMAL,NORMAL,NORMAL,NORMAL
9.7,NORMAL,NORMAL,NORMAL,NORMAL
9.8,NORMAL,NORMAL,NORMAL,NORMAL
9.9,NORMAL,NORMAL,NORMAL,NORMAL
10.0,NORMAL,NORMAL,NORMAL,NORMAL
10.1,NORMAL,NORMAL,NORMAL,NORMAL
10.2,NORMAL,NORMAL,NORMAL,NORMAL
10.3,NORMAL,NORMAL,NORMAL,NORMAL
10.4,NORMAL,NORMAL,NORMAL,NORMAL
10.5,NORMAL,NORMAL,NORMAL,NORMAL
10.6,NORMAL,NORMAL,NORMAL,NORMAL
10.7,NORMAL,NORMAL,NORMAL,NORMAL
10.8,NORMAL,NORMAL,NORMAL,NORMAL
10.9,NORMAL,NORMAL,NORMAL,NORMAL
11.0,NORMAL,NORMAL,NORMAL,NORMAL
11.1,NORMAL,NORMAL,NORMAL,NORMAL
11.2,NORMAL,NORMAL,NORMAL,NORMAL
11.3,NORMAL,NORMAL,NORMAL,NORMAL
11.4,NORMAL,NORMAL,NORMAL,NORMAL
11.5,NORMAL,NORMAL,NORMAL,NORMAL
11.6,NORMAL,NORMAL,NORMAL,NORMAL
11.7,NORMAL,NORMAL,NORMAL,NORMAL
11.8,NORMAL,NORMAL,NORMAL,NORMAL
11.9,NORMAL,NORMAL,NORMAL,NORMAL
12.0,NORMAL,NORMAL,NORMAL,NORMAL
12.1,NORMAL,NORMAL,NORMAL,NORMAL
12.2,NORMAL,NORMAL,NORMAL,NORMAL
12.3,NORMAL,NORMAL,NORMAL,NORMAL
12.4,NORMAL,NORMAL,NORMAL,NORMAL
12.5,NORMAL,NORMAL,NORMAL,NORMAL
12.6,NORMAL,NORMAL,NORMAL,NORMAL
12.7,NORMAL,NORMAL,NORMAL,NORMAL
12.8,NORMAL,NORMAL,NORMAL,NORMAL
12.9,NORMAL,NORMAL,NORMAL,NORMAL
13.0,NORMAL,NORMAL,NORMAL,NORMAL
13.1,NORMAL,NORMAL,NORMAL,NORMAL
13.2,NORMAL,NORMAL,NORMAL,NORMAL
13.3,NORMAL,NORMAL,NORMAL,NORMAL
13.4,NORMAL,NORMAL,NORMAL,NORMAL
13.5,NORMAL,NORMAL,NORMAL,NORMAL
13.6,NORMAL,NORMAL,NORMAL,NORMAL
13.7,NORMAL,NORMAL,NORMAL,NORMAL
13.8,NORMAL,NORMAL,NORMAL,NORMAL
13.9,NORMAL,NORMAL,NORMAL,NORMAL
14.0,NORMAL,NORMAL,NORMAL,NORMAL
14.1,NORMAL,NORMAL,NORMAL,NORMAL
14.2,NORMAL,NORMAL,NORMAL,NORMAL
14.3,NORMAL,NORMAL,NORMAL,NORMAL
14.4,NORMAL,NORMAL,NORMAL,NORMAL
14.5,NORMAL,NORMAL,NORMAL,NORMAL
14.6,NORMAL,NORMAL,NORMAL,NORMAL
14.7,NORMAL,NORMAL,NORMAL,NORMAL
14.8,NORMAL,NORMAL,NORMAL,NORMAL
14.9,NORMAL,NORMAL,NORMAL,NORMAL
15.0,NORMAL,NORMAL,NORMAL,NORMAL
15.1,NORMAL,NORMAL,NORMAL,NORMAL
15.2,NORMAL,NORMAL,NORMAL,NORMAL
15.3,NORMAL,NORMAL,NORMAL,NORMAL
15.4,NORMAL,NORMAL,NORMAL,NORMAL
15.5,NORMAL,NORMAL,NORMAL,NORMAL
15.6,NORMAL,NORMAL,NORMAL,NORMAL
15.7,NORMAL,NORMAL,NORMAL,NORMAL
15.8,NORMAL,NORMAL,NORMAL,NORMAL
15.9,NORMAL,NORMAL,NORMAL,NORMAL
16.0,NORMAL,NORMAL,NORMAL,NORMAL
16.1,NORMAL,NORMAL,NORMAL,NORMAL
16.2,NORMAL,NORMAL,NORMAL,NORMAL
16.3,NORMAL,NORMAL,NORMAL,NORMAL
16.4,NORMAL,NORMAL,NORMAL,NORMAL
16.5,NORMAL,NORMAL,NORMAL,NORMAL
16.6,NORMAL,NORMAL,NORMAL,NORMAL
16.7,NORMAL,NORMAL,NORMAL,NORMAL
16.8,NORMAL,NORMAL,NORMAL,NORMAL
16.9,NORMAL,NORMAL,NORMAL,NORMAL
17.0,NORMAL,NORMAL,NORMAL,NORMAL
17.1,NORMAL,NORMAL,NORMAL,NORMAL
17.2,NORMAL,NORMAL,NORMAL,NORMAL
17.3,NORMAL,NORMAL,NORMAL,NORMAL
17.4,NORMAL,NORMAL,NORMAL,NORMAL
17.5,NORMAL,NORMAL,NORMAL,NORMAL
17.6,NORMAL,NORMAL,NORMAL,NORMAL
17.7,NORMAL,NORMAL,NORMAL,NORMAL
17.8,NORMAL,NORMAL,NORMAL,NORMAL
17.9,NORMAL,NORMAL,NORMAL,NORMAL
18.0,NORMAL,NORMAL,NORMAL,NORMAL
18.1,NORMAL,NORMAL,NORMAL,NORMAL
18.2,NORMAL,NORMAL,NORMAL,NORMAL
18.3,NORMAL,NORMAL,NORMAL,NORMAL
18.4,NORMAL,NORMAL,NORMAL,NORMAL
18.5,NORMAL,NORMAL,NORMAL,NORMAL
18.6,NORMAL,NORMAL,NORMAL,NORMAL
18.7,NORMAL,NORMAL,NORMAL,NORMAL
18.8,NORMAL,NORMAL,NORMAL,NORMAL
18.9,NORMAL,NORMAL,NORMAL,NORMAL
19.0,NORMAL,NORMAL,NORMAL,NORMAL
19.1,NORMAL,NORMAL,NORMAL,NORMAL
19.2,NORMAL,NORMAL,NORMAL,NORMAL
19.3,NORMAL,NORMAL,NORMAL,NORMAL
19.4,NORMAL,NORMAL,NORMAL,NORMAL
19.5,NORMAL,NORMAL,NORMAL,NORMAL
19.6,NORMAL,NORMAL,NORMAL,NORMAL
19.7,NORMAL,NORMAL,NORMAL,NORMAL
19.8,NORMAL,NORMAL,NORMAL,NORMAL
19.9,NORMAL,NORMAL,NORMAL,NORMAL
20.0,NORMAL,NORMAL,NORMAL,NORMAL
20.1,NORMAL,NORMAL,NORMAL,NORMAL
20.2,NORMAL,NORMAL,NORMAL,NORMAL
20.3,NORMAL,NORMAL,NORMAL,NORMAL
20.4,NORMAL,NORMAL,NORMAL,NORMAL
20.5,NORMAL,NORMAL,NORMAL,NORMAL
20.6,NORMAL,NORMAL,NORMAL,NORMAL
20.7,NORMAL,NORMAL,NORMAL,NORMAL
20.8,NORMAL,NORMAL,NORMAL,NORMAL
20.9,NORMAL,NORMAL,NORMAL,NORMAL
21.0,NORMAL,NORMAL,NORMAL,NORMAL
21.1,NORMAL,NORMAL,NORMAL,NORMAL
21.2,NORMAL,NORMAL,NORMAL,NORMAL
21.3,NORMAL,NORMAL,NORMAL,NORMAL
21.4,NORMAL,NORMAL,NORMAL,NORMAL
21.5,NORMAL,NORMAL,NORMAL,NORMAL
21.6,NORMAL,NORMAL,NORMAL,NORMAL
21.7,NORMAL,NORMAL,NORMAL,NORMAL
21.8,NORMAL,NORMAL,NORMAL,NORMAL
21.9,NORMAL,NORMAL,NORMAL,NORMAL
22.0,NORMAL,NORMAL,NORMAL,NORMAL
22.1,NORMAL,NORMAL,NORMAL,NORMAL
22.2,NORMAL,NORMAL,NORMAL,NORMAL
22.3,NORMAL,NORMAL,NORMAL,NORMAL
22.4,NORMAL,NORMAL,NORMAL,NORMAL
22.5,NORMAL,NORMAL,NORMAL,NORMAL
22.6,NORMAL,NORMAL,NORMAL,NORMAL
22.7,NORMAL,NORMAL,NORMAL,NORMAL
22.8,NORMAL,NORMAL,NORMAL,NORMAL
22.9,NORMAL,NORMAL,NORMAL,NORMAL
23.0,NORMAL,NORMAL,NORMAL,NORMAL
23.1,NORMAL,NORMAL,NORMAL,NORMAL
23.2,NORMAL,NORMAL,NORMAL,NORMAL
23.3,NORMAL,NORMAL,NORMAL,NORMAL
23.4,NORMAL,NORMAL,NORMAL,NORMAL
23.5,NORMAL,NORMAL,NORMAL,NORMAL
23.6,NORMAL,NORMAL,NORMAL,NORMAL
23.7,NORMAL,NORMAL,NORMAL,NORMAL
23.8,NORMAL,NORMAL,NORMAL,NORMAL
23.9,NORMAL,NORMAL,NORMAL,NORMAL
24.0,NORMAL,NORMAL,NORMAL,NORMAL
24.1,NORMAL,NORMAL,NORMAL,NORMAL
24.2,NORMAL,NORMAL,NORMAL,NORMAL
24.3,NORMAL,NORMAL,NORMAL,NORMAL
24.4,NORMAL,NORMAL,NORMAL,NORMAL
24.5,NORMAL,NORMAL,NORMAL,NORMAL
24.6,NORMAL,NORMAL,NORMAL,NORMAL
24.7,NORMAL,NORMAL,NORMAL,NORMAL
24.8,NORMAL,NORMAL,NORMAL,NORMAL
24.9,NORMAL,NORMAL,NORMAL,NORMAL
25.0,NORMAL,NORMAL,NORMAL,NORMAL
25.1,NORMAL,NORMAL,NORMAL,NORMAL
25.2,NORMAL,NORMAL,NORMAL,NORMAL
25.3,NORMAL,NORMAL,NORMAL,NORMAL
25.4,NORMAL,NORMAL,NORMAL,NORMAL
25.5,NORMAL,NORMAL,NORMAL,NORMAL
25.6,NORMAL,NORMAL,NORMAL,NORMAL
25.7,NORMAL,NORMAL,NORMAL,NORMAL
25.8,NORMAL,NORMAL,NORMAL,NORMAL
25.9,NORMAL,NORMAL,NORMAL,NORMAL
26.0,NORMAL,NORMAL,NORMAL,NORMAL
26.1,NORMAL,NORMAL,NORMAL,NORMAL
26.2,NORMAL,NORMAL,NORMAL,NORMAL
26.3,NORMAL,NORMAL,NORMAL,NORMAL
26.4,NORMAL,NORMAL,NORMAL,NORMAL
26.5,NORMAL,NORMAL,NORMAL,NORMAL
26.6,NORMAL,NORMAL,NORMAL,NORMAL
26.7,NORMAL,NORMAL,NORMAL,NORMAL
26.8,NORMAL,NORMAL,NORMAL,NORMAL
26.9,NORMAL,NORMAL,NORMAL,NORMAL
27.0,NORMAL,NORMAL,NORMAL,NORMAL
27.1,NORMAL,NORMAL,NORMAL,NORMAL
27.2,NORMAL,NORMAL,NORMAL,NORMAL
27.3,NORMAL,NORMAL,NORMAL,NORMAL
27.4,NORMAL,NORMAL,NORMAL,NORMAL
27.5,NORMAL,NORMAL,NORMAL,NORMAL
27.6,NORMAL,NORMAL,NORMAL,NORMAL
27.7,NORMAL,NORMAL,NORMAL,NORMAL
27.8,NORMAL,NORMAL,NORMAL,NORMAL
27.9,NORMAL,NORMAL,NORMAL,NORMAL
28.0,NORMAL,NORMAL,NORMAL,NORMAL
28.1,NORMAL,NORMAL,NORMAL,NORMAL
28.2,NORMAL,NORMAL,NORMAL,NORMAL
28.3,NORMAL,NORMAL,NORMAL,NORMAL
28.4,NORMAL,NORMAL,NORMAL,NORMAL
28.5,NORMAL,NORMAL,NORMAL,NORMAL
28.6,NORMAL,NORMAL,NORMAL,NORMAL
28.7,NORMAL,NORMAL,NORMAL,NORMAL
28.8,NORMAL,NORMAL,NORMAL,NORMAL
28.9,NORMAL,NORMAL,NORMAL,NORMAL
29.0,NORMAL,NORMAL,NORMAL,NORMAL
29.1,NORMAL,NORMAL,NORMAL,NORMAL
29.2,NORMAL,NORMAL,NORMAL,NORMAL
29.3,NORMAL,NORMAL,NORMAL,NORMAL
29.4,NORMAL,NORMAL,NORMAL,NORMAL
29.5,NORMAL,NORMAL,NORMAL,NORMAL
29.6,NORMAL,NORMAL,NORMAL,NORMAL
29.7,NORMAL,NORMAL,NORMAL,NORMAL
29.8,NORMAL,NORMAL,NORMAL,NORMAL
29.9,NORMAL,NORMAL,NORMAL,NORMAL
30.0,NORMAL,NORMAL,NORMAL,NORMAL
30.1,NORMAL,NORMAL,NORMAL,NORMAL
30.2,NORMAL,NORMAL,NORMAL,NORMAL
30.3,NORMAL,NORMAL,NORMAL,NORMAL
30.4,NORMAL,NORMAL,NORMAL,NORMAL
30.5,NORMAL,NORMAL,NORMAL,NORMAL
30.6,NORMAL,NORMAL,NORMAL,NORMAL
30.7,NORMAL,NORMAL,NORMAL,NORMAL
30.8,NORMAL,NORMAL,NORMAL,NORMAL
30.9,NORMAL,NORMAL,NORMAL,NORMAL
31.0,NORMAL,NORMAL,NORMAL,NORMAL
31.1,NORMAL,NORMAL,NORMAL,NORMAL
31.2,NORMAL,NORMAL,NORMAL,NORMAL
31.3,NORMAL,NORMAL,NORMAL,NORMAL
31.4,NORMAL,NORMAL,NORMAL,NORMAL
31.5,NORMAL,NORMAL,NORMAL,NORMAL
31.6,NORMAL,NORMAL,NORMAL,NORMAL
31.7,NORMAL,NORMAL,NORMAL,NORMAL
31.8,NORMAL,NORMAL,NORMAL,NORMAL
31.9,NORMAL,NORMAL,NORMAL,NORMAL
32.0,NORMAL,NORMAL,NORMAL,NORMAL
32.1,NORMAL,NORMAL,NORMAL,NORMAL
32.2,NORMAL,NORMAL,NORMAL,NORMAL
32.3,NORMAL,NORMAL,NORMAL,NORMAL
32.4,NORMAL,NORMAL,NORMAL,NORMAL
32.5,NORMAL,NORMAL,NORMAL,NORMAL
32.6,NORMAL,NORMAL,NORMAL,NORMAL
32.7,NORMAL,NORMAL,NORMAL,NORMAL
32.8,NORMAL,NORMAL,NORMAL,NORMAL
32.9,NORMAL,NORMAL,NORMAL,NORMAL
33.0,NORMAL,NORMAL,NORMAL,NORMAL
33.1,NORMAL,NORMAL,NORMAL,NORMAL
33.2,NORMAL,NORMAL,NORMAL,NORMAL
33.3,NORMAL,NORMAL,NORMAL,NORMAL
33.4,NORMAL,NORMAL,NORMAL,NORMAL
33.5,NORMAL,NORMAL,NORMAL,NORMAL
33.6,NORMAL,NORMAL,NORMAL,NORMAL
33.7,NORMAL,NORMAL,NORMAL,NORMAL
33.8,NORMAL,NORMAL,NORMAL,NORMAL
33.9,NORMAL,NORMAL,NORMAL,NORMAL
34.0,NORMAL,NORMAL,NORMAL,NORMAL
34.1,NORMAL,NORMAL,NORMAL,NORMAL
34.2,NORMAL,NORMAL,NORMAL,NORMAL
34.3,NORMAL,NORMAL,NORMAL,NORMAL
34.4,NORMAL,NORMAL,NORMAL,NORMAL
34.5,NORMAL,NORMAL,NORMAL,NORMAL
34.6,NORMAL,NORMAL,NORMAL,NORMAL
34.7,NORMAL,NORMAL,NORMAL,NORMAL
34.8,NORMAL,NORMAL,NORMAL,NORMAL
34.9,NORMAL,NORMAL,NORMAL,NORMAL
35.0,NORMAL,NORMAL,NORMAL,NORMAL
35.1,NORMAL,NORMAL,NORMAL,NORMAL
35.2,NORMAL,NORMAL,NORMAL,NORMAL
35.3,NORMAL,NORMAL,NORMAL,NORMAL
35.4,NORMAL,NORMAL,NORMAL,NORMAL
35.5,NORMAL,NORMAL,NORMAL,NORMAL
35.6,NORMAL,NORMAL,NORMAL,NORMAL
35.7,NORMAL,NORMAL,NORMAL,NORMAL
35.8,NORMAL,NORMAL,NORMAL,NORMAL
35.9,NORMAL,NORMAL,NORMAL,NORMAL
36.0,NORMAL,NORMAL,NORMAL,NORMAL
36.1,NORMAL,NORMAL,NORMAL,NORMAL
36.2,NORMAL,NORMAL,NORMAL,NORMAL
36.3,NORMAL,NORMAL,NORMAL,NORMAL
36.4,NORMAL,NORMAL,NORMAL,NORMAL
36.5,NORMAL,NORMAL,NORMAL,NORMAL
36.6,NORMAL,NORMAL,NORMAL,NORMAL
36.7,NORMAL,NORMAL,NORMAL,NORMAL
36.8,NORMAL,NORMAL,NORMAL,NORMAL
36.9,NORMAL,NORMAL,NORMAL,NORMAL
37.0,NORMAL,NORMAL,NORMAL,NORMAL
37.1,NORMAL,NORMAL,NORMAL,NORMAL
37.2,NORMAL,NORMAL,NORMAL,NORMAL
37.3,NORMAL,NORMAL,NORMAL,NORMAL
37.4,NORMAL,NORMAL,NORMAL,NORMAL
37.5,NORMAL,NORMAL,NORMAL,NORMAL
37.6,NORMAL,NORMAL,NORMAL,NORMAL
37.7,NORMAL,NORMAL,NORMAL,NORMAL
37.8,NORMAL,NORMAL,NORMAL,NORMAL
37.9,NORMAL,NORMAL,NORMAL,NORMAL
38.0,NORMAL,NORMAL,NORMAL,NORMAL
38.1,NORMAL,NORMAL,NORMAL,NORMAL
38.2,NORMAL,NORMAL,NORMAL,NORMAL
38.3,NORMAL,NORMAL,NORMAL,NORMAL
38.4,NORMAL,NORMAL,NORMAL,NORMAL
38.5,NORMAL,NORMAL,NORMAL,NORMAL
38.6,NORMAL,NORMAL,NORMAL,NORMAL
38.7,NORMAL,NORMAL,NORMAL,NORMAL
38.8,NORMAL,NORMAL,NORMAL,NORMAL
38.9,NORMAL,NORMAL,NORMAL,NORMAL
39.0,NORMAL,NORMAL,NORMAL,NORMAL
39.1,NORMAL,NORMAL,NORMAL,NORMAL
39.2,NORMAL,NORMAL,NORMAL,NORMAL
39.3,NORMAL,NORMAL,NORMAL,NORMAL
39.4,NORMAL,NORMAL,NORMAL,NORMAL
39.5,NORMAL,NORMAL,NORMAL,NORMAL
39.6,NORMAL,NORMAL,NORMAL,NORMAL
39.7,NORMAL,NORMAL,NORMAL,NORMAL
39.8,NORMAL,NORMAL,NORMAL,NORMAL
39.9,NORMAL,NORMAL,NORMAL,NORMAL
40.0,NORMAL,NORMAL,NORMAL,NORMAL
40.1,NORMAL,NORMAL,NORMAL,NORMAL
40.2,NORMAL,NORMAL,NORMAL,NORMAL
40.3,NORMAL,NORMAL,NORMAL,NORMAL
40.4,NORMAL,NORMAL,NORMAL,NORMAL
40.5,NORMAL,NORMAL,NORMAL,NORMAL
40.6,NORMAL,NORMAL,NORMAL,NORMAL
40.7,NORMAL,NORMAL,NORMAL,NORMAL
40.8,NORMAL,NORMAL,NORMAL,NORMAL
40.9,NORMAL,NORMAL,NORMAL,NORMAL
41.0,NORMAL,NORMAL,NORMAL,NORMAL
41.1,NORMAL,NORMAL,NORMAL,NORMAL
41.2,NORMAL,NORMAL,NORMAL,NORMAL
41.3,NORMAL,NORMAL,NORMAL,NORMAL
41.4,NORMAL,NORMAL,NORMAL,NORMAL
41.5,NORMAL,NORMAL,NORMAL,NORMAL
41.6,NORMAL,NORMAL,NORMAL,NORMAL
41.7,NORMAL,NORMAL,NORMAL,NORMAL
41.8,NORMAL,NORMAL,NORMAL,NORMAL
41.9,NORMAL,NORMAL,NORMAL,NORMAL
42.0,NORMAL,NORMAL,NORMAL,NORMAL
42.1,NORMAL,NORMAL,NORMAL,NORMAL
42.2,NORMAL,NORMAL,NORMAL,NORMAL
42.3,NORMAL,NORMAL,NORMAL,NORMAL
42.4,NORMAL,NORMAL,NORMAL,NORMAL
42.5,NORMAL,NORMAL,NORMAL,NORMAL
42.6,NORMAL,NORMAL,NORMAL,NORMAL
42.7,NORMAL,NORMAL,NORMAL,NORMAL
42.8,NORMAL,NORMAL,NORMAL,NORMAL
42.9,NORMAL,NORMAL,NORMAL,NORMAL
43.0,NORMAL,NORMAL,NORMAL,NORMAL
43.1,NORMAL,NORMAL,NORMAL,NORMAL
43.2,NORMAL,NORMAL,NORMAL,NORMAL
43.3,NORMAL,NORMAL,NORMAL,NORMAL
43.4,NORMAL,NORMAL,NORMAL,NORMAL
43.5,NORMAL,NORMAL,NORMAL,NORMAL
43.6,NORMAL,NORMAL,NORMAL,NORMAL
43.7,NORMAL,NORMAL,NORMAL,NORMAL
43.8,NORMAL,NORMAL,NORMAL,NORMAL
43.9,NORMAL,NORMAL,NORMAL,NORMAL
44.0,NORMAL,NORMAL,NORMAL,NORMAL
44.1,NORMAL,NORMAL,NORMAL,NORMAL
44.2,NORMAL,NORMAL,NORMAL,NORMAL
44.3,NORMAL,NORMAL,NORMAL,NORMAL
44.4,NORMAL,NORMAL,NORMAL,NORMAL
44.5,NORMAL,NORMAL,NORMAL,NORMAL
44.6,NORMAL,NORMAL,NORMAL,NORMAL
44.7,NORMAL,NORMAL,NORMAL,NORMAL
44.8,NORMAL,NORMAL,NORMAL,NORMAL
44.9,NORMAL,NORMAL,NORMAL,NORMAL
45.0,NORMAL,NORMAL,NORMAL,NORMAL
45.1,NORMAL,NORMAL,NORMAL,NORMAL
45.2,NORMAL,NORMAL,NORMAL,NORMAL
45.3,NORMAL,NORMAL,NORMAL,NORMAL
45.4,NORMAL,NORMAL,NORMAL,NORMAL
45.5,NORMAL,NORMAL,NORMAL,NORMAL
45.6,NORMAL,NORMAL,NORMAL,NORMAL
45.7,NORMAL,NORMAL,NORMAL,NORMAL
45.8,NORMAL,NORMAL,NORMAL,NORMAL
45.9,NORMAL,NORMAL,NORMAL,NORMAL
46.0,NORMAL,NORMAL,NORMAL,NORMAL
46.1,NORMAL,NORMAL,NORMAL,NORMAL
46.2,NORMAL,NORMAL,NORMAL,NORMAL
46.3,NORMAL,NORMAL,NORMAL,NORMAL
46.4,NORMAL,NORMAL,NORMAL,NORMAL
46.5,NORMAL,NORMAL,NORMAL,NORMAL
46.6,NORMAL,NORMAL,NORMAL,NORMAL
46.7,NORMAL,NORMAL,NORMAL,NORMAL
46.8,NORMAL,NORMAL,NORMAL,NORMAL
46.9,NORMAL,NORMAL,NORMAL,NORMAL
47.0,NORMAL,NORMAL,NORMAL,NORMAL
47.1,NORMAL,NORMAL,NORMAL,NORMAL
47.2,NORMAL,NORMAL,NORMAL,NORMAL
47.3,NORMAL,NORMAL,NORMAL,NORMAL
47.4,NORMAL,NORMAL,NORMAL,NORMAL
47.5,NORMAL,NORMAL,NORMAL,NORMAL
47.6,NORMAL,NORMAL,NORMAL,NORMAL
47.7,NORMAL,NORMAL,NORMAL,NORMAL
47.8,NORMAL,NORMAL,NORMAL,NORMAL
47.9,NORMAL,NORMAL,NORMAL,NORMAL
48.0,NORMAL,NORMAL,NORMAL,NORMAL
48.1,NORMAL,NORMAL,NORMAL,NORMAL
48.2,NORMAL,NORMAL,NORMAL,NORMAL
48.3,NORMAL,NORMAL,NORMAL,NORMAL
48.4,NORMAL,NORMAL,NORMAL,NORMAL
48.5,NORMAL,NORMAL,NORMAL,NORMAL
48.6,NORMAL,NORMAL,NORMAL,NORMAL
48.7,NORMAL,NORMAL,NORMAL,NORMAL
48.8,NORMAL,NORMAL,NORMAL,NORMAL
48.9,NORMAL,NORMAL,NORMAL,NORMAL
49.0,NORMAL,NORMAL,NORMAL,NORMAL
49.1,NORMAL,NORMAL,NORMAL,NORMAL
49.2,NORMAL,NORMAL,NORMAL,NORMAL
49.3,NORMAL,NORMAL,NORMAL,NORMAL
49.4,NORMAL,NORMAL,NORMAL,NORMAL
49.5,NORMAL,NORMAL,NORMAL,NORMAL
49.6,NORMAL,NORMAL,NORMAL,NORMAL
49.7,NORMAL,NORMAL,NORMAL,NORMAL
49.8,NORMAL,NORMAL,NORMAL,NORMAL
49.9,NORMAL,NORMAL,NORMAL,NORMAL
50.0,NORMAL,NORMAL,NORMAL,NORMAL
50.1,NORMAL,NORMAL,NORMAL,NORMAL
50.2,NORMAL,NORMAL,NORMAL,NORMAL
50.3,NORMAL,NORMAL,NORMAL,NORMAL
50.4,NORMAL,NORMAL,NORMAL,NORMAL
50.5,NORMAL,NORMAL,NORMAL,NORMAL
50.6,NORMAL,NORMAL,NORMAL,NORMAL
50.7,NORMAL,NORMAL,NORMAL,NORMAL
50.8,NORMAL,NORMAL,NORMAL,NORMAL
50.9,NORMAL,NORMAL,NORMAL,NORMAL
51.0,NORMAL,NORMAL,NORMAL,NORMAL
51.1,NORMAL,NORMAL,NORMAL,NORMAL
51.2,NORMAL,NORMAL,NORMAL,NORMAL
51.3,NORMAL,NORMAL,NORMAL,NORMAL
51.4,NORMAL,NORMAL,NORMAL,NORMAL
51.5,NORMAL,NORMAL,NORMAL,NORMAL
51.6,NORMAL,NORMAL,NORMAL,NORMAL
51.7,NORMAL,NORMAL,NORMAL,NORMAL
51.8,NORMAL,NORMAL,NORMAL,NORMAL
51.9,NORMAL,NORMAL,NORMAL,NORMAL
52.0,NORMAL,NORMAL,NORMAL,NORMAL
52.1,NORMAL,NORMAL,NORMAL,NORMAL
52.2,NORMAL,NORMAL,NORMAL,NORMAL
52.3,NORMAL,NORMAL,NORMAL,NORMAL
52.4,NORMAL,NORMAL,NORMAL,NORMAL
52.5,NORMAL,NORMAL,NORMAL,NORMAL
52.6,NORMAL,NORMAL,NORMAL,NORMAL
52.7,NORMAL,NORMAL,NORMAL,NORMAL
52.8,NORMAL,NORMAL,NORMAL,NORMAL
52.9,NORMAL,NORMAL,NORMAL,NORMAL
53.0,NORMAL,NORMAL,NORMAL,NORMAL
53.1,NORMAL,NORMAL,NORMAL,NORMAL
53.2,NORMAL,NORMAL,NORMAL,NORMAL
53.3,NORMAL,NORMAL,NORMAL,NORMAL
53.4,NORMAL,NORMAL,NORMAL,NORMAL
53.5,NORMAL,NORMAL,NORMAL,NORMAL
53.6,NORMAL,NORMAL,NORMAL,NORMAL
53.7,NORMAL,NORMAL,NORMAL,NORMAL
53.8,NORMAL,NORMAL,NORMAL,NORMAL
53.9,NORMAL,NORMAL,NORMAL,NORMAL
54.0,NORMAL,NORMAL,NORMAL,NORMAL
54.1,NORMAL,NORMAL,NORMAL,NORMAL
54.2,NORMAL,NORMAL,NORMAL,NORMAL
54.3,NORMAL,NORMAL,NORMAL,NORMAL
54.4,NORMAL,NORMAL,NORMAL,NORMAL
54.5,NORMAL,NORMAL,NORMAL,NORMAL
54.6,NORMAL,NORMAL,NORMAL,NORMAL
54.7,NORMAL,NORMAL,NORMAL,NORMAL
54.8,NORMAL,NORMAL,NORMAL,NORMAL
54.9,NORMAL,NORMAL,NORMAL,NORMAL
55.0,NORMAL,NORMAL,NORMAL,NORMAL
55.1,NORMAL,NORMAL,NORMAL,NORMAL
55.2,NORMAL,NORMAL,NORMAL,NORMAL
55.3,NORMAL,NORMAL,NORMAL,NORMAL
55.4,NORMAL,NORMAL,NORMAL,NORMAL
55.5,NORMAL,NORMAL,NORMAL,NORMAL
55.6,NORMAL,NORMAL,NORMAL,NORMAL
55.7,NORMAL,NORMAL,NORMAL,NORMAL
55.8,NORMAL,NORMAL,NORMAL,NORMAL
55.9,NORMAL,NORMAL,NORMAL,NORMAL
56.0,NORMAL,NORMAL,NORMAL,NORMAL
56.1,NORMAL,NORMAL,NORMAL,NORMAL
56.2,NORMAL,NORMAL,NORMAL,NORMAL
56.3,NORMAL,NORMAL,NORMAL,NORMAL
56.4,NORMAL,NORMAL,NORMAL,NORMAL
56.5,NORMAL,NORMAL,NORMAL,NORMAL
56.6,NORMAL,NORMAL,NORMAL,NORMAL
56.7,NORMAL,NORMAL,NORMAL,NORMAL
56.8,NORMAL,NORMAL,NORMAL,NORMAL
56.9,NORMAL,NORMAL,NORMAL,NORMAL
57.0,NORMAL,NORMAL,NORMAL,NORMAL
57.1,NORMAL,NORMAL,NORMAL,NORMAL
57.2,NORMAL,NORMAL,NORMAL,NORMAL
57.3,NORMAL,NORMAL,NORMAL,NORMAL
57.4,NORMAL,NORMAL,NORMAL,NORMAL
57.5,NORMAL,NORMAL,NORMAL,NORMAL
57.6,NORMAL,NORMAL,NORMAL,NORMAL
57.7,NORMAL,NORMAL,NORMAL,NORMAL
57.8,NORMAL,NORMAL,NORMAL,NORMAL
57.9,NORMAL,NORMAL,NORMAL,NORMAL
58.0,NORMAL,NORMAL,NORMAL,NORMAL
58.1,NORMAL,NORMAL,NORMAL,NORMAL
58.2,NORMAL,NORMAL,NORMAL,NORMAL
58.3,NORMAL,NORMAL,NORMAL,NORMAL
58.4,NORMAL,NORMAL,NORMAL,NORMAL
58.5,NORMAL,NORMAL,NORMAL,NORMAL
58.6,NORMAL,NORMAL,NORMAL,NORMAL
58.7,NORMAL,NORMAL,NORMAL,NORMAL
58.8,NORMAL,NORMAL,NORMAL,NORMAL
58.9,NORMAL,NORMAL,NORMAL,NORMAL
59.0,NORMAL,NORMAL,NORMAL,NORMAL
59.1,NORMAL,NORMAL,NORMAL,NORMAL
59.2,NORMAL,NORMAL,NORMAL,NORMAL
59.3,NORMAL,NORMAL,NORMAL,NORMAL
59.4,NORMAL,NORMAL,NORMAL,NORMAL
59.5,NORMAL,NORMAL,NORMAL,NORMAL
59.6,NORMAL,NORMAL,NORMAL,NORMAL
59.7,NORMAL,NORMAL,NORMAL,NORMAL
59.8,NORMAL,NORMAL,NORMAL,NORMAL
59.9,NORMAL,NORMAL,NORMAL,NORMAL
60.0,NORMAL,NORMAL,NORMAL,NORMAL
60.1,NORMAL,NORMAL,NORMAL,NORMAL
60.2,NORMAL,NORMAL,NORMAL,NORMAL
60.3,NORMAL,NORMAL,NORMAL,NORMAL
60.4,NORMAL,NORMAL,NORMAL,NORMAL
60.5,NORMAL,NORMAL,NORMAL,NORMAL
60.6,NORMAL,NORMAL,NORMAL,NORMAL
60.7,NORMAL,NORMAL,NORMAL,NORMAL
60.8,NORMAL,NORMAL,NORMAL,NORMAL
60.9,NORMAL,NORMAL,NORMAL,NORMAL
61.0,NORMAL,NORMAL,NORMAL,NORMAL
61.1,NORMAL,NORMAL,NORMAL,NORMAL
61.2,NORMAL,NORMAL,NORMAL,NORMAL
61.3,NORMAL,NORMAL,NORMAL,NORMAL
61.4,NORMAL,NORMAL,NORMAL,NORMAL
61.5,NORMAL,NORMAL,NORMAL,NORMAL
61.6,NORMAL,NORMAL,NORMAL,NORMAL
61.7,NORMAL,NORMAL,NORMAL,NORMAL
61.8,NORMAL,NORMAL,NORMAL,NORMAL
61.9,NORMAL,NORMAL,NORMAL,NORMAL
62.0,NORMAL,NORMAL,NORMAL,NORMAL
62.1,NORMAL,NORMAL,NORMAL,NORMAL
62.2,NORMAL,NORMAL,NORMAL,NORMAL
62.3,NORMAL,NORMAL,NORMAL,NORMAL
62.4,NORMAL,NORMAL,NORMAL,NORMAL
62.5,NORMAL,NORMAL,NORMAL,NORMAL
62.6,NORMAL,NORMAL,NORMAL,NORMAL
62.7,NORMAL,NORMAL,NORMAL,NORMAL
62.8,NORMAL,NORMAL,NORMAL,NORMAL
62.9,NORMAL,NORMAL,NORMAL,NORMAL
63.0,NORMAL,NORMAL,NORMAL,NORMAL
63.1,NORMAL,WARNING,NORMAL,NORMAL
63.2,NORMAL,WARNING,WARNING,NORMAL
63.3,NORMAL,WARNING,WARNING,NORMAL
63.4,NORMAL,WARNING,WARNING,NORMAL
63.5,NORMAL,WARNING,WARNING,NORMAL
63.6,NORMAL,WARNING,WARNING,NORMAL
63.7,NORMAL,WARNING,WARNING,NORMAL
63.8,NORMAL,WARNING,WARNING,NORMAL
63.9,NORMAL,WARNING,WARNING,NORMAL
64.0,NORMAL,WARNING,WARNING,NORMAL
64.1,NORMAL,WARNING,WARNING,NORMAL
64.2,NORMAL,WARNING,WARNING,NORMAL
64.3,NORMAL,WARNING,WARNING,NORMAL
64.4,NORMAL,WARNING,WARNING,NORMAL
64.5,NORMAL,WARNING,WARNING,NORMAL
64.6,NORMAL,WARNING,WARNING,NORMAL
64.7,NORMAL,WARNING,WARNING,NORMAL
64.8,NORMAL,WARNING,WARNING,NORMAL
64.9,NORMAL,WARNING,WARNING,NORMAL
65.0,NORMAL,WARNING,WARNING,NORMAL
65.1,NORMAL,WARNING,WARNING,NORMAL
65.2,NORMAL,WARNING,WARNING,NORMAL
65.3,NORMAL,WARNING,WARNING,NORMAL
65.4,NORMAL,WARNING,WARNING,NORMAL
65.5,NORMAL,WARNING,WARNING,NORMAL
65.6,NORMAL,WARNING,WARNING,NORMAL
65.7,NORMAL,WARNING,WARNING,NORMAL
65.8,NORMAL,WARNING,WARNING,NORMAL
65.9,NORMAL,WARNING,WARNING,NORMAL
66.0,NORMAL,WARNING,WARNING,NORMAL
66.1,NORMAL,WARNING,WARNING,WARNING
66.2,NORMAL,WARNING,WARNING,WARNING
66.3,NORMAL,WARNING,WARNING,WARNING
66.4,NORMAL,WARNING,WARNING,WARNING
66.5,NORMAL,WARNING,WARNING,WARNING
66.6,NORMAL,WARNING,WARNING,WARNING
66.7,NORMAL,WARNING,WARNING,WARNING
66.8,NORMAL,WARNING,WARNING,WARNING
66.9,NORMAL,WARNING,WARNING,WARNING
67.0,NORMAL,WARNING,WARNING,WARNING
67.1,NORMAL,WARNING,WARNING,WARNING
67.2,NORMAL,WARNING,WARNING,WARNING
67.3,NORMAL,WARNING,WARNING,WARNING
67.4,NORMAL,WARNING,WARNING,WARNING
67.5,NORMAL,WARNING,WARNING,WARNING
67.6,NORMAL,WARNING,WARNING,WARNING
67.7,NORMAL,WARNING,WARNING,WARNING
67.8,NORMAL,WARNING,WARNING,WARNING
67.9,NORMAL,WARNING,WARNING,WARNING
68.0,NORMAL,WARNING,WARNING,WARNING
68.1,NORMAL,WARNING,WARNING,WARNING
68.2,NORMAL,WARNING,WARNING,WARNING
68.3,NORMAL,WARNING,WARNING,WARNING
68.4,NORMAL,WARNING,WARNING,WARNING
68.5,NORMAL,WARNING,WARNING,WARNING
68.6,NORMAL,WARNING,WARNING,WARNING
68.7,NORMAL,WARNING,WARNING,WARNING
68.8,NORMAL,WARNING,WARNING,WARNING
68.9,NORMAL,WARNING,WARNING,WARNING
69.0,NORMAL,WARNING,WARNING,WARNING
69.1,NORMAL,WARNING,WARNING,WARNING
69.2,NORMAL,WARNING,WARNING,WARNING
69.3,NORMAL,WARNING,WARNING,WARNING
69.4,NORMAL,WARNING,WARNING,WARNING
69.5,NORMAL,WARNING,WARNING,WARNING
69.6,NORMAL,WARNING,WARNING,WARNING
69.7,NORMAL,WARNING,WARNING,WARNING
69.8,NORMAL,WARNING,WARNING,WARNING
69.9,NORMAL,WARNING,WARNING,WARNING
70.0,NORMAL,WARNING,WARNING,WARNING
70.1,NORMAL,WARNING,WARNING,WARNING
70.2,NORMAL,WARNING,WARNING,WARNING
70.3,NORMAL,WARNING,WARNING,WARNING
70.4,NORMAL,WARNING,WARNING,WARNING
70.5,NORMAL,WARNING,WARNING,WARNING
70.6,NORMAL,WARNING,WARNING,WARNING
70.7,NORMAL,WARNING,WARNING,WARNING
70.8,NORMAL,WARNING,WARNING,WARNING
70.9,NORMAL,WARNING,WARNING,WARNING
71.0,NORMAL,WARNING,WARNING,WARNING
71.1,NORMAL,WARNING,WARNING,WARNING
71.2,NORMAL,WARNING,WARNING,WARNING
71.3,NORMAL,WARNING,WARNING,WARNING
71.4,NORMAL,WARNING,WARNING,WARNING
71.5,NORMAL,WARNING,WARNING,WARNING
71.6,NORMAL,WARNING,WARNING,WARNING
71.7,NORMAL,WARNING,WARNING,WARNING
71.8,NORMAL,WARNING,WARNING,WARNING
71.9,NORMAL,WARNING,WARNING,WARNING
72.0,NORMAL,WARNING,WARNING,WARNING
72.1,NORMAL,WARNING,WARNING,WARNING
72.2,NORMAL,WARNING,WARNING,WARNING
72.3,NORMAL,WARNING,WARNING,WARNING
72.4,NORMAL,WARNING,WARNING,WARNING
72.5,NORMAL,WARNING,WARNING,WARNING
72.6,NORMAL,WARNING,WARNING,WARNING
72.7,NORMAL,WARNING,WARNING,WARNING
72.8,NORMAL,WARNING,WARNING,WARNING
72.9,NORMAL,WARNING,WARNING,WARNING
73.0,NORMAL,WARNING,WARNING,WARNING
73.1,NORMAL,WARNING,WARNING,WARNING
73.2,NORMAL,WARNING,WARNING,WARNING
73.3,NORMAL,WARNING,WARNING,WARNING
73.4,NORMAL,WARNING,WARNING,WARNING
73.5,NORMAL,WARNING,WARNING,WARNING
73.6,NORMAL,WARNING,WARNING,WARNING
73.7,NORMAL,WARNING,WARNING,WARNING
73.8,NORMAL,WARNING,WARNING,WARNING
73.9,NORMAL,WARNING,WARNING,WARNING
74.0,NORMAL,WARNING,WARNING,WARNING
74.1,NORMAL,WARNING,WARNING,WARNING
74.2,NORMAL,WARNING,WARNING,WARNING
74.3,NORMAL,WARNING,WARNING,WARNING
74.4,NORMAL,WARNING,WARNING,WARNING
74.5,NORMAL,WARNING,WARNING,WARNING
74.6,NORMAL,WARNING,WARNING,WARNING
74.7,NORMAL,WARNING,WARNING,WARNING
74.8,NORMAL,WARNING,WARNING,WARNING
74.9,NORMAL,WARNING,WARNING,WARNING
75.0,NORMAL,WARNING,WARNING,WARNING
75.1,NORMAL,WARNING,WARNING,WARNING
75.2,NORMAL,WARNING,WARNING,WARNING
75.3,NORMAL,WARNING,WARNING,WARNING
75.4,NORMAL,WARNING,WARNING,WARNING
75.5,NORMAL,WARNING,WARNING,WARNING
75.6,NORMAL,WARNING,WARNING,WARNING
75.7,NORMAL,WARNING,WARNING,WARNING
75.8,NORMAL,WARNING,WARNING,WARNING
75.9,NORMAL,WARNING,WARNING,WARNING
76.0,NORMAL,WARNING,WARNING,WARNING
76.1,NORMAL,WARNING,WARNING,WARNING
76.2,NORMAL,WARNING,WARNING,WARNING
76.3,NORMAL,WARNING,WARNING,WARNING
76.4,NORMAL,WARNING,WARNING,WARNING
76.5,NORMAL,WARNING,WARNING,WARNING
76.6,NORMAL,WARNING,WARNING,WARNING
76.7,NORMAL,WARNING,WARNING,WARNING
76.8,NORMAL,WARNING,WARNING,WARNING
76.9,NORMAL,WARNING,WARNING,WARNING
77.0,NORMAL,WARNING,WARNING,WARNING
77.1,NORMAL,WARNING,WARNING,WARNING
77.2,NORMAL,WARNING,WARNING,WARNING
77.3,NORMAL,WARNING,WARNING,WARNING
77.4,NORMAL,WARNING,WARNING,WARNING
77.5,NORMAL,WARNING,WARNING,WARNING
77.6,NORMAL,WARNING,WARNING,WARNING
77.7,NORMAL,WARNING,WARNING,WARNING
77.8,NORMAL,WARNING,WARNING,WARNING
77.9,NORMAL,WARNING,WARNING,WARNING
78.0,NORMAL,WARNING,WARNING,WARNING
78.1,NORMAL,WARNING,WARNING,WARNING
78.2,NORMAL,WARNING,WARNING,WARNING
78.3,NORMAL,WARNING,WARNING,WARNING
78.4,NORMAL,WARNING,WARNING,WARNING
78.5,NORMAL,WARNING,WARNING,WARNING
78.6,NORMAL,WARNING,WARNING,WARNING
78.7,NORMAL,WARNING,WARNING,WARNING
78.8,NORMAL,WARNING,WARNING,WARNING
78.9,NORMAL,WARNING,WARNING,WARNING
79.0,NORMAL,WARNING,WARNING,WARNING
79.1,NORMAL,WARNING,WARNING,WARNING
79.2,NORMAL,WARNING,WARNING,WARNING
79.3,NORMAL,WARNING,WARNING,WARNING
79.4,NORMAL,WARNING,WARNING,WARNING
79.5,NORMAL,WARNING,WARNING,WARNING
79.6,NORMAL,WARNING,WARNING,WARNING
79.7,NORMAL,WARNING,WARNING,WARNING
79.8,NORMAL,WARNING,WARNING,WARNING
79.9,NORMAL,WARNING,WARNING,WARNING
80.0,NORMAL,WARNING,WARNING,WARNING
80.1,NORMAL,WARNING,WARNING,WARNING
80.2,NORMAL,WARNING,WARNING,WARNING
80.3,NORMAL,WARNING,WARNING,WARNING
80.4,NORMAL,WARNING,WARNING,WARNING
80.5,NORMAL,WARNING,WARNING,WARNING
80.6,NORMAL,WARNING,WARNING,WARNING
80.7,NORMAL,WARNING,WARNING,WARNING
80.8,NORMAL,WARNING,WARNING,WARNING
80.9,NORMAL,WARNING,WARNING,WARNING
81.0,NORMAL,WARNING,WARNING,WARNING
81.1,NORMAL,WARNING,WARNING,WARNING
81.2,NORMAL,WARNING,WARNING,WARNING
81.3,NORMAL,WARNING,WARNING,WARNING
81.4,NORMAL,WARNING,WARNING,WARNING
81.5,NORMAL,WARNING,WARNING,WARNING
81.6,NORMAL,WARNING,WARNING,WARNING
81.7,NORMAL,WARNING,WARNING,WARNING
81.8,NORMAL,WARNING,WARNING,WARNING
81.9,NORMAL,WARNING,WARNING,WARNING
82.0,NORMAL,WARNING,WARNING,WARNING
82.1,NORMAL,WARNING,WARNING,WARNING
82.2,NORMAL,WARNING,WARNING,WARNING
82.3,NORMAL,WARNING,WARNING,WARNING
82.4,NORMAL,WARNING,WARNING,WARNING
82.5,NORMAL,WARNING,WARNING,WARNING
82.6,NORMAL,WARNING,WARNING,WARNING
82.7,NORMAL,WARNING,WARNING,WARNING
82.8,NORMAL,WARNING,WARNING,WARNING
82.9,NORMAL,WARNING,NORMAL,WARNING
83.0,NORMAL,WARNING,NORMAL,WARNING
83.1,NORMAL,WARNING,NORMAL,WARNING
83.2,NORMAL,WARNING,NORMAL,WARNING
83.3,NORMAL,WARNING,NORMAL,WARNING
83.4,WARNING,WARNING,NORMAL,WARNING
83.5,WARNING,WARNING,NORMAL,WARNING
83.6,WARNING,WARNING,NORMAL,WARNING
83.7,WARNING,WARNING,NORMAL,WARNING
83.8,WARNING,WARNING,NORMAL,WARNING
83.9,WARNING,WARNING,NORMAL,WARNING
84.0,WARNING,WARNING,NORMAL,WARNING
84.1,WARNING,WARNING,NORMAL,WARNING
84.2,WARNING,WARNING,NORMAL,WARNING
84.3,WARNING,WARNING,NORMAL,WARNING
84.4,WARNING,WARNING,NORMAL,WARNING
84.5,WARNING,WARNING,NORMAL,WARNING
84.6,WARNING,WARNING,NORMAL,WARNING
84.7,WARNING,WARNING,NORMAL,WARNING
84.8,WARNING,WARNING,NORMAL,WARNING
84.9,WARNING,WARNING,NORMAL,WARNING
85.0,WARNING,WARNING,NORMAL,WARNING
85.1,WARNING,WARNING,NORMAL,WARNING
85.2,WARNING,WARNING,NORMAL,WARNING
85.3,WARNING,WARNING,NORMAL,WARNING
85.4,WARNING,WARNING,NORMAL,WARNING
85.5,WARNING,WARNING,NORMAL,WARNING
85.6,WARNING,WARNING,NORMAL,WARNING
85.7,WARNING,NORMAL,NORMAL,WARNING
85.8,WARNING,NORMAL,NORMAL,WARNING
85.9,WARNING,NORMAL,NORMAL,WARNING
86.0,WARNING,NORMAL,NORMAL,WARNING
86.1,WARNING,NORMAL,NORMAL,WARNING
86.2,WARNING,NORMAL,NORMAL,WARNING
86.3,WARNING,NORMAL,NORMAL,WARNING
86.4,WARNING,NORMAL,NORMAL,WARNING
86.5,WARNING,NORMAL,NORMAL,WARNING
86.6,WARNING,NORMAL,NORMAL,WARNING
86.7,WARNING,NORMAL,NORMAL,WARNING
86.8,WARNING,NORMAL,NORMAL,WARNING
86.9,WARNING,NORMAL,NORMAL,WARNING
87.0,WARNING,NORMAL,NORMAL,WARNING
87.1,WARNING,NORMAL,NORMAL,WARNING
87.2,WARNING,NORMAL,NORMAL,WARNING
87.3,WARNING,NORMAL,NORMAL,WARNING
87.4,WARNING,NORMAL,NORMAL,WARNING
87.5,WARNING,NORMAL,NORMAL,WARNING
87.6,WARNING,NORMAL,NORMAL,WARNING
87.7,WARNING,NORMAL,NORMAL,WARNING
87.8,WARNING,NORMAL,NORMAL,WARNING
87.9,WARNING,NORMAL,NORMAL,WARNING
88.0,WARNING,NORMAL,NORMAL,WARNING
88.1,WARNING,NORMAL,NORMAL,WARNING
88.2,WARNING,NORMAL,NORMAL,WARNING
88.3,WARNING,NORMAL,NORMAL,WARNING
88.4,WARNING,NORMAL,NORMAL,WARNING
88.5,WARNING,NORMAL,NORMAL,WARNING
88.6,WARNING,NORMAL,NORMAL,WARNING
88.7,WARNING,NORMAL,NORMAL,WARNING
88.8,WARNING,NORMAL,NORMAL,WARNING
88.9,WARNING,NORMAL,NORMAL,WARNING
89.0,WARNING,NORMAL,NORMAL,WARNING
89.1,WARNING,NORMAL,NORMAL,WARNING
89.2,WARNING,NORMAL,NORMAL,WARNING
89.3,WARNING,NORMAL,NORMAL,WARNING
89.4,WARNING,NORMAL,NORMAL,WARNING
89.5,WARNING,NORMAL,NORMAL,WARNING
89.6,WARNING,NORMAL,NORMAL,WARNING
89.7,WARNING,NORMAL,NORMAL,WARNING
89.8,WARNING,NORMAL,NORMAL,WARNING
89.9,WARNING,NORMAL,NORMAL,WARNING
90.0,WARNING,NORMAL,NORMAL,WARNING
90.1,WARNING,NORMAL,NORMAL,WARNING
90.2,WARNING,NORMAL,NORMAL,WARNING
90.3,WARNING,NORMAL,NORMAL,WARNING
90.4,WARNING,WARNING,NORMAL,WARNING
90.5,WARNING,WARNING,NORMAL,WARNING
90.6,WARNING,WARNING,NORMAL,WARNING
90.7,WARNING,WARNING,NORMAL,WARNING
90.8,WARNING,WARNING,NORMAL,WARNING
90.9,WARNING,WARNING,NORMAL,WARNING
91.0,WARNING,WARNING,NORMAL,WARNING
91.1,WARNING,WARNING,NORMAL,WARNING
91.2,WARNING,WARNING,NORMAL,WARNING
91.3,WARNING,WARNING,NORMAL,WARNING
91.4,WARNING,WARNING,NORMAL,WARNING
91.5,WARNING,WARNING,NORMAL,WARNING
91.6,WARNING,WARNING,NORMAL,WARNING
91.7,WARNING,WARNING,NORMAL,WARNING
91.8,WARNING,WARNING,NORMAL,WARNING
91.9,WARNING,NORMAL,NORMAL,WARNING
92.0,WARNING,NORMAL,NORMAL,WARNING
92.1,WARNING,NORMAL,NORMAL,WARNING
92.2,WARNING,NORMAL,NORMAL,WARNING
92.3,WARNING,NORMAL,NORMAL,WARNING
92.4,WARNING,NORMAL,NORMAL,WARNING
92.5,WARNING,NORMAL,NORMAL,WARNING
92.6,WARNING,NORMAL,NORMAL,WARNING
92.7,WARNING,NORMAL,NORMAL,WARNING
92.8,WARNING,NORMAL,NORMAL,WARNING
92.9,WARNING,NORMAL,NORMAL,WARNING
93.0,WARNING,NORMAL,NORMAL,WARNING
93.1,WARNING,NORMAL,NORMAL,WARNING
93.2,WARNING,NORMAL,NORMAL,WARNING
93.3,WARNING,NORMAL,NORMAL,WARNING
93.4,WARNING,NORMAL,NORMAL,WARNING
93.5,WARNING,NORMAL,NORMAL,WARNING
93.6,WARNING,NORMAL,NORMAL,WARNING
93.7,WARNING,NORMAL,NORMAL,WARNING
93.8,WARNING,NORMAL,NORMAL,WARNING
93.9,WARNING,NORMAL,NORMAL,WARNING
94.0,WARNING,NORMAL,NORMAL,WARNING
94.1,WARNING,NORMAL,NORMAL,WARNING
94.2,WARNING,NORMAL,NORMAL,WARNING
94.3,WARNING,NORMAL,NORMAL,WARNING
94.4,WARNING,NORMAL,NORMAL,WARNING
94.5,WARNING,NORMAL,NORMAL,WARNING
94.6,WARNING,NORMAL,NORMAL,WARNING
94.7,WARNING,NORMAL,NORMAL,WARNING
94.8,WARNING,NORMAL,NORMAL,WARNING
94.9,WARNING,NORMAL,NORMAL,NORMAL
95.0,WARNING,NORMAL,NORMAL,NORMAL
95.1,WARNING,NORMAL,NORMAL,NORMAL
95.2,WARNING,NORMAL,NORMAL,NORMAL
95.3,WARNING,WARNING,NORMAL,NORMAL
95.4,WARNING,WARNING,NORMAL,NORMAL
95.5,WARNING,WARNING,NORMAL,NORMAL
95.6,WARNING,WARNING,NORMAL,NORMAL
95.7,WARNING,WARNING,NORMAL,NORMAL
95.8,WARNING,WARNING,NORMAL,NORMAL
95.9,WARNING,WARNING,NORMAL,NORMAL
96.0,WARNING,WARNING,NORMAL,NORMAL
96.1,WARNING,WARNING,NORMAL,NORMAL
96.2,WARNING,WARNING,NORMAL,NORMAL
96.3,WARNING,WARNING,NORMAL,NORMAL
96.4,WARNING,WARNING,NORMAL,NORMAL
96.5,WARNING,WARNING,NORMAL,NORMAL
96.6,WARNING,WARNING,NORMAL,NORMAL
96.7,WARNING,WARNING,NORMAL,NORMAL
96.8,WARNING,WARNING,NORMAL,NORMAL
96.9,WARNING,WARNING,NORMAL,NORMAL
97.0,WARNING,WARNING,NORMAL,NORMAL
97.1,WARNING,WARNING,NORMAL,NORMAL
97.2,WARNING,WARNING,NORMAL,NORMAL
97.3,WARNING,WARNING,NORMAL,NORMAL
97.4,WARNING,WARNING,NORMAL,NORMAL
97.5,WARNING,WARNING,NORMAL,NORMAL
97.6,WARNING,WARNING,NORMAL,NORMAL
97.7,WARNING,WARNING,NORMAL,NORMAL
97.8,WARNING,WARNING,NORMAL,NORMAL
97.9,WARNING,WARNING,NORMAL,NORMAL
98.0,WARNING,WARNING,NORMAL,NORMAL
98.1,WARNING,WARNING,NORMAL,NORMAL
98.2,WARNING,WARNING,NORMAL,NORMAL
98.3,WARNING,WARNING,NORMAL,NORMAL
98.4,WARNING,WARNING,NORMAL,NORMAL
98.5,WARNING,WARNING,NORMAL,NORMAL
98.6,WARNING,WARNING,NORMAL,NORMAL
98.7,WARNING,WARNING,NORMAL,NORMAL
98.8,WARNING,WARNING,NORMAL,NORMAL
98.9,WARNING,WARNING,NORMAL,NORMAL
99.0,WARNING,WARNING,NORMAL,NORMAL
99.1,WARNING,WARNING,NORMAL,NORMAL
99.2,WARNING,WARNING,NORMAL,NORMAL
99.3,WARNING,WARNING,NORMAL,NORMAL
99.4,WARNING,WARNING,NORMAL,NORMAL
99.5,WARNING,WARNING,NORMAL,NORMAL
99.6,WARNING,WARNING,NORMAL,NORMAL
99.7,WARNING,WARNING,NORMAL,NORMAL
99.8,WARNING,WARNING,NORMAL,NORMAL
99.9,WARNING,WARNING,NORMAL,NORMAL
100.0,WARNING,WARNING,NORMAL,NORMAL
100.1,WARNING,WARNING,NORMAL,NORMAL
100.2,WARNING,WARNING,NORMAL,NORMAL
100.3,WARNING,WARNING,NORMAL,NORMAL
100.4,WARNING,WARNING,NORMAL,NORMAL
100.5,WARNING,WARNING,NORMAL,NORMAL
100.6,WARNING,WARNING,NORMAL,NORMAL
100.7,WARNING,WARNING,NORMAL,NORMAL
100.8,WARNING,WARNING,NORMAL,NORMAL
100.9,WARNING,WARNING,NORMAL,NORMAL
101.0,WARNING,WARNING,NORMAL,NORMAL
101.1,WARNING,WARNING,NORMAL,NORMAL
101.2,WARNING,WARNING,NORMAL,NORMAL
101.3,WARNING,WARNING,NORMAL,NORMAL
101.4,WARNING,WARNING,NORMAL,NORMAL
101.5,WARNING,WARNING,NORMAL,NORMAL
101.6,WARNING,WARNING,NORMAL,NORMAL
101.7,WARNING,WARNING,NORMAL,NORMAL
101.8,WARNING,WARNING,NORMAL,NORMAL
101.9,WARNING,WARNING,NORMAL,NORMAL
102.0,WARNING,WARNING,NORMAL,NORMAL
102.1,WARNING,WARNING,NORMAL,NORMAL
102.2,WARNING,WARNING,NORMAL,NORMAL
102.3,WARNING,WARNING,NORMAL,NORMAL
102.4,WARNING,WARNING,NORMAL,NORMAL
102.5,WARNING,WARNING,NORMAL,NORMAL
102.6,WARNING,WARNING,NORMAL,NORMAL
102.7,WARNING,WARNING,NORMAL,NORMAL
102.8,WARNING,WARNING,NORMAL,NORMAL
102.9,WARNING,WARNING,NORMAL,NORMAL
103.0,WARNING,WARNING,NORMAL,NORMAL
103.1,WARNING,WARNING,NORMAL,NORMAL
103.2,WARNING,WARNING,NORMAL,NORMAL
103.3,WARNING,WARNING,NORMAL,NORMAL
103.4,WARNING,WARNING,NORMAL,NORMAL
103.5,WARNING,WARNING,NORMAL,NORMAL
103.6,WARNING,WARNING,NORMAL,NORMAL
103.7,WARNING,WARNING,NORMAL,NORMAL
103.8,WARNING,WARNING,NORMAL,NORMAL
103.9,WARNING,WARNING,NORMAL,NORMAL
104.0,WARNING,WARNING,NORMAL,NORMAL
104.1,WARNING,WARNING,NORMAL,NORMAL
104.2,WARNING,WARNING,NORMAL,NORMAL
104.3,WARNING,WARNING,NORMAL,NORMAL
104.4,WARNING,WARNING,NORMAL,NORMAL
104.5,WARNING,WARNING,NORMAL,NORMAL
104.6,WARNING,WARNING,NORMAL,NORMAL
104.7,WARNING,WARNING,NORMAL,NORMAL
104.8,WARNING,WARNING,NORMAL,NORMAL
104.9,WARNING,WARNING,NORMAL,NORMAL
105.0,WARNING,WARNING,NORMAL,NORMAL
105.1,WARNING,WARNING,NORMAL,NORMAL
105.2,WARNING,WARNING,NORMAL,NORMAL
105.3,WARNING,WARNING,NORMAL,NORMAL
105.4,WARNING,WARNING,NORMAL,NORMAL
105.5,WARNING,WARNING,NORMAL,NORMAL
105.6,WARNING,WARNING,NORMAL,NORMAL
105.7,WARNING,WARNING,NORMAL,NORMAL
105.8,WARNING,WARNING,NORMAL,NORMAL
105.9,WARNING,WARNING,NORMAL,NORMAL
106.0,WARNING,WARNING,NORMAL,NORMAL
106.1,WARNING,WARNING,NORMAL,NORMAL
106.2,WARNING,WARNING,NORMAL,NORMAL
106.3,WARNING,WARNING,NORMAL,NORMAL
106.4,WARNING,WARNING,NORMAL,NORMAL
106.5,WARNING,WARNING,NORMAL,NORMAL
106.6,WARNING,WARNING,NORMAL,NORMAL
106.7,WARNING,WARNING,NORMAL,NORMAL
106.8,WARNING,WARNING,NORMAL,NORMAL
106.9,WARNING,WARNING,NORMAL,NORMAL
107.0,WARNING,WARNING,NORMAL,NORMAL
107.1,WARNING,WARNING,NORMAL,NORMAL
107.2,WARNING,WARNING,NORMAL,NORMAL
107.3,WARNING,WARNING,NORMAL,NORMAL
107.4,WARNING,WARNING,NORMAL,NORMAL
107.5,WARNING,WARNING,NORMAL,NORMAL
107.6,WARNING,WARNING,NORMAL,NORMAL
107.7,WARNING,WARNING,NORMAL,NORMAL
107.8,WARNING,WARNING,NORMAL,NORMAL
107.9,WARNING,WARNING,NORMAL,NORMAL
108.0,WARNING,WARNING,NORMAL,NORMAL
108.1,WARNING,WARNING,NORMAL,NORMAL
108.2,WARNING,WARNING,NORMAL,NORMAL
108.3,WARNING,WARNING,NORMAL,NORMAL
108.4,WARNING,WARNING,NORMAL,NORMAL
108.5,WARNING,WARNING,NORMAL,NORMAL
108.6,WARNING,WARNING,NORMAL,NORMAL
108.7,WARNING,WARNING,NORMAL,NORMAL
108.8,WARNING,WARNING,NORMAL,NORMAL
108.9,WARNING,WARNING,NORMAL,NORMAL
109.0,WARNING,WARNING,NORMAL,NORMAL
109.1,WARNING,WARNING,NORMAL,NORMAL
109.2,WARNING,WARNING,NORMAL,NORMAL
109.3,WARNING,WARNING,NORMAL,NORMAL
109.4,WARNING,WARNING,NORMAL,NORMAL
109.5,WARNING,WARNING,NORMAL,NORMAL
109.6,WARNING,WARNING,NORMAL,NORMAL
109.7,WARNING,WARNING,NORMAL,NORMAL
109.8,WARNING,WARNING,NORMAL,NORMAL
109.9,WARNING,WARNING,NORMAL,NORMAL
110.0,WARNING,WARNING,NORMAL,NORMAL
110.1,WARNING,WARNING,NORMAL,NORMAL
110.2,WARNING,WARNING,NORMAL,NORMAL
110.3,WARNING,WARNING,NORMAL,NORMAL
110.4,WARNING,WARNING,NORMAL,NORMAL
110.5,WARNING,WARNING,NORMAL,NORMAL
110.6,WARNING,WARNING,NORMAL,NORMAL
110.7,WARNING,WARNING,NORMAL,NORMAL
110.8,WARNING,WARNING,NORMAL,NORMAL
110.9,WARNING,WARNING,NORMAL,NORMAL
111.0,WARNING,WARNING,NORMAL,NORMAL
111.1,WARNING,WARNING,NORMAL,NORMAL
111.2,WARNING,WARNING,NORMAL,NORMAL
111.3,WARNING,WARNING,NORMAL,NORMAL
111.4,WARNING,WARNING,NORMAL,NORMAL
111.5,WARNING,WARNING,NORMAL,NORMAL
111.6,WARNING,WARNING,NORMAL,NORMAL
111.7,WARNING,WARNING,NORMAL,NORMAL
111.8,WARNING,WARNING,NORMAL,NORMAL
111.9,WARNING,WARNING,NORMAL,NORMAL
112.0,WARNING,WARNING,NORMAL,NORMAL
112.1,WARNING,WARNING,NORMAL,NORMAL
112.2,WARNING,WARNING,NORMAL,NORMAL
112.3,WARNING,WARNING,NORMAL,NORMAL
112.4,WARNING,WARNING,NORMAL,NORMAL
112.5,WARNING,WARNING,NORMAL,NORMAL
112.6,WARNING,WARNING,NORMAL,NORMAL
112.7,WARNING,WARNING,NORMAL,NORMAL
112.8,WARNING,WARNING,NORMAL,NORMAL
112.9,WARNING,WARNING,NORMAL,NORMAL
113.0,WARNING,WARNING,NORMAL,NORMAL
113.1,WARNING,WARNING,NORMAL,NORMAL
113.2,WARNING,WARNING,NORMAL,NORMAL
113.3,WARNING,WARNING,NORMAL,NORMAL
113.4,WARNING,WARNING,NORMAL,NORMAL
113.5,WARNING,WARNING,NORMAL,NORMAL
113.6,WARNING,WARNING,NORMAL,NORMAL
113.7,WARNING,WARNING,NORMAL,NORMAL
113.8,WARNING,WARNING,NORMAL,NORMAL
113.9,WARNING,WARNING,NORMAL,NORMAL
114.0,WARNING,WARNING,NORMAL,NORMAL
114.1,WARNING,WARNING,NORMAL,NORMAL
114.2,WARNING,WARNING,NORMAL,NORMAL
114.3,WARNING,WARNING,NORMAL,NORMAL
114.4,WARNING,WARNING,WARNING,NORMAL
114.5,WARNING,WARNING,WARNING,NORMAL
114.6,WARNING,WARNING,WARNING,NORMAL
114.7,WARNING,WARNING,WARNING,NORMAL
114.8,WARNING,WARNING,WARNING,NORMAL
114.9,WARNING,WARNING,WARNING,NORMAL
115.0,WARNING,WARNING,WARNING,NORMAL
115.1,WARNING,WARNING,WARNING,NORMAL
115.2,WARNING,WARNING,WARNING,NORMAL
115.3,WARNING,WARNING,WARNING,NORMAL
115.4,WARNING,WARNING,WARNING,NORMAL
115.5,WARNING,WARNING,WARNING,NORMAL
115.6,WARNING,WARNING,WARNING,NORMAL
115.7,WARNING,WARNING,WARNING,NORMAL
115.8,WARNING,WARNING,WARNING,NORMAL
115.9,WARNING,WARNING,WARNING,NORMAL
116.0,WARNING,WARNING,WARNING,NORMAL
116.1,WARNING,WARNING,WARNING,NORMAL
116.2,WARNING,WARNING,WARNING,NORMAL
116.3,WARNING,WARNING,WARNING,NORMAL
116.4,WARNING,WARNING,WARNING,NORMAL
116.5,WARNING,WARNING,WARNING,NORMAL
116.6,WARNING,WARNING,WARNING,NORMAL
116.7,WARNING,WARNING,WARNING,NORMAL
116.8,WARNING,WARNING,WARNING,NORMAL
116.9,WARNING,WARNING,WARNING,NORMAL
117.0,WARNING,WARNING,WARNING,NORMAL
117.1,WARNING,WARNING,WARNING,NORMAL
117.2,WARNING,WARNING,WARNING,NORMAL
117.3,WARNING,WARNING,WARNING,NORMAL
117.4,WARNING,WARNING,WARNING,NORMAL
117.5,WARNING,WARNING,WARNING,NORMAL
117.6,WARNING,WARNING,WARNING,NORMAL
117.7,WARNING,WARNING,WARNING,NORMAL
117.8,WARNING,WARNING,WARNING,NORMAL
117.9,WARNING,WARNING,WARNING,NORMAL
118.0,WARNING,WARNING,WARNING,NORMAL
118.1,WARNING,WARNING,WARNING,NORMAL
118.2,WARNING,WARNING,WARNING,NORMAL
118.3,WARNING,WARNING,WARNING,WARNING
118.4,WARNING,WARNING,WARNING,WARNING
118.5,WARNING,WARNING,WARNING,WARNING
118.6,WARNING,WARNING,WARNING,WARNING
118.7,WARNING,WARNING,WARNING,WARNING
118.8,WARNING,WARNING,WARNING,WARNING
118.9,WARNING,WARNING,WARNING,WARNING
119.0,WARNING,WARNING,WARNING,WARNING
119.1,WARNING,WARNING,WARNING,WARNING
119.2,WARNING,WARNING,WARNING,WARNING
119.3,WARNING,WARNING,WARNING,WARNING
119.4,WARNING,WARNING,WARNING,WARNING
119.5,WARNING,WARNING,WARNING,WARNING
119.6,WARNING,WARNING,WARNING,WARNING
119.7,WARNING,WARNING,WARNING,WARNING
119.8,WARNING,WARNING,WARNING,WARNING
119.9,WARNING,WARNING,WARNING,WARNING
120.0,WARNING,WARNING,WARNING,WARNING
120.1,WARNING,WARNING,WARNING,WARNING
120.2,WARNING,WARNING,WARNING,WARNING
120.3,WARNING,WARNING,WARNING,WARNING
120.4,WARNING,WARNING,WARNING,WARNING
120.5,WARNING,WARNING,WARNING,WARNING
120.6,WARNING,WARNING,WARNING,WARNING
120.7,WARNING,WARNING,WARNING,WARNING
120.8,WARNING,WARNING,WARNING,WARNING
120.9,WARNING,WARNING,WARNING,WARNING
121.0,WARNING,WARNING,WARNING,WARNING
121.1,WARNING,WARNING,WARNING,WARNING
121.2,WARNING,WARNING,WARNING,WARNING
121.3,WARNING,WARNING,WARNING,WARNING
121.4,WARNING,WARNING,WARNING,WARNING
121.5,WARNING,WARNING,WARNING,WARNING
121.6,WARNING,WARNING,WARNING,WARNING
121.7,WARNING,WARNING,WARNING,WARNING
121.8,WARNING,WARNING,WARNING,WARNING
121.9,WARNING,WARNING,WARNING,WARNING
122.0,WARNING,WARNING,WARNING,WARNING
122.1,WARNING,WARNING,WARNING,WARNING
122.2,WARNING,WARNING,WARNING,WARNING
122.3,WARNING,WARNING,WARNING,WARNING
122.4,WARNING,WARNING,WARNING,WARNING
122.5,WARNING,WARNING,WARNING,WARNING
122.6,WARNING,WARNING,WARNING,WARNING
122.7,WARNING,WARNING,WARNING,WARNING
122.8,WARNING,WARNING,WARNING,WARNING
122.9,WARNING,WARNING,WARNING,WARNING
123.0,WARNING,WARNING,WARNING,WARNING
123.1,WARNING,WARNING,WARNING,WARNING
123.2,WARNING,WARNING,WARNING,WARNING
123.3,WARNING,WARNING,WARNING,WARNING
123.4,WARNING,WARNING,WARNING,WARNING
123.5,WARNING,WARNING,WARNING,WARNING
123.6,WARNING,WARNING,WARNING,WARNING
123.7,WARNING,WARNING,WARNING,WARNING
123.8,WARNING,WARNING,WARNING,WARNING
123.9,WARNING,WARNING,WARNING,WARNING
124.0,WARNING,WARNING,WARNING,WARNING
124.1,WARNING,WARNING,WARNING,WARNING
124.2,WARNING,WARNING,WARNING,WARNING
124.3,WARNING,WARNING,WARNING,WARNING
124.4,WARNING,WARNING,WARNING,WARNING
124.5,WARNING,WARNING,WARNING,WARNING
124.6,WARNING,WARNING,WARNING,WARNING
124.7,WARNING,WARNING,WARNING,WARNING
124.8,WARNING,WARNING,WARNING,WARNING
124.9,WARNING,WARNING,WARNING,WARNING
125.0,WARNING,WARNING,WARNING,WARNING
125.1,WARNING,WARNING,WARNING,WARNING
125.2,WARNING,WARNING,WARNING,WARNING
125.3,WARNING,WARNING,WARNING,WARNING
125.4,WARNING,WARNING,WARNING,WARNING
125.5,WARNING,WARNING,WARNING,WARNING
125.6,WARNING,WARNING,WARNING,WARNING
125.7,WARNING,WARNING,WARNING,WARNING
125.8,WARNING,WARNING,WARNING,WARNING
125.9,WARNING,WARNING,WARNING,WARNING
126.0,WARNING,WARNING,WARNING,WARNING
126.1,WARNING,WARNING,WARNING,WARNING
126.2,WARNING,WARNING,WARNING,WARNING
126.3,WARNING,WARNING,WARNING,WARNING
126.4,WARNING,WARNING,WARNING,WARNING
126.5,WARNING,WARNING,WARNING,WARNING
126.6,WARNING,WARNING,WARNING,WARNING
126.7,WARNING,WARNING,WARNING,WARNING
126.8,WARNING,WARNING,WARNING,WARNING
126.9,WARNING,WARNING,WARNING,WARNING
127.0,WARNING,WARNING,WARNING,WARNING
127.1,WARNING,WARNING,WARNING,WARNING
127.2,WARNING,WARNING,WARNING,WARNING
127.3,WARNING,WARNING,WARNING,WARNING
127.4,WARNING,WARNING,WARNING,WARNING
127.5,WARNING,WARNING,WARNING,WARNING
127.6,WARNING,WARNING,WARNING,WARNING
127.7,WARNING,WARNING,WARNING,WARNING
127.8,WARNING,WARNING,WARNING,WARNING
127.9,WARNING,WARNING,WARNING,WARNING
128.0,WARNING,WARNING,WARNING,WARNING
128.1,WARNING,WARNING,WARNING,WARNING
128.2,WARNING,WARNING,WARNING,WARNING
128.3,WARNING,WARNING,WARNING,WARNING
128.4,WARNING,WARNING,WARNING,WARNING
128.5,WARNING,WARNING,WARNING,WARNING
128.6,WARNING,WARNING,WARNING,WARNING
128.7,WARNING,WARNING,WARNING,WARNING
128.8,WARNING,WARNING,WARNING,WARNING
128.9,WARNING,WARNING,WARNING,WARNING
129.0,WARNING,WARNING,WARNING,WARNING
129.1,WARNING,WARNING,WARNING,WARNING
129.2,WARNING,WARNING,WARNING,WARNING
129.3,WARNING,WARNING,WARNING,WARNING
129.4,WARNING,WARNING,WARNING,WARNING
129.5,WARNING,WARNING,WARNING,WARNING
129.6,WARNING,WARNING,WARNING,WARNING
129.7,WARNING,WARNING,WARNING,WARNING
129.8,WARNING,WARNING,WARNING,WARNING
129.9,WARNING,WARNING,WARNING,WARNING
130.0,WARNING,WARNING,WARNING,WARNING
130.1,WARNING,WARNING,WARNING,WARNING
130.2,WARNING,WARNING,WARNING,WARNING
130.3,WARNING,WARNING,WARNING,WARNING
130.4,WARNING,WARNING,WARNING,WARNING
130.5,WARNING,WARNING,WARNING,WARNING
130.6,WARNING,WARNING,WARNING,WARNING
130.7,WARNING,WARNING,WARNING,WARNING
130.8,WARNING,WARNING,WARNING,WARNING
130.9,WARNING,WARNING,WARNING,WARNING
131.0,WARNING,WARNING,WARNING,WARNING
131.1,WARNING,WARNING,WARNING,WARNING
131.2,WARNING,WARNING,WARNING,WARNING
131.3,WARNING,WARNING,WARNING,WARNING
131.4,WARNING,WARNING,WARNING,WARNING
131.5,WARNING,WARNING,WARNING,WARNING
131.6,WARNING,WARNING,WARNING,WARNING
131.7,WARNING,WARNING,WARNING,WARNING
131.8,WARNING,WARNING,WARNING,WARNING
131.9,WARNING,WARNING,WARNING,WARNING
132.0,WARNING,WARNING,WARNING,WARNING
132.1,WARNING,WARNING,WARNING,WARNING
132.2,WARNING,WARNING,WARNING,WARNING
132.3,WARNING,WARNING,WARNING,WARNING
132.4,WARNING,WARNING,WARNING,WARNING
132.5,WARNING,WARNING,WARNING,WARNING
132.6,WARNING,WARNING,WARNING,WARNING
132.7,WARNING,WARNING,WARNING,WARNING
132.8,WARNING,WARNING,WARNING,WARNING
132.9,WARNING,WARNING,WARNING,WARNING
133.0,WARNING,WARNING,WARNING,WARNING
133.1,WARNING,WARNING,WARNING,WARNING
133.2,WARNING,WARNING,WARNING,WARNING
133.3,WARNING,WARNING,WARNING,WARNING
133.4,WARNING,WARNING,WARNING,WARNING
133.5,WARNING,WARNING,WARNING,WARNING
133.6,WARNING,WARNING,WARNING,WARNING
133.7,WARNING,WARNING,WARNING,WARNING
133.8,WARNING,WARNING,WARNING,WARNING
133.9,WARNING,WARNING,WARNING,WARNING
134.0,WARNING,WARNING,WARNING,WARNING
134.1,WARNING,WARNING,WARNING,WARNING
134.2,WARNING,WARNING,WARNING,WARNING
134.3,WARNING,WARNING,WARNING,WARNING
134.4,WARNING,WARNING,WARNING,WARNING
134.5,WARNING,WARNING,WARNING,WARNING
134.6,WARNING,WARNING,WARNING,WARNING
134.7,WARNING,WARNING,WARNING,WARNING
134.8,WARNING,WARNING,WARNING,WARNING
134.9,WARNING,WARNING,WARNING,WARNING
135.0,WARNING,WARNING,WARNING,WARNING
135.1,WARNING,WARNING,WARNING,WARNING
135.2,WARNING,WARNING,WARNING,WARNING
135.3,WARNING,WARNING,WARNING,WARNING
135.4,WARNING,WARNING,WARNING,WARNING
135.5,WARNING,WARNING,WARNING,WARNING
135.6,WARNING,WARNING,WARNING,WARNING
135.7,WARNING,WARNING,WARNING,WARNING
135.8,WARNING,WARNING,WARNING,WARNING
135.9,WARNING,WARNING,WARNING,WARNING
136.0,WARNING,WARNING,WARNING,WARNING
136.1,WARNING,WARNING,WARNING,WARNING
136.2,WARNING,WARNING,WARNING,WARNING
136.3,WARNING,WARNING,WARNING,WARNING
136.4,WARNING,WARNING,WARNING,WARNING
136.5,WARNING,WARNING,WARNING,WARNING
136.6,WARNING,WARNING,WARNING,WARNING
136.7,WARNING,WARNING,WARNING,WARNING
136.8,WARNING,WARNING,WARNING,WARNING
136.9,WARNING,WARNING,WARNING,WARNING
137.0,WARNING,WARNING,WARNING,WARNING
137.1,WARNING,WARNING,WARNING,WARNING
137.2,WARNING,WARNING,WARNING,WARNING
137.3,WARNING,WARNING,WARNING,WARNING
137.4,WARNING,WARNING,WARNING,WARNING
137.5,WARNING,WARNING,WARNING,WARNING
137.6,WARNING,WARNING,WARNING,WARNING
137.7,WARNING,WARNING,WARNING,WARNING
137.8,WARNING,WARNING,WARNING,WARNING
137.9,WARNING,WARNING,WARNING,WARNING
138.0,WARNING,WARNING,WARNING,WARNING
138.1,WARNING,WARNING,WARNING,WARNING
138.2,WARNING,WARNING,WARNING,WARNING
138.3,WARNING,WARNING,WARNING,WARNING
138.4,WARNING,WARNING,WARNING,WARNING
138.5,WARNING,WARNING,WARNING,WARNING
138.6,WARNING,WARNING,WARNING,WARNING
138.7,WARNING,WARNING,WARNING,WARNING
138.8,WARNING,WARNING,WARNING,WARNING
138.9,WARNING,WARNING,WARNING,WARNING
139.0,WARNING,WARNING,WARNING,WARNING
139.1,WARNING,WARNING,WARNING,WARNING
139.2,WARNING,WARNING,WARNING,WARNING
139.3,WARNING,WARNING,WARNING,WARNING
139.4,WARNING,WARNING,WARNING,WARNING
139.5,WARNING,WARNING,WARNING,WARNING
139.6,WARNING,WARNING,WARNING,WARNING
139.7,WARNING,WARNING,WARNING,WARNING
139.8,WARNING,WARNING,WARNING,WARNING
139.9,WARNING,WARNING,WARNING,WARNING
140.0,WARNING,WARNING,WARNING,WARNING
140.1,WARNING,WARNING,WARNING,WARNING
140.2,WARNING,WARNING,WARNING,WARNING
140.3,WARNING,WARNING,WARNING,WARNING
140.4,WARNING,WARNING,WARNING,WARNING
140.5,WARNING,WARNING,WARNING,WARNING
140.6,WARNING,WARNING,WARNING,WARNING
140.7,WARNING,WARNING,WARNING,WARNING
140.8,WARNING,WARNING,WARNING,WARNING
140.9,WARNING,WARNING,WARNING,WARNING
141.0,WARNING,WARNING,WARNING,WARNING
141.1,WARNING,WARNING,WARNING,WARNING
141.2,WARNING,WARNING,WARNING,WARNING
141.3,WARNING,WARNING,WARNING,WARNING
141.4,WARNING,WARNING,WARNING,WARNING
141.5,WARNING,WARNING,WARNING,WARNING
141.6,WARNING,WARNING,WARNING,WARNING
141.7,WARNING,WARNING,WARNING,WARNING
141.8,WARNING,WARNING,WARNING,WARNING
141.9,WARNING,WARNING,WARNING,WARNING
142.0,WARNING,WARNING,WARNING,WARNING
142.1,WARNING,WARNING,WARNING,WARNING
142.2,WARNING,WARNING,WARNING,WARNING
142.3,WARNING,WARNING,WARNING,WARNING
142.4,WARNING,WARNING,WARNING,WARNING
142.5,WARNING,WARNING,WARNING,WARNING
142.6,WARNING,WARNING,WARNING,WARNING
142.7,WARNING,WARNING,WARNING,WARNING
142.8,WARNING,WARNING,WARNING,WARNING
142.9,WARNING,WARNING,WARNING,WARNING
143.0,WARNING,WARNING,WARNING,WARNING
143.1,WARNING,WARNING,WARNING,WARNING
143.2,WARNING,WARNING,WARNING,WARNING
143.3,WARNING,WARNING,WARNING,WARNING
143.4,WARNING,WARNING,WARNING,WARNING
143.5,WARNING,WARNING,WARNING,WARNING
143.6,WARNING,WARNING,WARNING,WARNING
143.7,WARNING,WARNING,WARNING,WARNING
143.8,WARNING,WARNING,WARNING,WARNING
143.9,WARNING,WARNING,WARNING,WARNING
144.0,WARNING,WARNING,WARNING,WARNING
144.1,WARNING,WARNING,WARNING,WARNING
144.2,WARNING,WARNING,WARNING,WARNING
144.3,WARNING,WARNING,WARNING,WARNING
144.4,WARNING,WARNING,WARNING,WARNING
144.5,WARNING,WARNING,WARNING,WARNING
144.6,WARNING,WARNING,WARNING,WARNING
144.7,WARNING,WARNING,WARNING,WARNING
144.8,WARNING,WARNING,WARNING,WARNING
144.9,WARNING,WARNING,WARNING,WARNING
145.0,WARNING,WARNING,WARNING,WARNING
145.1,WARNING,WARNING,WARNING,WARNING
145.2,WARNING,WARNING,WARNING,WARNING
145.3,WARNING,WARNING,WARNING,WARNING
145.4,WARNING,WARNING,WARNING,WARNING
145.5,WARNING,WARNING,WARNING,WARNING
145.6,WARNING,WARNING,WARNING,WARNING
145.7,WARNING,WARNING,WARNING,WARNING
145.8,WARNING,WARNING,WARNING,WARNING
145.9,WARNING,WARNING,WARNING,WARNING
146.0,WARNING,WARNING,WARNING,WARNING
146.1,WARNING,WARNING,WARNING,WARNING
146.2,WARNING,WARNING,WARNING,WARNING
146.3,WARNING,WARNING,WARNING,WARNING
146.4,WARNING,WARNING,WARNING,WARNING
146.5,WARNING,WARNING,WARNING,WARNING
146.6,WARNING,WARNING,WARNING,WARNING
146.7,WARNING,WARNING,WARNING,WARNING
146.8,WARNING,WARNING,WARNING,WARNING
146.9,WARNING,WARNING,WARNING,WARNING
147.0,WARNING,WARNING,WARNING,WARNING
147.1,WARNING,WARNING,WARNING,WARNING
147.2,WARNING,WARNING,WARNING,WARNING
147.3,WARNING,WARNING,WARNING,WARNING
147.4,WARNING,WARNING,WARNING,WARNING
147.5,WARNING,WARNING,WARNING,WARNING
147.6,WARNING,WARNING,WARNING,WARNING
147.7,WARNING,WARNING,WARNING,WARNING
147.8,WARNING,WARNING,WARNING,WARNING
147.9,WARNING,WARNING,WARNING,WARNING
148.0,WARNING,WARNING,WARNING,WARNING
148.1,WARNING,WARNING,WARNING,WARNING
148.2,WARNING,WARNING,WARNING,WARNING
148.3,WARNING,WARNING,WARNING,WARNING
148.4,WARNING,WARNING,WARNING,WARNING
148.5,WARNING,WARNING,WARNING,WARNING
148.6,WARNING,WARNING,WARNING,WARNING
148.7,WARNING,WARNING,WARNING,WARNING
148.8,WARNING,WARNING,WARNING,WARNING
148.9,WARNING,WARNING,WARNING,WARNING
149.0,WARNING,WARNING,WARNING,WARNING
149.1,WARNING,WARNING,WARNING,WARNING
149.2,WARNING,WARNING,WARNING,WARNING
149.3,WARNING,WARNING,WARNING,WARNING
149.4,WARNING,WARNING,WARNING,WARNING
149.5,WARNING,WARNING,WARNING,WARNING
149.6,WARNING,WARNING,WARNING,WARNING
149.7,WARNING,WARNING,WARNING,WARNING
149.8,WARNING,WARNING,WARNING,WARNING
149.9,WARNING,WARNING,WARNING,WARNING
150.0,WARNING,WARNING,WARNING,WARNING
150.1,WARNING,WARNING,WARNING,WARNING
150.2,WARNING,WARNING,WARNING,WARNING
150.3,WARNING,WARNING,WARNING,WARNING
150.4,WARNING,WARNING,WARNING,WARNING
150.5,WARNING,WARNING,WARNING,WARNING
150.6,WARNING,WARNING,WARNING,WARNING
150.7,WARNING,WARNING,WARNING,WARNING
150.8,WARNING,WARNING,WARNING,WARNING
150.9,WARNING,WARNING,WARNING,WARNING
151.0,WARNING,WARNING,WARNING,WARNING
151.1,WARNING,WARNING,WARNING,WARNING
151.2,WARNING,WARNING,WARNING,WARNING
151.3,WARNING,WARNING,WARNING,WARNING
151.4,WARNING,WARNING,WARNING,WARNING
151.5,WARNING,WARNING,WARNING,WARNING
151.6,WARNING,WARNING,WARNING,WARNING
151.7,WARNING,WARNING,WARNING,WARNING
151.8,WARNING,WARNING,WARNING,WARNING
151.9,WARNING,WARNING,WARNING,WARNING
152.0,WARNING,WARNING,WARNING,WARNING
152.1,WARNING,WARNING,WARNING,WARNING
152.2,WARNING,WARNING,WARNING,WARNING
152.3,WARNING,WARNING,WARNING,WARNING
152.4,WARNING,WARNING,WARNING,WARNING
152.5,WARNING,WARNING,WARNING,WARNING
152.6,WARNING,WARNING,WARNING,WARNING
152.7,WARNING,WARNING,WARNING,WARNING
152.8,WARNING,WARNING,WARNING,WARNING
152.9,WARNING,WARNING,WARNING,WARNING
153.0,WARNING,WARNING,WARNING,WARNING
153.1,WARNING,WARNING,WARNING,WARNING
153.2,WARNING,WARNING,WARNING,WARNING
153.3,WARNING,WARNING,WARNING,WARNING
153.4,WARNING,WARNING,WARNING,WARNING
153.5,WARNING,WARNING,WARNING,WARNING
153.6,WARNING,WARNING,WARNING,WARNING
153.7,WARNING,WARNING,WARNING,WARNING
153.8,WARNING,WARNING,WARNING,WARNING
153.9,WARNING,WARNING,WARNING,WARNING
154.0,WARNING,WARNING,WARNING,WARNING
154.1,WARNING,WARNING,WARNING,WARNING
154.2,WARNING,WARNING,WARNING,WARNING
154.3,WARNING,WARNING,WARNING,WARNING
154.4,WARNING,WARNING,WARNING,WARNING
154.5,WARNING,WARNING,WARNING,WARNING
154.6,WARNING,WARNING,WARNING,WARNING
154.7,WARNING,WARNING,WARNING,WARNING
154.8,WARNING,WARNING,WARNING,WARNING
154.9,WARNING,WARNING,WARNING,WARNING
155.0,WARNING,WARNING,WARNING,WARNING
155.1,WARNING,WARNING,WARNING,WARNING
155.2,WARNING,WARNING,WARNING,WARNING
155.3,WARNING,WARNING,WARNING,WARNING
155.4,WARNING,WARNING,WARNING,WARNING
155.5,WARNING,WARNING,WARNING,WARNING
155.6,WARNING,WARNING,WARNING,WARNING
155.7,WARNING,WARNING,WARNING,WARNING
155.8,WARNING,WARNING,WARNING,WARNING
155.9,WARNING,WARNING,WARNING,WARNING
156.0,WARNING,WARNING,WARNING,WARNING
156.1,WARNING,WARNING,WARNING,WARNING
156.2,WARNING,WARNING,WARNING,WARNING
156.3,WARNING,WARNING,WARNING,WARNING
156.4,WARNING,WARNING,WARNING,WARNING
156.5,WARNING,WARNING,WARNING,WARNING
156.6,WARNING,WARNING,WARNING,WARNING
156.7,WARNING,WARNING,WARNING,WARNING
156.8,WARNING,WARNING,WARNING,WARNING
156.9,WARNING,WARNING,WARNING,WARNING
157.0,WARNING,WARNING,WARNING,WARNING
157.1,WARNING,WARNING,WARNING,WARNING
157.2,WARNING,WARNING,WARNING,WARNING
157.3,WARNING,WARNING,WARNING,WARNING
157.4,WARNING,WARNING,WARNING,WARNING
157.5,WARNING,WARNING,WARNING,WARNING
157.6,WARNING,WARNING,WARNING,WARNING
157.7,WARNING,WARNING,WARNING,WARNING
157.8,WARNING,WARNING,WARNING,WARNING
157.9,WARNING,WARNING,WARNING,WARNING
158.0,WARNING,WARNING,WARNING,WARNING
158.1,WARNING,WARNING,WARNING,WARNING
158.2,WARNING,WARNING,WARNING,WARNING
158.3,WARNING,WARNING,WARNING,WARNING
158.4,WARNING,WARNING,WARNING,WARNING
158.5,WARNING,WARNING,WARNING,WARNING
158.6,WARNING,WARNING,WARNING,WARNING
158.7,WARNING,WARNING,WARNING,WARNING
158.8,WARNING,WARNING,WARNING,WARNING
158.9,WARNING,WARNING,WARNING,WARNING
159.0,WARNING,WARNING,WARNING,WARNING
159.1,WARNING,WARNING,WARNING,WARNING
159.2,WARNING,WARNING,WARNING,WARNING
159.3,WARNING,WARNING,WARNING,WARNING
159.4,WARNING,WARNING,WARNING,WARNING
159.5,WARNING,WARNING,WARNING,WARNING
159.6,WARNING,WARNING,WARNING,WARNING
159.7,WARNING,WARNING,WARNING,WARNING
159.8,WARNING,WARNING,WARNING,WARNING
159.9,WARNING,WARNING,WARNING,WARNING
160.0,WARNING,WARNING,WARNING,WARNING
160.1,WARNING,WARNING,WARNING,WARNING
160.2,WARNING,WARNING,WARNING,WARNING
160.3,WARNING,WARNING,WARNING,WARNING
160.4,WARNING,WARNING,WARNING,WARNING
160.5,WARNING,WARNING,WARNING,WARNING
160.6,WARNING,WARNING,WARNING,WARNING
160.7,WARNING,WARNING,WARNING,WARNING
160.8,WARNING,WARNING,WARNING,WARNING
160.9,WARNING,WARNING,WARNING,WARNING
161.0,WARNING,WARNING,WARNING,WARNING
161.1,WARNING,WARNING,WARNING,WARNING
161.2,WARNING,WARNING,WARNING,WARNING
161.3,WARNING,WARNING,WARNING,WARNING
161.4,WARNING,WARNING,WARNING,WARNING
161.5,WARNING,WARNING,WARNING,WARNING
161.6,WARNING,WARNING,WARNING,WARNING
161.7,NORMAL,WARNING,WARNING,WARNING
161.8,NORMAL,WARNING,WARNING,WARNING
161.9,NORMAL,WARNING,WARNING,WARNING
162.0,NORMAL,WARNING,WARNING,WARNING
162.1,NORMAL,WARNING,WARNING,WARNING
162.2,NORMAL,WARNING,WARNING,WARNING
162.3,NORMAL,WARNING,WARNING,WARNING
162.4,NORMAL,WARNING,WARNING,WARNING
162.5,NORMAL,WARNING,WARNING,WARNING
162.6,NORMAL,WARNING,WARNING,WARNING
162.7,NORMAL,WARNING,WARNING,WARNING
162.8,NORMAL,WARNING,WARNING,WARNING
162.9,NORMAL,WARNING,WARNING,WARNING
163.0,NORMAL,WARNING,WARNING,WARNING
163.1,NORMAL,WARNING,WARNING,WARNING
163.2,NORMAL,WARNING,WARNING,WARNING
163.3,NORMAL,WARNING,WARNING,WARNING
163.4,NORMAL,WARNING,WARNING,WARNING
163.5,NORMAL,WARNING,WARNING,WARNING
163.6,NORMAL,WARNING,WARNING,WARNING
163.7,NORMAL,WARNING,WARNING,WARNING
163.8,NORMAL,WARNING,WARNING,WARNING
163.9,NORMAL,WARNING,WARNING,WARNING
164.0,NORMAL,WARNING,WARNING,WARNING
164.1,NORMAL,WARNING,WARNING,WARNING
164.2,NORMAL,WARNING,WARNING,WARNING
164.3,NORMAL,WARNING,WARNING,WARNING
164.4,NORMAL,WARNING,WARNING,WARNING
164.5,NORMAL,WARNING,WARNING,WARNING
164.6,NORMAL,WARNING,WARNING,WARNING
164.7,NORMAL,WARNING,WARNING,WARNING
164.8,NORMAL,WARNING,WARNING,WARNING
164.9,NORMAL,WARNING,WARNING,WARNING
165.0,NORMAL,WARNING,WARNING,WARNING
165.1,NORMAL,WARNING,WARNING,WARNING
165.2,NORMAL,WARNING,WARNING,WARNING
165.3,NORMAL,WARNING,WARNING,WARNING
165.4,NORMAL,WARNING,WARNING,WARNING
165.5,NORMAL,WARNING,WARNING,WARNING
165.6,NORMAL,WARNING,WARNING,WARNING
165.7,NORMAL,WARNING,WARNING,WARNING
165.8,NORMAL,WARNING,WARNING,WARNING
165.9,NORMAL,WARNING,WARNING,WARNING
166.0,NORMAL,WARNING,WARNING,WARNING
166.1,NORMAL,WARNING,WARNING,WARNING
166.2,NORMAL,WARNING,WARNING,WARNING
166.3,NORMAL,WARNING,WARNING,WARNING
166.4,NORMAL,WARNING,WARNING,WARNING
166.5,NORMAL,WARNING,WARNING,WARNING
166.6,NORMAL,WARNING,WARNING,WARNING
166.7,NORMAL,WARNING,WARNING,WARNING
166.8,NORMAL,WARNING,WARNING,WARNING
166.9,NORMAL,WARNING,WARNING,WARNING
167.0,NORMAL,WARNING,WARNING,WARNING
167.1,NORMAL,WARNING,WARNING,WARNING
167.2,NORMAL,WARNING,WARNING,WARNING
167.3,NORMAL,WARNING,WARNING,WARNING
167.4,NORMAL,WARNING,WARNING,WARNING
167.5,NORMAL,WARNING,WARNING,WARNING
167.6,NORMAL,WARNING,WARNING,WARNING
167.7,NORMAL,WARNING,WARNING,WARNING
167.8,NORMAL,WARNING,WARNING,WARNING
167.9,NORMAL,WARNING,WARNING,WARNING
168.0,NORMAL,WARNING,WARNING,WARNING
168.1,NORMAL,WARNING,WARNING,WARNING
168.2,NORMAL,WARNING,WARNING,WARNING
168.3,NORMAL,WARNING,WARNING,WARNING
168.4,NORMAL,WARNING,WARNING,WARNING
168.5,NORMAL,WARNING,WARNING,WARNING
168.6,NORMAL,WARNING,WARNING,WARNING
168.7,NORMAL,WARNING,WARNING,WARNING
168.8,NORMAL,WARNING,WARNING,WARNING
168.9,NORMAL,WARNING,WARNING,WARNING
169.0,NORMAL,WARNING,WARNING,WARNING
169.1,NORMAL,WARNING,WARNING,WARNING
169.2,NORMAL,WARNING,WARNING,WARNING
169.3,NORMAL,WARNING,WARNING,WARNING
169.4,NORMAL,WARNING,WARNING,WARNING
169.5,NORMAL,WARNING,WARNING,WARNING
169.6,NORMAL,WARNING,WARNING,WARNING
169.7,NORMAL,WARNING,WARNING,WARNING
169.8,NORMAL,WARNING,WARNING,WARNING
169.9,NORMAL,WARNING,WARNING,WARNING
170.0,NORMAL,WARNING,WARNING,WARNING
170.1,NORMAL,WARNING,WARNING,WARNING
170.2,NORMAL,WARNING,WARNING,WARNING
170.3,NORMAL,WARNING,WARNING,WARNING
170.4,NORMAL,WARNING,WARNING,WARNING
170.5,NORMAL,WARNING,WARNING,WARNING
170.6,NORMAL,WARNING,WARNING,WARNING
170.7,NORMAL,WARNING,WARNING,WARNING
170.8,NORMAL,WARNING,WARNING,WARNING
170.9,NORMAL,WARNING,WARNING,WARNING
171.0,NORMAL,WARNING,WARNING,WARNING
171.1,NORMAL,WARNING,WARNING,WARNING
171.2,NORMAL,WARNING,WARNING,WARNING
171.3,NORMAL,WARNING,WARNING,WARNING
171.4,NORMAL,WARNING,WARNING,WARNING
171.5,NORMAL,WARNING,WARNING,WARNING
171.6,NORMAL,WARNING,WARNING,WARNING
171.7,NORMAL,WARNING,WARNING,WARNING
171.8,NORMAL,WARNING,WARNING,WARNING
171.9,NORMAL,WARNING,WARNING,WARNING
172.0,NORMAL,WARNING,WARNING,WARNING
172.1,NORMAL,WARNING,WARNING,WARNING
172.2,NORMAL,WARNING,WARNING,WARNING
172.3,NORMAL,WARNING,WARNING,WARNING
172.4,NORMAL,WARNING,WARNING,WARNING
172.5,NORMAL,WARNING,WARNING,WARNING
172.6,NORMAL,WARNING,WARNING,WARNING
172.7,NORMAL,WARNING,WARNING,WARNING
172.8,NORMAL,WARNING,WARNING,WARNING
172.9,NORMAL,WARNING,WARNING,WARNING
173.0,NORMAL,WARNING,WARNING,WARNING
173.1,NORMAL,WARNING,WARNING,WARNING
173.2,NORMAL,WARNING,WARNING,WARNING
173.3,NORMAL,WARNING,WARNING,WARNING
173.4,NORMAL,WARNING,WARNING,WARNING
173.5,NORMAL,WARNING,WARNING,WARNING
173.6,NORMAL,WARNING,WARNING,WARNING
173.7,NORMAL,WARNING,WARNING,WARNING
173.8,NORMAL,WARNING,WARNING,WARNING
173.9,NORMAL,WARNING,WARNING,WARNING
174.0,NORMAL,WARNING,WARNING,WARNING
174.1,NORMAL,WARNING,WARNING,WARNING
174.2,NORMAL,WARNING,WARNING,WARNING
174.3,NORMAL,WARNING,WARNING,WARNING
174.4,NORMAL,WARNING,WARNING,WARNING
174.5,NORMAL,WARNING,WARNING,WARNING
174.6,NORMAL,WARNING,WARNING,WARNING
174.7,NORMAL,WARNING,WARNING,WARNING
174.8,NORMAL,WARNING,WARNING,WARNING
174.9,NORMAL,WARNING,WARNING,WARNING
175.0,NORMAL,WARNING,WARNING,WARNING
175.1,NORMAL,WARNING,WARNING,WARNING
175.2,NORMAL,WARNING,WARNING,WARNING
175.3,NORMAL,WARNING,WARNING,WARNING
175.4,NORMAL,WARNING,WARNING,WARNING
175.5,NORMAL,WARNING,WARNING,WARNING
175.6,NORMAL,WARNING,NORMAL,WARNING
175.7,NORMAL,WARNING,NORMAL,WARNING
175.8,NORMAL,WARNING,NORMAL,WARNING
175.9,NORMAL,WARNING,NORMAL,WARNING
176.0,NORMAL,WARNING,NORMAL,WARNING
176.1,NORMAL,WARNING,NORMAL,WARNING
176.2,NORMAL,WARNING,NORMAL,WARNING
176.3,NORMAL,WARNING,NORMAL,WARNING
176.4,NORMAL,WARNING,NORMAL,WARNING
176.5,NORMAL,WARNING,NORMAL,WARNING
176.6,NORMAL,WARNING,NORMAL,WARNING
176.7,NORMAL,WARNING,NORMAL,WARNING
176.8,NORMAL,WARNING,NORMAL,WARNING
176.9,NORMAL,WARNING,NORMAL,WARNING
177.0,NORMAL,WARNING,NORMAL,WARNING
177.1,NORMAL,WARNING,NORMAL,WARNING
177.2,NORMAL,WARNING,NORMAL,WARNING
177.3,NORMAL,WARNING,NORMAL,WARNING
177.4,NORMAL,WARNING,NORMAL,WARNING
177.5,NORMAL,WARNING,NORMAL,WARNING
177.6,NORMAL,WARNING,NORMAL,WARNING
177.7,NORMAL,WARNING,NORMAL,WARNING
177.8,NORMAL,WARNING,NORMAL,WARNING
177.9,NORMAL,WARNING,NORMAL,WARNING
178.0,NORMAL,WARNING,NORMAL,WARNING
178.1,NORMAL,WARNING,NORMAL,WARNING
178.2,NORMAL,WARNING,NORMAL,WARNING
178.3,NORMAL,WARNING,NORMAL,WARNING
178.4,NORMAL,WARNING,NORMAL,WARNING
178.5,NORMAL,WARNING,NORMAL,WARNING
178.6,NORMAL,WARNING,NORMAL,WARNING
178.7,NORMAL,WARNING,NORMAL,WARNING
178.8,NORMAL,WARNING,NORMAL,WARNING
178.9,NORMAL,WARNING,WARNING,WARNING
179.0,NORMAL,WARNING,WARNING,WARNING
179.1,NORMAL,WARNING,WARNING,WARNING
179.2,NORMAL,WARNING,WARNING,WARNING
179.3,NORMAL,WARNING,WARNING,WARNING
179.4,NORMAL,WARNING,WARNING,WARNING
179.5,NORMAL,WARNING,WARNING,WARNING
179.6,NORMAL,WARNING,WARNING,WARNING
179.7,NORMAL,WARNING,WARNING,WARNING
179.8,NORMAL,WARNING,WARNING,WARNING
179.9,NORMAL,WARNING,WARNING,WARNING
180.0,NORMAL,WARNING,WARNING,WARNING
180.1,NORMAL,WARNING,WARNING,WARNING
180.2,NORMAL,WARNING,WARNING,WARNING
180.3,NORMAL,WARNING,WARNING,WARNING
180.4,NORMAL,WARNING,WARNING,WARNING
180.5,NORMAL,WARNING,WARNING,WARNING
180.6,NORMAL,WARNING,WARNING,WARNING
180.7,NORMAL,WARNING,WARNING,WARNING
180.8,NORMAL,WARNING,NORMAL,WARNING
180.9,NORMAL,WARNING,NORMAL,WARNING
181.0,NORMAL,WARNING,NORMAL,WARNING
181.1,NORMAL,WARNING,NORMAL,WARNING
181.2,NORMAL,WARNING,NORMAL,WARNING
181.3,NORMAL,WARNING,NORMAL,WARNING
181.4,NORMAL,WARNING,NORMAL,WARNING
181.5,NORMAL,WARNING,NORMAL,WARNING
181.6,NORMAL,WARNING,NORMAL,WARNING
181.7,NORMAL,WARNING,NORMAL,WARNING
181.8,NORMAL,WARNING,NORMAL,WARNING
181.9,NORMAL,WARNING,NORMAL,WARNING
182.0,NORMAL,WARNING,NORMAL,WARNING
182.1,NORMAL,WARNING,NORMAL,WARNING
182.2,NORMAL,WARNING,NORMAL,WARNING
182.3,NORMAL,WARNING,NORMAL,WARNING
182.4,NORMAL,WARNING,NORMAL,WARNING
182.5,NORMAL,WARNING,NORMAL,WARNING
182.6,NORMAL,WARNING,NORMAL,WARNING
182.7,NORMAL,WARNING,NORMAL,WARNING
182.8,NORMAL,WARNING,NORMAL,WARNING
182.9,NORMAL,WARNING,NORMAL,WARNING
183.0,NORMAL,WARNING,NORMAL,WARNING
183.1,NORMAL,WARNING,NORMAL,WARNING
183.2,NORMAL,WARNING,NORMAL,WARNING
183.3,NORMAL,WARNING,NORMAL,WARNING
183.4,NORMAL,WARNING,NORMAL,WARNING
183.5,NORMAL,NORMAL,NORMAL,WARNING
183.6,NORMAL,NORMAL,NORMAL,WARNING
183.7,NORMAL,NORMAL,NORMAL,WARNING
183.8,NORMAL,NORMAL,NORMAL,WARNING
183.9,NORMAL,NORMAL,NORMAL,WARNING
184.0,NORMAL,NORMAL,NORMAL,WARNING
184.1,NORMAL,NORMAL,NORMAL,WARNING
184.2,NORMAL,NORMAL,NORMAL,WARNING
184.3,NORMAL,NORMAL,NORMAL,WARNING
184.4,NORMAL,NORMAL,NORMAL,WARNING
184.5,NORMAL,NORMAL,NORMAL,WARNING
184.6,NORMAL,NORMAL,NORMAL,WARNING
184.7,NORMAL,NORMAL,NORMAL,WARNING
184.8,NORMAL,NORMAL,NORMAL,WARNING
184.9,NORMAL,NORMAL,NORMAL,WARNING
185.0,NORMAL,NORMAL,NORMAL,WARNING
185.1,NORMAL,NORMAL,NORMAL,WARNING
185.2,NORMAL,NORMAL,NORMAL,WARNING
185.3,NORMAL,NORMAL,NORMAL,WARNING
185.4,NORMAL,NORMAL,NORMAL,WARNING
185.5,NORMAL,NORMAL,NORMAL,WARNING
185.6,NORMAL,NORMAL,NORMAL,WARNING
185.7,NORMAL,NORMAL,NORMAL,WARNING
185.8,NORMAL,NORMAL,NORMAL,WARNING
185.9,NORMAL,NORMAL,NORMAL,WARNING
186.0,NORMAL,NORMAL,NORMAL,WARNING
186.1,NORMAL,NORMAL,NORMAL,WARNING
186.2,NORMAL,NORMAL,NORMAL,WARNING
186.3,NORMAL,NORMAL,NORMAL,WARNING
186.4,NORMAL,NORMAL,NORMAL,WARNING
186.5,NORMAL,NORMAL,NORMAL,WARNING
186.6,NORMAL,NORMAL,NORMAL,WARNING
186.7,NORMAL,NORMAL,NORMAL,WARNING
186.8,NORMAL,NORMAL,NORMAL,WARNING
186.9,NORMAL,NORMAL,NORMAL,WARNING
187.0,NORMAL,NORMAL,NORMAL,WARNING
187.1,NORMAL,NORMAL,NORMAL,WARNING
187.2,NORMAL,NORMAL,NORMAL,WARNING
187.3,NORMAL,NORMAL,NORMAL,WARNING
187.4,NORMAL,NORMAL,NORMAL,WARNING
187.5,NORMAL,NORMAL,NORMAL,NORMAL
187.6,NORMAL,NORMAL,NORMAL,NORMAL
187.7,NORMAL,NORMAL,NORMAL,NORMAL
187.8,NORMAL,NORMAL,NORMAL,NORMAL
187.9,NORMAL,NORMAL,NORMAL,NORMAL
188.0,NORMAL,NORMAL,NORMAL,NORMAL
188.1,NORMAL,NORMAL,NORMAL,NORMAL
188.2,NORMAL,NORMAL,NORMAL,NORMAL
188.3,NORMAL,NORMAL,NORMAL,NORMAL
188.4,NORMAL,NORMAL,NORMAL,NORMAL
188.5,NORMAL,NORMAL,NORMAL,NORMAL
188.6,NORMAL,NORMAL,NORMAL,NORMAL
188.7,NORMAL,NORMAL,NORMAL,NORMAL
188.8,NORMAL,NORMAL,NORMAL,NORMAL
188.9,NORMAL,NORMAL,NORMAL,NORMAL
189.0,NORMAL,NORMAL,NORMAL,NORMAL
189.1,NORMAL,NORMAL,NORMAL,NORMAL
189.2,NORMAL,NORMAL,NORMAL,NORMAL
189.3,NORMAL,NORMAL,NORMAL,NORMAL
189.4,NORMAL,NORMAL,NORMAL,NORMAL
189.5,NORMAL,NORMAL,NORMAL,NORMAL
189.6,NORMAL,NORMAL,NORMAL,NORMAL
189.7,NORMAL,NORMAL,NORMAL,NORMAL
189.8,NORMAL,NORMAL,NORMAL,NORMAL
189.9,NORMAL,NORMAL,NORMAL,NORMAL
190.0,NORMAL,NORMAL,NORMAL,NORMAL
190.1,NORMAL,NORMAL,NORMAL,NORMAL
190.2,NORMAL,NORMAL,NORMAL,NORMAL
190.3,NORMAL,NORMAL,NORMAL,NORMAL
190.4,NORMAL,NORMAL,NORMAL,NORMAL
190.5,NORMAL,NORMAL,NORMAL,NORMAL
190.6,NORMAL,NORMAL,NORMAL,NORMAL
190.7,NORMAL,NORMAL,NORMAL,NORMAL
190.8,NORMAL,NORMAL,NORMAL,NORMAL
190.9,NORMAL,NORMAL,NORMAL,NORMAL
191.0,NORMAL,NORMAL,NORMAL,NORMAL
191.1,NORMAL,NORMAL,NORMAL,NORMAL
191.2,NORMAL,NORMAL,NORMAL,NORMAL
191.3,NORMAL,NORMAL,NORMAL,NORMAL
191.4,NORMAL,NORMAL,NORMAL,NORMAL
191.5,NORMAL,NORMAL,NORMAL,NORMAL
191.6,NORMAL,NORMAL,NORMAL,NORMAL
191.7,NORMAL,NORMAL,NORMAL,NORMAL
191.8,NORMAL,NORMAL,NORMAL,NORMAL
191.9,NORMAL,NORMAL,NORMAL,NORMAL
192.0,NORMAL,NORMAL,NORMAL,NORMAL
192.1,NORMAL,NORMAL,NORMAL,NORMAL
192.2,NORMAL,NORMAL,NORMAL,NORMAL
192.3,NORMAL,NORMAL,NORMAL,NORMAL
192.4,NORMAL,NORMAL,NORMAL,NORMAL
192.5,NORMAL,NORMAL,NORMAL,NORMAL
192.6,NORMAL,NORMAL,NORMAL,NORMAL
192.7,NORMAL,NORMAL,NORMAL,NORMAL
192.8,NORMAL,NORMAL,NORMAL,NORMAL
192.9,NORMAL,NORMAL,NORMAL,NORMAL
193.0,NORMAL,NORMAL,NORMAL,NORMAL
193.1,NORMAL,NORMAL,NORMAL,NORMAL
193.2,NORMAL,NORMAL,NORMAL,NORMAL
193.3,NORMAL,NORMAL,NORMAL,NORMAL
193.4,NORMAL,NORMAL,NORMAL,NORMAL
193.5,NORMAL,NORMAL,NORMAL,NORMAL
193.6,NORMAL,NORMAL,NORMAL,NORMAL
193.7,NORMAL,NORMAL,NORMAL,NORMAL
193.8,NORMAL,NORMAL,NORMAL,NORMAL
193.9,NORMAL,NORMAL,NORMAL,NORMAL
194.0,NORMAL,NORMAL,NORMAL,NORMAL
194.1,NORMAL,NORMAL,NORMAL,NORMAL
194.2,NORMAL,NORMAL,NORMAL,NORMAL
194.3,NORMAL,NORMAL,NORMAL,NORMAL
194.4,NORMAL,NORMAL,NORMAL,NORMAL
194.5,NORMAL,NORMAL,NORMAL,NORMAL
194.6,NORMAL,NORMAL,NORMAL,NORMAL
194.7,NORMAL,NORMAL,NORMAL,NORMAL
194.8,NORMAL,NORMAL,NORMAL,NORMAL
194.9,NORMAL,NORMAL,NORMAL,NORMAL
195.0,NORMAL,NORMAL,NORMAL,NORMAL
195.1,NORMAL,NORMAL,NORMAL,NORMAL
195.2,NORMAL,NORMAL,NORMAL,NORMAL
195.3,NORMAL,NORMAL,NORMAL,NORMAL
195.4,NORMAL,NORMAL,NORMAL,NORMAL
195.5,NORMAL,NORMAL,NORMAL,NORMAL
195.6,NORMAL,NORMAL,NORMAL,NORMAL
195.7,NORMAL,NORMAL,NORMAL,NORMAL
195.8,NORMAL,NORMAL,NORMAL,NORMAL
195.9,NORMAL,NORMAL,NORMAL,NORMAL
196.0,NORMAL,NORMAL,NORMAL,NORMAL
196.1,NORMAL,NORMAL,NORMAL,NORMAL
196.2,NORMAL,NORMAL,NORMAL,NORMAL
196.3,NORMAL,NORMAL,NORMAL,NORMAL
196.4,NORMAL,NORMAL,NORMAL,NORMAL
196.5,NORMAL,NORMAL,NORMAL,NORMAL
196.6,NORMAL,NORMAL,NORMAL,NORMAL
196.7,NORMAL,NORMAL,NORMAL,NORMAL
196.8,NORMAL,NORMAL,NORMAL,NORMAL
196.9,NORMAL,NORMAL,NORMAL,NORMAL
197.0,NORMAL,NORMAL,NORMAL,NORMAL
197.1,NORMAL,NORMAL,NORMAL,NORMAL
197.2,NORMAL,NORMAL,NORMAL,NORMAL
197.3,NORMAL,NORMAL,NORMAL,NORMAL
197.4,NORMAL,NORMAL,NORMAL,NORMAL
197.5,NORMAL,NORMAL,NORMAL,NORMAL
197.6,NORMAL,NORMAL,NORMAL,NORMAL
197.7,NORMAL,NORMAL,NORMAL,NORMAL
197.8,NORMAL,NORMAL,NORMAL,NORMAL
197.9,NORMAL,NORMAL,NORMAL,NORMAL
198.0,NORMAL,NORMAL,NORMAL,NORMAL
198.1,NORMAL,NORMAL,NORMAL,NORMAL
198.2,NORMAL,NORMAL,NORMAL,NORMAL
198.3,NORMAL,NORMAL,NORMAL,NORMAL
198.4,NORMAL,NORMAL,NORMAL,NORMAL
198.5,NORMAL,NORMAL,NORMAL,NORMAL
198.6,NORMAL,NORMAL,NORMAL,NORMAL
198.7,NORMAL,NORMAL,NORMAL,NORMAL
198.8,NORMAL,NORMAL,NORMAL,NORMAL
198.9,NORMAL,NORMAL,NORMAL,NORMAL
199.0,NORMAL,NORMAL,NORMAL,NORMAL
199.1,NORMAL,NORMAL,NORMAL,NORMAL
199.2,NORMAL,NORMAL,NORMAL,NORMAL
199.3,NORMAL,NORMAL,NORMAL,NORMAL
199.4,NORMAL,NORMAL,NORMAL,NORMAL
199.5,NORMAL,NORMAL,NORMAL,NORMAL
199.6,NORMAL,NORMAL,NORMAL,NORMAL
199.7,NORMAL,NORMAL,NORMAL,NORMAL
199.8,NORMAL,NORMAL,NORMAL,NORMAL
199.9,NORMAL,NORMAL,NORMAL,NORMAL
200.0,NORMAL,NORMAL,NORMAL,NORMAL
200.1,NORMAL,NORMAL,NORMAL,NORMAL
200.2,NORMAL,NORMAL,NORMAL,NORMAL
200.3,NORMAL,NORMAL,NORMAL,NORMAL
200.4,NORMAL,NORMAL,NORMAL,NORMAL
200.5,NORMAL,NORMAL,NORMAL,NORMAL
200.6,NORMAL,NORMAL,NORMAL,NORMAL
200.7,NORMAL,NORMAL,NORMAL,NORMAL
200.8,NORMAL,NORMAL,NORMAL,NORMAL
200.9,NORMAL,NORMAL,NORMAL,NORMAL
201.0,NORMAL,NORMAL,NORMAL,NORMAL
201.1,NORMAL,NORMAL,NORMAL,NORMAL
201.2,NORMAL,NORMAL,NORMAL,NORMAL
201.3,NORMAL,NORMAL,NORMAL,NORMAL
201.4,NORMAL,NORMAL,NORMAL,NORMAL
201.5,NORMAL,NORMAL,NORMAL,NORMAL
201.6,NORMAL,NORMAL,NORMAL,NORMAL
201.7,NORMAL,NORMAL,NORMAL,NORMAL
201.8,NORMAL,NORMAL,NORMAL,NORMAL
201.9,NORMAL,NORMAL,NORMAL,NORMAL
202.0,NORMAL,NORMAL,NORMAL,NORMAL
202.1,NORMAL,NORMAL,NORMAL,NORMAL
202.2,NORMAL,NORMAL,NORMAL,NORMAL
202.3,NORMAL,NORMAL,NORMAL,NORMAL
202.4,NORMAL,NORMAL,NORMAL,NORMAL
202.5,NORMAL,NORMAL,NORMAL,NORMAL
202.6,NORMAL,NORMAL,NORMAL,NORMAL
202.7,NORMAL,NORMAL,NORMAL,NORMAL
202.8,NORMAL,NORMAL,NORMAL,NORMAL
202.9,NORMAL,NORMAL,NORMAL,NORMAL
203.0,NORMAL,NORMAL,NORMAL,NORMAL
203.1,NORMAL,NORMAL,NORMAL,NORMAL
203.2,NORMAL,NORMAL,NORMAL,NORMAL
203.3,NORMAL,NORMAL,NORMAL,NORMAL
203.4,NORMAL,NORMAL,NORMAL,NORMAL
203.5,NORMAL,NORMAL,NORMAL,NORMAL
203.6,NORMAL,NORMAL,NORMAL,NORMAL
203.7,NORMAL,NORMAL,NORMAL,NORMAL
203.8,NORMAL,NORMAL,NORMAL,NORMAL
203.9,NORMAL,NORMAL,NORMAL,NORMAL
204.0,NORMAL,NORMAL,NORMAL,NORMAL
204.1,NORMAL,NORMAL,NORMAL,NORMAL
204.2,NORMAL,NORMAL,NORMAL,NORMAL
204.3,NORMAL,NORMAL,NORMAL,NORMAL
204.4,NORMAL,NORMAL,NORMAL,NORMAL
204.5,NORMAL,NORMAL,NORMAL,NORMAL
204.6,NORMAL,NORMAL,NORMAL,NORMAL
204.7,NORMAL,NORMAL,NORMAL,NORMAL
204.8,NORMAL,NORMAL,NORMAL,NORMAL
204.9,NORMAL,NORMAL,NORMAL,NORMAL
205.0,NORMAL,NORMAL,NORMAL,NORMAL
205.1,NORMAL,NORMAL,NORMAL,NORMAL
205.2,NORMAL,NORMAL,NORMAL,NORMAL
205.3,NORMAL,NORMAL,NORMAL,NORMAL
205.4,NORMAL,NORMAL,NORMAL,NORMAL
205.5,NORMAL,NORMAL,NORMAL,NORMAL
205.6,NORMAL,NORMAL,NORMAL,NORMAL
205.7,NORMAL,NORMAL,NORMAL,NORMAL
205.8,NORMAL,NORMAL,NORMAL,NORMAL
205.9,NORMAL,NORMAL,NORMAL,NORMAL
206.0,NORMAL,NORMAL,NORMAL,NORMAL
206.1,NORMAL,NORMAL,NORMAL,NORMAL
206.2,NORMAL,NORMAL,NORMAL,NORMAL
206.3,NORMAL,NORMAL,NORMAL,NORMAL
206.4,NORMAL,NORMAL,NORMAL,NORMAL
206.5,NORMAL,NORMAL,NORMAL,NORMAL
206.6,NORMAL,NORMAL,NORMAL,NORMAL
206.7,NORMAL,NORMAL,NORMAL,NORMAL
206.8,NORMAL,NORMAL,NORMAL,NORMAL
206.9,NORMAL,NORMAL,NORMAL,NORMAL
207.0,NORMAL,NORMAL,NORMAL,NORMAL
207.1,NORMAL,NORMAL,NORMAL,NORMAL
207.2,NORMAL,NORMAL,NORMAL,NORMAL
207.3,NORMAL,NORMAL,NORMAL,NORMAL
207.4,NORMAL,NORMAL,NORMAL,NORMAL
207.5,NORMAL,NORMAL,NORMAL,NORMAL
207.6,NORMAL,NORMAL,NORMAL,NORMAL
207.7,NORMAL,NORMAL,NORMAL,NORMAL
207.8,NORMAL,NORMAL,NORMAL,NORMAL
207.9,NORMAL,NORMAL,NORMAL,NORMAL
208.0,NORMAL,NORMAL,NORMAL,NORMAL
208.1,NORMAL,NORMAL,NORMAL,NORMAL
208.2,NORMAL,NORMAL,NORMAL,NORMAL
208.3,NORMAL,NORMAL,NORMAL,NORMAL
208.4,NORMAL,NORMAL,NORMAL,NORMAL
208.5,NORMAL,NORMAL,NORMAL,NORMAL
208.6,NORMAL,NORMAL,NORMAL,NORMAL
208.7,NORMAL,NORMAL,NORMAL,NORMAL
208.8,NORMAL,NORMAL,NORMAL,NORMAL
208.9,NORMAL,NORMAL,NORMAL,NORMAL
209.0,NORMAL,NORMAL,NORMAL,NORMAL
209.1,NORMAL,NORMAL,NORMAL,NORMAL
209.2,NORMAL,NORMAL,NORMAL,NORMAL
209.3,NORMAL,NORMAL,NORMAL,NORMAL
209.4,NORMAL,NORMAL,NORMAL,NORMAL
209.5,NORMAL,NORMAL,NORMAL,NORMAL
209.6,NORMAL,NORMAL,NORMAL,NORMAL
209.7,NORMAL,NORMAL,NORMAL,NORMAL
209.8,NORMAL,NORMAL,NORMAL,NORMAL
209.9,NORMAL,NORMAL,NORMAL,NORMAL
210.0,NORMAL,NORMAL,NORMAL,NORMAL
210.1,NORMAL,NORMAL,NORMAL,NORMAL
210.2,NORMAL,NORMAL,NORMAL,NORMAL
210.3,NORMAL,NORMAL,NORMAL,NORMAL
210.4,NORMAL,NORMAL,NORMAL,NORMAL
210.5,NORMAL,NORMAL,NORMAL,NORMAL
210.6,NORMAL,NORMAL,NORMAL,NORMAL
210.7,NORMAL,NORMAL,NORMAL,NORMAL
210.8,NORMAL,NORMAL,NORMAL,NORMAL
210.9,NORMAL,NORMAL,NORMAL,NORMAL
211.0,NORMAL,NORMAL,NORMAL,NORMAL
211.1,NORMAL,NORMAL,NORMAL,NORMAL
211.2,NORMAL,NORMAL,NORMAL,NORMAL
211.3,NORMAL,NORMAL,NORMAL,NORMAL
211.4,NORMAL,NORMAL,NORMAL,NORMAL
211.5,NORMAL,NORMAL,NORMAL,NORMAL
211.6,NORMAL,NORMAL,NORMAL,NORMAL
211.7,NORMAL,NORMAL,NORMAL,NORMAL
211.8,NORMAL,NORMAL,NORMAL,NORMAL
211.9,NORMAL,NORMAL,NORMAL,NORMAL
212.0,NORMAL,NORMAL,NORMAL,NORMAL
212.1,NORMAL,NORMAL,NORMAL,NORMAL
212.2,NORMAL,NORMAL,NORMAL,NORMAL
212.3,NORMAL,NORMAL,NORMAL,NORMAL
212.4,NORMAL,NORMAL,NORMAL,NORMAL
212.5,NORMAL,NORMAL,NORMAL,NORMAL
212.6,NORMAL,NORMAL,NORMAL,NORMAL
212.7,NORMAL,NORMAL,NORMAL,NORMAL
212.8,NORMAL,NORMAL,NORMAL,NORMAL
212.9,NORMAL,NORMAL,NORMAL,NORMAL
213.0,NORMAL,NORMAL,NORMAL,NORMAL
213.1,NORMAL,NORMAL,NORMAL,NORMAL
213.2,NORMAL,NORMAL,NORMAL,NORMAL
213.3,NORMAL,NORMAL,NORMAL,NORMAL
213.4,NORMAL,NORMAL,NORMAL,NORMAL
213.5,NORMAL,NORMAL,NORMAL,NORMAL
213.6,NORMAL,NORMAL,NORMAL,NORMAL
213.7,NORMAL,NORMAL,NORMAL,NORMAL
213.8,NORMAL,NORMAL,NORMAL,NORMAL
213.9,NORMAL,NORMAL,NORMAL,NORMAL
214.0,NORMAL,NORMAL,NORMAL,NORMAL
214.1,NORMAL,NORMAL,NORMAL,NORMAL
214.2,NORMAL,NORMAL,NORMAL,NORMAL
214.3,NORMAL,NORMAL,NORMAL,NORMAL
214.4,NORMAL,NORMAL,NORMAL,NORMAL
214.5,NORMAL,NORMAL,NORMAL,NORMAL
214.6,NORMAL,NORMAL,NORMAL,NORMAL
214.7,NORMAL,NORMAL,NORMAL,NORMAL
214.8,NORMAL,NORMAL,NORMAL,NORMAL
214.9,NORMAL,NORMAL,NORMAL,NORMAL
215.0,NORMAL,NORMAL,NORMAL,NORMAL
215.1,NORMAL,NORMAL,NORMAL,NORMAL
215.2,NORMAL,NORMAL,NORMAL,NORMAL
215.3,NORMAL,NORMAL,NORMAL,NORMAL
215.4,NORMAL,NORMAL,NORMAL,NORMAL
215.5,NORMAL,NORMAL,NORMAL,NORMAL
215.6,NORMAL,NORMAL,NORMAL,NORMAL
215.7,NORMAL,NORMAL,NORMAL,NORMAL
215.8,NORMAL,NORMAL,NORMAL,NORMAL
215.9,NORMAL,NORMAL,NORMAL,NORMAL
216.0,NORMAL,NORMAL,NORMAL,NORMAL
216.1,NORMAL,NORMAL,NORMAL,NORMAL
216.2,NORMAL,NORMAL,NORMAL,NORMAL
216.3,NORMAL,NORMAL,NORMAL,NORMAL
216.4,NORMAL,NORMAL,NORMAL,NORMAL
216.5,NORMAL,NORMAL,NORMAL,NORMAL
216.6,NORMAL,NORMAL,NORMAL,NORMAL
216.7,NORMAL,NORMAL,NORMAL,NORMAL
216.8,NORMAL,NORMAL,NORMAL,NORMAL
216.9,NORMAL,NORMAL,NORMAL,NORMAL
217.0,NORMAL,NORMAL,NORMAL,NORMAL
217.1,NORMAL,NORMAL,NORMAL,NORMAL
217.2,NORMAL,NORMAL,NORMAL,NORMAL
217.3,NORMAL,NORMAL,NORMAL,NORMAL
217.4,NORMAL,NORMAL,NORMAL,NORMAL
217.5,NORMAL,NORMAL,NORMAL,NORMAL
217.6,NORMAL,NORMAL,NORMAL,NORMAL
217.7,NORMAL,NORMAL,NORMAL,NORMAL
217.8,NORMAL,NORMAL,NORMAL,NORMAL
217.9,NORMAL,NORMAL,NORMAL,NORMAL
218.0,NORMAL,NORMAL,NORMAL,NORMAL
218.1,NORMAL,NORMAL,NORMAL,NORMAL
218.2,NORMAL,NORMAL,NORMAL,NORMAL
218.3,NORMAL,NORMAL,NORMAL,NORMAL
218.4,NORMAL,NORMAL,NORMAL,NORMAL
218.5,NORMAL,NORMAL,NORMAL,NORMAL
218.6,NORMAL,NORMAL,NORMAL,NORMAL
218.7,NORMAL,NORMAL,NORMAL,NORMAL
218.8,NORMAL,NORMAL,NORMAL,NORMAL
218.9,NORMAL,NORMAL,NORMAL,NORMAL
219.0,NORMAL,NORMAL,NORMAL,NORMAL
219.1,NORMAL,NORMAL,NORMAL,NORMAL
219.2,NORMAL,NORMAL,NORMAL,NORMAL
219.3,NORMAL,NORMAL,NORMAL,NORMAL
219.4,NORMAL,NORMAL,NORMAL,NORMAL
219.5,NORMAL,NORMAL,NORMAL,NORMAL
219.6,NORMAL,NORMAL,NORMAL,NORMAL
219.7,NORMAL,NORMAL,NORMAL,NORMAL
219.8,NORMAL,NORMAL,NORMAL,NORMAL
219.9,NORMAL,NORMAL,NORMAL,NORMAL
220.0,NORMAL,NORMAL,NORMAL,NORMAL
220.1,NORMAL,NORMAL,NORMAL,NORMAL
220.2,NORMAL,NORMAL,NORMAL,NORMAL
220.3,NORMAL,NORMAL,NORMAL,NORMAL
220.4,NORMAL,NORMAL,NORMAL,NORMAL
220.5,NORMAL,NORMAL,NORMAL,NORMAL
220.6,NORMAL,NORMAL,NORMAL,NORMAL
220.7,NORMAL,NORMAL,NORMAL,NORMAL
220.8,NORMAL,NORMAL,NORMAL,NORMAL
220.9,NORMAL,NORMAL,NORMAL,NORMAL
221.0,NORMAL,NORMAL,NORMAL,NORMAL
221.1,NORMAL,NORMAL,NORMAL,NORMAL
221.2,NORMAL,NORMAL,NORMAL,NORMAL
221.3,NORMAL,NORMAL,NORMAL,NORMAL
221.4,NORMAL,NORMAL,NORMAL,NORMAL
221.5,NORMAL,NORMAL,NORMAL,NORMAL
221.6,NORMAL,NORMAL,NORMAL,NORMAL
221.7,NORMAL,NORMAL,NORMAL,NORMAL
221.8,NORMAL,NORMAL,NORMAL,NORMAL
221.9,NORMAL,NORMAL,NORMAL,NORMAL
222.0,NORMAL,NORMAL,NORMAL,NORMAL
222.1,NORMAL,NORMAL,NORMAL,NORMAL
222.2,NORMAL,NORMAL,NORMAL,NORMAL
222.3,NORMAL,NORMAL,NORMAL,NORMAL
222.4,NORMAL,NORMAL,NORMAL,NORMAL
222.5,NORMAL,NORMAL,NORMAL,NORMAL
222.6,NORMAL,NORMAL,NORMAL,NORMAL
222.7,NORMAL,NORMAL,NORMAL,NORMAL
222.8,NORMAL,NORMAL,NORMAL,NORMAL
222.9,NORMAL,NORMAL,NORMAL,NORMAL
223.0,NORMAL,NORMAL,NORMAL,NORMAL
223.1,NORMAL,NORMAL,NORMAL,NORMAL
223.2,NORMAL,NORMAL,NORMAL,NORMAL
223.3,NORMAL,NORMAL,NORMAL,NORMAL
223.4,NORMAL,NORMAL,NORMAL,NORMAL
223.5,NORMAL,NORMAL,NORMAL,NORMAL
223.6,NORMAL,NORMAL,NORMAL,NORMAL
223.7,NORMAL,NORMAL,NORMAL,NORMAL
223.8,NORMAL,NORMAL,NORMAL,NORMAL
223.9,NORMAL,NORMAL,NORMAL,NORMAL
224.0,NORMAL,NORMAL,NORMAL,NORMAL
224.1,NORMAL,NORMAL,NORMAL,NORMAL
224.2,NORMAL,NORMAL,NORMAL,NORMAL
224.3,NORMAL,NORMAL,NORMAL,NORMAL
224.4,NORMAL,NORMAL,NORMAL,NORMAL
224.5,NORMAL,NORMAL,NORMAL,NORMAL
224.6,NORMAL,NORMAL,NORMAL,NORMAL
224.7,NORMAL,NORMAL,NORMAL,NORMAL
224.8,NORMAL,NORMAL,NORMAL,NORMAL
224.9,NORMAL,NORMAL,NORMAL,NORMAL
225.0,NORMAL,NORMAL,NORMAL,NORMAL
225.1,NORMAL,NORMAL,NORMAL,NORMAL
225.2,NORMAL,NORMAL,NORMAL,NORMAL
225.3,NORMAL,NORMAL,NORMAL,NORMAL
225.4,NORMAL,NORMAL,NORMAL,NORMAL
225.5,NORMAL,NORMAL,NORMAL,NORMAL
225.6,NORMAL,NORMAL,NORMAL,NORMAL
225.7,NORMAL,NORMAL,NORMAL,NORMAL
225.8,NORMAL,NORMAL,NORMAL,NORMAL
225.9,NORMAL,NORMAL,NORMAL,NORMAL
226.0,NORMAL,NORMAL,NORMAL,NORMAL
226.1,NORMAL,NORMAL,NORMAL,NORMAL
226.2,NORMAL,NORMAL,NORMAL,NORMAL
226.3,NORMAL,NORMAL,NORMAL,NORMAL
226.4,NORMAL,NORMAL,NORMAL,NORMAL
226.5,NORMAL,NORMAL,NORMAL,NORMAL
226.6,NORMAL,NORMAL,NORMAL,NORMAL
226.7,NORMAL,NORMAL,NORMAL,NORMAL
226.8,NORMAL,NORMAL,NORMAL,NORMAL
226.9,NORMAL,NORMAL,NORMAL,NORMAL
227.0,NORMAL,NORMAL,NORMAL,NORMAL
227.1,NORMAL,NORMAL,NORMAL,NORMAL
227.2,NORMAL,NORMAL,NORMAL,NORMAL
227.3,NORMAL,NORMAL,NORMAL,NORMAL
227.4,NORMAL,NORMAL,NORMAL,NORMAL
227.5,NORMAL,NORMAL,NORMAL,NORMAL
227.6,NORMAL,NORMAL,NORMAL,NORMAL
227.7,NORMAL,NORMAL,NORMAL,NORMAL
227.8,NORMAL,NORMAL,NORMAL,NORMAL
227.9,NORMAL,NORMAL,NORMAL,NORMAL
228.0,NORMAL,NORMAL,NORMAL,NORMAL
228.1,NORMAL,NORMAL,NORMAL,NORMAL
228.2,NORMAL,NORMAL,NORMAL,NORMAL
228.3,NORMAL,NORMAL,NORMAL,NORMAL
228.4,NORMAL,NORMAL,NORMAL,NORMAL
228.5,NORMAL,NORMAL,NORMAL,NORMAL
228.6,NORMAL,NORMAL,NORMAL,NORMAL
228.7,NORMAL,NORMAL,NORMAL,NORMAL
228.8,NORMAL,NORMAL,NORMAL,NORMAL
228.9,NORMAL,NORMAL,NORMAL,NORMAL
229.0,NORMAL,NORMAL,NORMAL,NORMAL
229.1,NORMAL,NORMAL,NORMAL,NORMAL
229.2,NORMAL,NORMAL,NORMAL,NORMAL
229.3,NORMAL,NORMAL,NORMAL,NORMAL
229.4,NORMAL,NORMAL,NORMAL,NORMAL
229.5,NORMAL,NORMAL,NORMAL,NORMAL
229.6,NORMAL,NORMAL,NORMAL,NORMAL
229.7,NORMAL,NORMAL,NORMAL,NORMAL
229.8,NORMAL,NORMAL,NORMAL,NORMAL
229.9,NORMAL,NORMAL,NORMAL,NORMAL
230.0,NORMAL,NORMAL,NORMAL,NORMAL
230.1,NORMAL,NORMAL,NORMAL,NORMAL
230.2,NORMAL,NORMAL,NORMAL,NORMAL
230.3,NORMAL,NORMAL,NORMAL,NORMAL
230.4,NORMAL,NORMAL,NORMAL,NORMAL
230.5,NORMAL,NORMAL,NORMAL,NORMAL
230.6,NORMAL,NORMAL,NORMAL,NORMAL
230.7,NORMAL,NORMAL,NORMAL,NORMAL
230.8,NORMAL,NORMAL,NORMAL,NORMAL
230.9,NORMAL,NORMAL,NORMAL,NORMAL
231.0,NORMAL,NORMAL,NORMAL,NORMAL
231.1,NORMAL,NORMAL,NORMAL,NORMAL
231.2,NORMAL,NORMAL,NORMAL,NORMAL
231.3,NORMAL,NORMAL,NORMAL,NORMAL
231.4,NORMAL,NORMAL,NORMAL,NORMAL
231.5,NORMAL,WARNING,NORMAL,NORMAL
231.6,NORMAL,WARNING,NORMAL,NORMAL
231.7,NORMAL,WARNING,NORMAL,NORMAL
231.8,NORMAL,WARNING,NORMAL,NORMAL
231.9,NORMAL,WARNING,NORMAL,NORMAL
232.0,NORMAL,WARNING,NORMAL,NORMAL
232.1,NORMAL,WARNING,NORMAL,NORMAL
232.2,NORMAL,WARNING,NORMAL,NORMAL
232.3,NORMAL,WARNING,NORMAL,NORMAL
232.4,NORMAL,WARNING,NORMAL,NORMAL
232.5,NORMAL,WARNING,NORMAL,NORMAL
232.6,NORMAL,WARNING,NORMAL,NORMAL
232.7,NORMAL,WARNING,NORMAL,NORMAL
232.8,NORMAL,WARNING,NORMAL,NORMAL
232.9,NORMAL,WARNING,NORMAL,NORMAL
233.0,NORMAL,WARNING,NORMAL,NORMAL
233.1,NORMAL,WARNING,NORMAL,NORMAL
233.2,NORMAL,WARNING,NORMAL,NORMAL
233.3,NORMAL,NORMAL,NORMAL,NORMAL
233.4,NORMAL,NORMAL,NORMAL,NORMAL
233.5,NORMAL,NORMAL,NORMAL,NORMAL
233.6,NORMAL,NORMAL,NORMAL,NORMAL
233.7,NORMAL,NORMAL,NORMAL,NORMAL
233.8,NORMAL,NORMAL,NORMAL,NORMAL
233.9,NORMAL,NORMAL,NORMAL,NORMAL
234.0,NORMAL,NORMAL,NORMAL,NORMAL
234.1,NORMAL,NORMAL,NORMAL,NORMAL
234.2,NORMAL,NORMAL,NORMAL,NORMAL
234.3,NORMAL,NORMAL,NORMAL,NORMAL
234.4,NORMAL,NORMAL,NORMAL,NORMAL
234.5,NORMAL,NORMAL,NORMAL,NORMAL
234.6,NORMAL,NORMAL,NORMAL,NORMAL
234.7,NORMAL,NORMAL,NORMAL,NORMAL
234.8,NORMAL,NORMAL,NORMAL,NORMAL
234.9,NORMAL,NORMAL,NORMAL,NORMAL
235.0,NORMAL,NORMAL,NORMAL,NORMAL
235.1,NORMAL,NORMAL,NORMAL,NORMAL
235.2,NORMAL,NORMAL,NORMAL,NORMAL
235.3,NORMAL,NORMAL,NORMAL,NORMAL
235.4,NORMAL,NORMAL,NORMAL,NORMAL
235.5,NORMAL,NORMAL,NORMAL,NORMAL
235.6,NORMAL,NORMAL,NORMAL,NORMAL
235.7,NORMAL,NORMAL,NORMAL,NORMAL
235.8,NORMAL,NORMAL,NORMAL,NORMAL
235.9,NORMAL,NORMAL,NORMAL,NORMAL
236.0,NORMAL,NORMAL,NORMAL,NORMAL
236.1,NORMAL,NORMAL,NORMAL,NORMAL
236.2,NORMAL,NORMAL,NORMAL,NORMAL
236.3,NORMAL,NORMAL,NORMAL,NORMAL
236.4,NORMAL,NORMAL,NORMAL,NORMAL
236.5,NORMAL,NORMAL,NORMAL,NORMAL
236.6,NORMAL,NORMAL,NORMAL,NORMAL
236.7,NORMAL,NORMAL,NORMAL,NORMAL
236.8,NORMAL,NORMAL,NORMAL,NORMAL
236.9,NORMAL,NORMAL,NORMAL,NORMAL
237.0,NORMAL,NORMAL,NORMAL,NORMAL
237.1,NORMAL,NORMAL,NORMAL,NORMAL
237.2,NORMAL,NORMAL,NORMAL,NORMAL
237.3,NORMAL,NORMAL,NORMAL,NORMAL
237.4,NORMAL,NORMAL,NORMAL,NORMAL
237.5,NORMAL,NORMAL,NORMAL,NORMAL
237.6,NORMAL,NORMAL,NORMAL,NORMAL
237.7,NORMAL,NORMAL,NORMAL,NORMAL
237.8,NORMAL,NORMAL,NORMAL,NORMAL
237.9,NORMAL,NORMAL,NORMAL,NORMAL
238.0,NORMAL,NORMAL,NORMAL,NORMAL
238.1,NORMAL,NORMAL,NORMAL,NORMAL
238.2,NORMAL,NORMAL,NORMAL,NORMAL
238.3,NORMAL,NORMAL,NORMAL,NORMAL
238.4,NORMAL,NORMAL,NORMAL,NORMAL
238.5,NORMAL,NORMAL,NORMAL,NORMAL
238.6,NORMAL,NORMAL,NORMAL,NORMAL
238.7,NORMAL,NORMAL,NORMAL,NORMAL
238.8,NORMAL,NORMAL,NORMAL,NORMAL
238.9,NORMAL,NORMAL,NORMAL,NORMAL
239.0,NORMAL,NORMAL,NORMAL,NORMAL
239.1,NORMAL,NORMAL,NORMAL,NORMAL
239.2,NORMAL,NORMAL,NORMAL,NORMAL
239.3,NORMAL,NORMAL,NORMAL,NORMAL
239.4,NORMAL,NORMAL,NORMAL,NORMAL
239.5,NORMAL,NORMAL,NORMAL,NORMAL
239.6,NORMAL,NORMAL,NORMAL,NORMAL
239.7,NORMAL,NORMAL,NORMAL,NORMAL
239.8,NORMAL,NORMAL,NORMAL,NORMAL
239.9,NORMAL,NORMAL,NORMAL,NORMAL
