time_s,state,alert_level,score,reason
0.0,NORMAL,0,0.0,warm-up
0.1,NORMAL,0,0.0,warm-up
0.2,NORMAL,0,0.0,warm-up
0.3,NORMAL,0,0.0,warm-up
0.4,NORMAL,0,0.0,warm-up
0.5,NORMAL,0,0.0,warm-up
0.6,NORMAL,0,0.0,warm-up
0.7,NORMAL,0,0.0,warm-up
0.8,NORMAL,0,0.0,warm-up
0.9,NORMAL,0,0.0,warm-up
1.0,NORMAL,0,0.0,warm-up
1.1,NORMAL,0,0.0,warm-up
1.2,NORMAL,0,0.0,warm-up
1.3,NORMAL,0,0.0,warm-up
1.4,NORMAL,0,0.0,warm-up
1.5,NORMAL,0,0.0,warm-up
1.6,NORMAL,0,0.0,warm-up
1.7,NORMAL,0,0.0,warm-up
1.8,NORMAL,0,0.0,warm-up
1.9,NORMAL,0,0.0,warm-up
2.0,NORMAL,0,0.0,warm-up
2.1,NORMAL,0,0.0,warm-up
2.2,NORMAL,0,0.0,warm-up
2.3,NORMAL,0,0.0,warm-up
2.4,NORMAL,0,0.0,warm-up
2.5,NORMAL,0,0.0,warm-up
2.6,NORMAL,0,0.0,warm-up
2.7,NORMAL,0,0.0,warm-up
2.8,NORMAL,0,0.0,warm-up
2.9,NORMAL,0,0.0,warm-up
3.0,NORMAL,0,0.0,warm-up
3.1,NORMAL,0,0.0,warm-up
3.2,NORMAL,0,0.0,warm-up
3.3,NORMAL,0,0.0,warm-up
3.4,NORMAL,0,0.0,warm-up
3.5,NORMAL,0,0.0,warm-up
3.6,NORMAL,0,0.0,warm-up
3.7,NORMAL,0,0.0,warm-up
3.8,NORMAL,0,0.0,warm-up
3.9,NORMAL,0,0.0,warm-up
4.0,NORMAL,0,0.0,warm-up
4.1,NORMAL,0,0.0,warm-up
4.2,NORMAL,0,0.0,warm-up
4.3,NORMAL,0,0.0,warm-up
4.4,NORMAL,0,0.0,warm-up
4.5,NORMAL,0,0.0,warm-up
4.6,NORMAL,0,0.0,warm-up
4.7,NORMAL,0,0.0,warm-up
4.8,NORMAL,0,0.0,warm-up
4.9,NORMAL,0,0.0,warm-up
5.0,NORMAL,0,0.0,score 0.00
5.1,NORMAL,0,0.0,score 0.00
5.2,NORMAL,0,0.0,score 0.00
5.3,NORMAL,0,0.0,score 0.00
5.4,NORMAL,0,0.0,score 0.00
5.5,NORMAL,0,0.0,score 0.00
5.6,NORMAL,0,0.0,score 0.00
5.7,NORMAL,0,0.0,score 0.00
5.8,NORMAL,0,0.0,score 0.00
5.9,NORMAL,0,0.0,score 0.00
6.0,NORMAL,0,0.0,score 0.00
6.1,NORMAL,0,0.0,score 0.00
6.2,NORMAL,0,0.0,score 0.00
6.3,NORMAL,0,0.0,score 0.00
6.4,NORMAL,0,0.0,score 0.00
6.5,NORMAL,0,0.0,score 0.00
6.6,NORMAL,0,0.0,score 0.00
6.7,NORMAL,0,0.0,score 0.00
6.8,NORMAL,0,0.0,score 0.00
6.9,NORMAL,0,0.0,score 0.00
7.0,NORMAL,0,0.0,score 0.00
7.1,NORMAL,0,0.0,score 0.00
7.2,NORMAL,0,0.0,score 0.00
7.3,NORMAL,0,0.0,score 0.00
7.4,NORMAL,0,0.0,score 0.00
7.5,NORMAL,0,0.0,score 0.00
7.6,NORMAL,0,0.0,score 0.00
7.7,NORMAL,0,0.0,score 0.00
7.8,NORMAL,0,0.0,score 0.00
7.9,NORMAL,0,0.0,score 0.00
8.0,NORMAL,0,0.0,score 0.00
8.1,NORMAL,0,0.0,score 0.00
8.2,NORMAL,0,0.0,score 0.00
8.3,NORMAL,0,0.0,score 0.00
8.4,NORMAL,0,0.0,score 0.00
8.5,NORMAL,0,0.0,score 0.00
8.6,NORMAL,0,0.0,score 0.00
8.7,NORMAL,0,0.0,score 0.00
8.8,NORMAL,0,0.0,score 0.00
8.9,NORMAL,0,0.0,score 0.00
9.0,NORMAL,0,0.0,score 0.00
9.1,NORMAL,0,0.0,score 0.00
9.2,NORMAL,0,0.0,score 0.00
9.3,NORMAL,0,0.0,score 0.00
9.4,NORMAL,0,0.0,score 0.00
9.5,NORMAL,0,0.0,score 0.00
9.6,NORMAL,0,0.0,score 0.00
9.7,NORMAL,0,0.0,score 0.00
9.8,NORMAL,0,0.0,score 0.00
9.9,NORMAL,0,0.0,score 0.00
10.0,NORMAL,0,0.0,score 0.00
10.1,NORMAL,0,0.0,score 0.00
10.2,NORMAL,0,0.0,score 0.00
10.3,NORMAL,0,0.0,score 0.00
10.4,NORMAL,0,0.0,score 0.00
10.5,NORMAL,0,0.0,score 0.00
10.6,NORMAL,0,0.0,score 0.00
10.7,NORMAL,0,0.0,score 0.00
10.8,NORMAL,0,0.0,score 0.00
10.9,NORMAL,0,0.0,score 0.00
11.0,NORMAL,0,0.0,score 0.00
11.1,NORMAL,0,0.0,score 0.00
11.2,NORMAL,0,0.0,score 0.00
11.3,NORMAL,0,0.0,score 0.00
11.4,NORMAL,0,0.0,score 0.00
11.5,NORMAL,0,0.0,score 0.00
11.6,NORMAL,0,0.0,score 0.00
11.7,NORMAL,0,0.0,score 0.00
11.8,NORMAL,0,0.0,score 0.00
11.9,NORMAL,0,0.0,score 0.00
12.0,NORMAL,0,0.0,score 0.00
12.1,NORMAL,0,0.0,score 0.00
12.2,NORMAL,0,0.0,score 0.00
12.3,NORMAL,0,0.0,score 0.00
12.4,NORMAL,0,0.0,score 0.00
12.5,NORMAL,0,0.0,score 0.00
12.6,NORMAL,0,0.0,score 0.00
12.7,NORMAL,0,0.0,score 0.00
12.8,NORMAL,0,0.0,score 0.00
12.9,NORMAL,0,0.0,score 0.00
13.0,NORMAL,0,0.0,score 0.00
13.1,NORMAL,0,0.0,score 0.00
13.2,NORMAL,0,0.0,score 0.00
13.3,NORMAL,0,0.0,score 0.00
13.4,NORMAL,0,0.0,score 0.00
13.5,NORMAL,0,0.0,score 0.00
13.6,NORMAL,0,0.0,score 0.00
13.7,NORMAL,0,0.0,score 0.00
13.8,NORMAL,0,0.0,score 0.00
13.9,NORMAL,0,0.0,score 0.00
14.0,NORMAL,0,0.0,score 0.00
14.1,NORMAL,0,0.0,score 0.00
14.2,NORMAL,0,0.0,score 0.00
14.3,NORMAL,0,0.0,score 0.00
14.4,NORMAL,0,0.0,score 0.00
14.5,NORMAL,0,0.0,score 0.00
14.6,NORMAL,0,0.0,score 0.00
14.7,NORMAL,0,0.0,score 0.00
14.8,NORMAL,0,0.0,score 0.00
14.9,NORMAL,0,0.0,score 0.00
15.0,NORMAL,0,0.0,score 0.00
15.1,NORMAL,0,0.0,score 0.00
15.2,NORMAL,0,0.0,score 0.00
15.3,NORMAL,0,0.0,score 0.00
15.4,NORMAL,0,0.0,score 0.00
15.5,NORMAL,0,0.0,score 0.00
15.6,NORMAL,0,0.0,score 0.00
15.7,NORMAL,0,0.0,score 0.00
15.8,NORMAL,0,0.0,score 0.00
15.9,NORMAL,0,0.0,score 0.00
16.0,NORMAL,0,0.0,score 0.00
16.1,NORMAL,0,0.0,score 0.00
16.2,NORMAL,0,0.0,score 0.00
16.3,NORMAL,0,0.0,score 0.00
16.4,NORMAL,0,0.0,score 0.00
16.5,NORMAL,0,0.0,score 0.00
16.6,NORMAL,0,0.0,score 0.00
16.7,NORMAL,0,0.0,score 0.00
16.8,NORMAL,0,0.0,score 0.00
16.9,NORMAL,0,0.0,score 0.00
17.0,NORMAL,0,0.0,score 0.00
17.1,NORMAL,0,0.0,score 0.00
17.2,NORMAL,0,0.0,score 0.00
17.3,NORMAL,0,0.0,score 0.00
17.4,NORMAL,0,0.0,score 0.00
17.5,NORMAL,0,0.0,score 0.00
17.6,NORMAL,0,0.0,score 0.00
17.7,NORMAL,0,0.0,score 0.00
17.8,NORMAL,0,0.0,score 0.00
17.9,NORMAL,0,0.0,score 0.00
18.0,NORMAL,0,0.0,score 0.00
18.1,NORMAL,0,0.0,score 0.00
18.2,NORMAL,0,0.0,score 0.00
18.3,NORMAL,0,0.0,score 0.00
18.4,NORMAL,0,0.0,score 0.00
18.5,NORMAL,0,0.0,score 0.00
18.6,NORMAL,0,0.0,score 0.00
18.7,NORMAL,0,0.0,score 0.00
18.8,NORMAL,0,0.0,score 0.00
18.9,NORMAL,0,0.0,score 0.00
19.0,NORMAL,0,0.0,score 0.00
19.1,NORMAL,0,0.0,score 0.00
19.2,NORMAL,0,0.0,score 0.00
19.3,NORMAL,0,0.0,score 0.00
19.4,NORMAL,0,0.0,score 0.00
19.5,NORMAL,0,0.0,score 0.00
19.6,NORMAL,0,0.0,score 0.00
19.7,NORMAL,0,0.0,score 0.00
19.8,NORMAL,0,0.0,score 0.00
19.9,NORMAL,0,0.0,score 0.00
20.0,NORMAL,0,0.0,score 0.00
20.1,NORMAL,0,0.0,score 0.00
20.2,NORMAL,0,0.0,score 0.00
20.3,NORMAL,0,0.0,score 0.00
20.4,NORMAL,0,0.0,score 0.00
20.5,NORMAL,0,0.0,score 0.00
20.6,NORMAL,0,0.0,score 0.00
20.7,NORMAL,0,0.0,score 0.00
20.8,NORMAL,0,0.0,score 0.00
20.9,NORMAL,0,0.0,score 0.00
21.0,NORMAL,0,0.0,score 0.00
21.1,NORMAL,0,0.0,score 0.00
21.2,NORMAL,0,0.0,score 0.00
21.3,NORMAL,0,0.0,score 0.00
21.4,NORMAL,0,0.0,score 0.00
21.5,NORMAL,0,0.0,score 0.00
21.6,NORMAL,0,0.0,score 0.00
21.7,NORMAL,0,0.0,score 0.00
21.8,NORMAL,0,0.0,score 0.00
21.9,NORMAL,0,0.0,score 0.00
22.0,NORMAL,0,0.0,score 0.00
22.1,NORMAL,0,0.0,score 0.00
22.2,NORMAL,0,0.0,score 0.00
22.3,NORMAL,0,0.0,score 0.00
22.4,NORMAL,0,0.0,score 0.00
22.5,NORMAL,0,0.0,score 0.00
22.6,NORMAL,0,0.0,score 0.00
22.7,NORMAL,0,0.0,score 0.00
22.8,NORMAL,0,0.0,score 0.00
22.9,NORMAL,0,0.0,score 0.00
23.0,NORMAL,0,0.0,score 0.00
23.1,NORMAL,0,0.0,score 0.00
23.2,NORMAL,0,0.0,score 0.00
23.3,NORMAL,0,0.0,score 0.00
23.4,NORMAL,0,0.0,score 0.00
23.5,NORMAL,0,0.0,score 0.00
23.6,NORMAL,0,0.0,score 0.00
23.7,NORMAL,0,0.0,score 0.00
23.8,NORMAL,0,0.0,score 0.00
23.9,NORMAL,0,0.0,score 0.00
24.0,NORMAL,0,0.0,score 0.00
24.1,NORMAL,0,0.0,score 0.00
24.2,NORMAL,0,0.0,score 0.00
24.3,NORMAL,0,0.0,score 0.00
24.4,NORMAL,0,0.0,score 0.00
24.5,NORMAL,0,0.0,score 0.00
24.6,NORMAL,0,0.0,score 0.00
24.7,NORMAL,0,0.0,score 0.00
24.8,NORMAL,0,0.0,score 0.00
24.9,NORMAL,0,0.0,score 0.00
25.0,NORMAL,0,0.0,score 0.00
25.1,NORMAL,0,0.0,score 0.00
25.2,NORMAL,0,0.0,score 0.00
25.3,NORMAL,0,0.0,score 0.00
25.4,NORMAL,0,0.0,score 0.00
25.5,NORMAL,0,0.0,score 0.00
25.6,NORMAL,0,0.0,score 0.00
25.7,NORMAL,0,0.0,score 0.00
25.8,NORMAL,0,0.0,score 0.00
25.9,NORMAL,0,0.0,score 0.00
26.0,NORMAL,0,0.0,score 0.00
26.1,NORMAL,0,0.0,score 0.00
26.2,NORMAL,0,0.0,score 0.00
26.3,NORMAL,0,0.0,score 0.00
26.4,NORMAL,0,0.0,score 0.00
26.5,NORMAL,0,0.0,score 0.00
26.6,NORMAL,0,0.0,score 0.00
26.7,NORMAL,0,0.0,score 0.00
26.8,NORMAL,0,0.0,score 0.00
26.9,NORMAL,0,0.0,score 0.00
27.0,NORMAL,0,0.0,score 0.00
27.1,NORMAL,0,0.0,score 0.00
27.2,NORMAL,0,0.0,score 0.00
27.3,NORMAL,0,0.0,score 0.00
27.4,NORMAL,0,0.0,score 0.00
27.5,NORMAL,0,0.0,score 0.00
27.6,NORMAL,0,0.0,score 0.00
27.7,NORMAL,0,0.0,score 0.00
27.8,NORMAL,0,0.0,score 0.00
27.9,NORMAL,0,0.0,score 0.00
28.0,NORMAL,0,0.0,score 0.00
28.1,NORMAL,0,0.0,score 0.00
28.2,NORMAL,0,0.0,score 0.00
28.3,NORMAL,0,0.0,score 0.00
28.4,NORMAL,0,0.0,score 0.00
28.5,NORMAL,0,0.0,score 0.00
28.6,NORMAL,0,0.0,score 0.00
28.7,NORMAL,0,0.0,score 0.00
28.8,NORMAL,0,0.0,score 0.00
28.9,NORMAL,0,0.0,score 0.00
29.0,NORMAL,0,0.0,score 0.00
29.1,NORMAL,0,0.0,score 0.00
29.2,NORMAL,0,0.0,score 0.00
29.3,NORMAL,0,0.0,score 0.00
29.4,NORMAL,0,0.0,score 0.00
29.5,NORMAL,0,0.0,score 0.00
29.6,NORMAL,0,0.0,score 0.00
29.7,NORMAL,0,0.0,score 0.00
29.8,NORMAL,0,0.0,score 0.00
29.9,NORMAL,0,0.0,score 0.00
30.0,NORMAL,0,0.0,score 0.00
30.1,NORMAL,0,0.0,score 0.00
30.2,NORMAL,0,0.0,score 0.00
30.3,NORMAL,0,0.0,score 0.00
30.4,NORMAL,0,0.0,score 0.00
30.5,NORMAL,0,0.0,score 0.00
30.6,NORMAL,0,0.0,score 0.00
30.7,NORMAL,0,0.0,score 0.00
30.8,NORMAL,0,0.0,score 0.00
30.9,NORMAL,0,0.0,score 0.00
31.0,NORMAL,0,0.0,score 0.00
31.1,NORMAL,0,0.0,score 0.00
31.2,NORMAL,0,0.0,score 0.00
31.3,NORMAL,0,0.0,score 0.00
31.4,NORMAL,0,0.0,score 0.00
31.5,NORMAL,0,0.0,score 0.00
31.6,NORMAL,0,0.0,score 0.00
31.7,NORMAL,0,0.0,score 0.00
31.8,NORMAL,0,0.0,score 0.00
31.9,NORMAL,0,0.002,score 0.00
32.0,NORMAL,0,0.005,score 0.00
32.1,NORMAL,0,0.007,score 0.01
32.2,NORMAL,0,0.009,score 0.01
32.3,NORMAL,0,0.011,score 0.01
32.4,NORMAL,0,0.013,score 0.01
32.5,NORMAL,0,0.015,score 0.01
32.6,NORMAL,0,0.016,score 0.02
32.7,NORMAL,0,0.018,score 0.02
32.8,NORMAL,0,0.02,score 0.02
32.9,NORMAL,0,0.021,score 0.02
33.0,NORMAL,0,0.023,score 0.02
33.1,NORMAL,0,0.024,score 0.02
33.2,NORMAL,0,0.025,score 0.03
33.3,NORMAL,0,0.026,score 0.03
33.4,NORMAL,0,0.028,score 0.03
33.5,NORMAL,0,0.029,score 0.03
33.6,NORMAL,0,0.03,score 0.03
33.7,NORMAL,0,0.031,score 0.03
33.8,NORMAL,0,0.032,score 0.03
33.9,NORMAL,0,0.033,score 0.03
34.0,NORMAL,0,0.033,score 0.03
34.1,NORMAL,0,0.034,score 0.03
34.2,NORMAL,0,0.035,score 0.03
34.3,NORMAL,0,0.036,score 0.04
34.4,NORMAL,0,0.036,score 0.04
34.5,NORMAL,0,0.037,score 0.04
34.6,NORMAL,0,0.038,score 0.04
34.7,NORMAL,0,0.038,score 0.04
34.8,NORMAL,0,0.039,score 0.04
34.9,NORMAL,0,0.039,score 0.04
35.0,NORMAL,0,0.04,score 0.04
35.1,NORMAL,0,0.04,score 0.04
35.2,NORMAL,0,0.041,score 0.04
35.3,NORMAL,0,0.041,score 0.04
35.4,NORMAL,0,0.042,score 0.04
35.5,NORMAL,0,0.042,score 0.04
35.6,NORMAL,0,0.043,score 0.04
35.7,NORMAL,0,0.043,score 0.04
35.8,NORMAL,0,0.043,score 0.04
35.9,NORMAL,0,0.044,score 0.04
36.0,NORMAL,0,0.044,score 0.04
36.1,NORMAL,0,0.044,score 0.04
36.2,NORMAL,0,0.044,score 0.04
36.3,NORMAL,0,0.045,score 0.04
36.4,NORMAL,0,0.045,score 0.04
36.5,NORMAL,0,0.045,score 0.05
36.6,NORMAL,0,0.045,score 0.05
36.7,NORMAL,0,0.046,score 0.05
36.8,NORMAL,0,0.046,score 0.05
36.9,NORMAL,0,0.046,score 0.05
37.0,NORMAL,0,0.046,score 0.05
37.1,NORMAL,0,0.046,score 0.05
37.2,NORMAL,0,0.047,score 0.05
37.3,NORMAL,0,0.047,score 0.05
37.4,NORMAL,0,0.047,score 0.05
37.5,NORMAL,0,0.047,score 0.05
37.6,NORMAL,0,0.047,score 0.05
37.7,NORMAL,0,0.047,score 0.05
37.8,NORMAL,0,0.048,score 0.05
37.9,NORMAL,0,0.048,score 0.05
38.0,NORMAL,0,0.048,score 0.05
38.1,NORMAL,0,0.048,score 0.05
38.2,NORMAL,0,0.048,score 0.05
38.3,NORMAL,0,0.048,score 0.05
38.4,NORMAL,0,0.048,score 0.05
38.5,NORMAL,0,0.048,score 0.05
38.6,NORMAL,0,0.048,score 0.05
38.7,NORMAL,0,0.048,score 0.05
38.8,NORMAL,0,0.048,score 0.05
38.9,NORMAL,0,0.049,score 0.05
39.0,NORMAL,0,0.049,score 0.05
39.1,NORMAL,0,0.049,score 0.05
39.2,NORMAL,0,0.049,score 0.05
39.3,NORMAL,0,0.049,score 0.05
39.4,NORMAL,0,0.049,score 0.05
39.5,NORMAL,0,0.049,score 0.05
39.6,NORMAL,0,0.049,score 0.05
39.7,NORMAL,0,0.049,score 0.05
39.8,NORMAL,0,0.049,score 0.05
39.9,NORMAL,0,0.049,score 0.05
40.0,NORMAL,0,0.049,score 0.05
40.1,NORMAL,0,0.049,score 0.05
40.2,NORMAL,0,0.049,score 0.05
40.3,NORMAL,0,0.049,score 0.05
40.4,NORMAL,0,0.049,score 0.05
40.5,NORMAL,0,0.049,score 0.05
40.6,NORMAL,0,0.049,score 0.05
40.7,NORMAL,0,0.049,score 0.05
40.8,NORMAL,0,0.049,score 0.05
40.9,NORMAL,0,0.049,score 0.05
41.0,NORMAL,0,0.049,score 0.05
41.1,NORMAL,0,0.05,score 0.05
41.2,NORMAL,0,0.05,score 0.05
41.3,NORMAL,0,0.05,score 0.05
41.4,NORMAL,0,0.05,score 0.05
41.5,NORMAL,0,0.05,score 0.05
41.6,NORMAL,0,0.05,score 0.05
41.7,NORMAL,0,0.05,score 0.05
41.8,NORMAL,0,0.05,score 0.05
41.9,NORMAL,0,0.05,score 0.05
42.0,NORMAL,0,0.05,score 0.05
42.1,NORMAL,0,0.05,score 0.05
42.2,NORMAL,0,0.05,score 0.05
42.3,NORMAL,0,0.05,score 0.05
42.4,NORMAL,0,0.05,score 0.05
42.5,NORMAL,0,0.05,score 0.05
42.6,NORMAL,0,0.05,score 0.05
42.7,NORMAL,0,0.05,score 0.05
42.8,NORMAL,0,0.05,score 0.05
42.9,NORMAL,0,0.05,score 0.05
43.0,NORMAL,0,0.05,score 0.05
43.1,NORMAL,0,0.05,score 0.05
43.2,NORMAL,0,0.05,score 0.05
43.3,NORMAL,0,0.05,score 0.05
43.4,NORMAL,0,0.05,score 0.05
43.5,NORMAL,0,0.05,score 0.05
43.6,NORMAL,0,0.05,score 0.05
43.7,NORMAL,0,0.05,score 0.05
43.8,NORMAL,0,0.05,score 0.05
43.9,NORMAL,0,0.05,score 0.05
44.0,NORMAL,0,0.05,score 0.05
44.1,NORMAL,0,0.05,score 0.05
44.2,NORMAL,0,0.05,score 0.05
44.3,NORMAL,0,0.05,score 0.05
44.4,NORMAL,0,0.05,score 0.05
44.5,NORMAL,0,0.05,score 0.05
44.6,NORMAL,0,0.05,score 0.05
44.7,NORMAL,0,0.05,score 0.05
44.8,NORMAL,0,0.05,score 0.05
44.9,NORMAL,0,0.05,score 0.05
45.0,NORMAL,0,0.05,score 0.05
45.1,NORMAL,0,0.05,score 0.05
45.2,NORMAL,0,0.05,score 0.05
45.3,NORMAL,0,0.05,score 0.05
45.4,NORMAL,0,0.05,score 0.05
45.5,NORMAL,0,0.05,score 0.05
45.6,NORMAL,0,0.05,score 0.05
45.7,NORMAL,0,0.05,score 0.05
45.8,NORMAL,0,0.05,score 0.05
45.9,NORMAL,0,0.05,score 0.05
46.0,NORMAL,0,0.05,score 0.05
46.1,NORMAL,0,0.05,score 0.05
46.2,NORMAL,0,0.05,score 0.05
46.3,NORMAL,0,0.05,score 0.05
46.4,NORMAL,0,0.05,score 0.05
46.5,NORMAL,0,0.05,score 0.05
46.6,NORMAL,0,0.05,score 0.05
46.7,NORMAL,0,0.05,score 0.05
46.8,NORMAL,0,0.05,score 0.05
46.9,NORMAL,0,0.05,score 0.05
47.0,NORMAL,0,0.05,score 0.05
47.1,NORMAL,0,0.05,score 0.05
47.2,NORMAL,0,0.05,score 0.05
47.3,NORMAL,0,0.05,score 0.05
47.4,NORMAL,0,0.05,score 0.05
47.5,NORMAL,0,0.05,score 0.05
47.6,NORMAL,0,0.05,score 0.05
47.7,NORMAL,0,0.05,score 0.05
47.8,NORMAL,0,0.05,score 0.05
47.9,NORMAL,0,0.05,score 0.05
48.0,NORMAL,0,0.05,score 0.05
48.1,NORMAL,0,0.05,score 0.05
48.2,NORMAL,0,0.05,score 0.05
48.3,NORMAL,0,0.05,score 0.05
48.4,NORMAL,0,0.05,score 0.05
48.5,NORMAL,0,0.05,score 0.05
48.6,NORMAL,0,0.05,score 0.05
48.7,NORMAL,0,0.05,score 0.05
48.8,NORMAL,0,0.05,score 0.05
48.9,NORMAL,0,0.05,score 0.05
49.0,NORMAL,0,0.05,score 0.05
49.1,NORMAL,0,0.05,score 0.05
49.2,NORMAL,0,0.05,score 0.05
49.3,NORMAL,0,0.05,score 0.05
49.4,NORMAL,0,0.05,score 0.05
49.5,NORMAL,0,0.05,score 0.05
49.6,NORMAL,0,0.05,score 0.05
49.7,NORMAL,0,0.05,score 0.05
49.8,NORMAL,0,0.05,score 0.05
49.9,NORMAL,0,0.05,score 0.05
50.0,NORMAL,0,0.05,score 0.05
50.1,NORMAL,0,0.05,score 0.05
50.2,NORMAL,0,0.05,score 0.05
50.3,NORMAL,0,0.05,score 0.05
50.4,NORMAL,0,0.05,score 0.05
50.5,NORMAL,0,0.05,score 0.05
50.6,NORMAL,0,0.05,score 0.05
50.7,NORMAL,0,0.05,score 0.05
50.8,NORMAL,0,0.05,score 0.05
50.9,NORMAL,0,0.05,score 0.05
51.0,NORMAL,0,0.052,score 0.05
51.1,NORMAL,0,0.054,score 0.05
51.2,NORMAL,0,0.054,score 0.05
51.3,NORMAL,0,0.054,score 0.05
51.4,NORMAL,0,0.054,score 0.05
51.5,NORMAL,0,0.055,score 0.05
51.6,NORMAL,0,0.055,score 0.05
51.7,NORMAL,0,0.055,score 0.06
51.8,NORMAL,0,0.055,score 0.06
51.9,NORMAL,0,0.055,score 0.06
52.0,NORMAL,0,0.056,score 0.06
52.1,NORMAL,0,0.056,score 0.06
52.2,NORMAL,0,0.056,score 0.06
52.3,NORMAL,0,0.056,score 0.06
52.4,NORMAL,0,0.056,score 0.06
52.5,NORMAL,0,0.056,score 0.06
52.6,NORMAL,0,0.056,score 0.06
52.7,NORMAL,0,0.057,score 0.06
52.8,NORMAL,0,0.057,score 0.06
52.9,NORMAL,0,0.058,score 0.06
53.0,NORMAL,0,0.058,score 0.06
53.1,NORMAL,0,0.059,score 0.06
53.2,NORMAL,0,0.06,score 0.06
53.3,NORMAL,0,0.06,score 0.06
53.4,NORMAL,0,0.061,score 0.06
53.5,NORMAL,0,0.061,score 0.06
53.6,NORMAL,0,0.062,score 0.06
53.7,NORMAL,0,0.062,score 0.06
53.8,NORMAL,0,0.063,score 0.06
53.9,NORMAL,0,0.063,score 0.06
54.0,NORMAL,0,0.064,score 0.06
54.1,NORMAL,0,0.064,score 0.06
54.2,NORMAL,0,0.064,score 0.06
54.3,NORMAL,0,0.065,score 0.06
54.4,NORMAL,0,0.065,score 0.06
54.5,NORMAL,0,0.065,score 0.07
54.6,NORMAL,0,0.066,score 0.07
54.7,NORMAL,0,0.066,score 0.07
54.8,NORMAL,0,0.066,score 0.07
54.9,NORMAL,0,0.066,score 0.07
55.0,NORMAL,0,0.067,score 0.07
55.1,NORMAL,0,0.067,score 0.07
55.2,NORMAL,0,0.068,score 0.07
55.3,NORMAL,0,0.069,score 0.07
55.4,NORMAL,0,0.07,score 0.07
55.5,NORMAL,0,0.072,score 0.07
55.6,NORMAL,0,0.075,score 0.08
55.7,NORMAL,0,0.079,score 0.08
55.8,NORMAL,0,0.082,score 0.08
55.9,NORMAL,0,0.085,score 0.08
56.0,NORMAL,0,0.088,score 0.09
56.1,NORMAL,0,0.091,score 0.09
56.2,NORMAL,0,0.093,score 0.09
56.3,NORMAL,0,0.096,score 0.10
56.4,NORMAL,0,0.098,score 0.10
56.5,NORMAL,0,0.1,score 0.10
56.6,NORMAL,0,0.102,score 0.10
56.7,NORMAL,0,0.104,score 0.10
56.8,NORMAL,0,0.106,score 0.11
56.9,NORMAL,0,0.108,score 0.11
57.0,NORMAL,0,0.11,score 0.11
57.1,NORMAL,0,0.112,score 0.11
57.2,NORMAL,0,0.114,score 0.11
57.3,NORMAL,0,0.116,score 0.12
57.4,NORMAL,0,0.118,score 0.12
57.5,NORMAL,0,0.12,score 0.12
57.6,NORMAL,0,0.122,score 0.12
57.7,NORMAL,0,0.124,score 0.12
57.8,NORMAL,0,0.125,score 0.13
57.9,NORMAL,0,0.127,score 0.13
58.0,NORMAL,0,0.128,score 0.13
58.1,NORMAL,0,0.13,score 0.13
58.2,NORMAL,0,0.131,score 0.13
58.3,NORMAL,0,0.132,score 0.13
58.4,NORMAL,0,0.133,score 0.13
58.5,NORMAL,0,0.135,score 0.13
58.6,NORMAL,0,0.136,score 0.14
58.7,NORMAL,0,0.137,score 0.14
58.8,NORMAL,0,0.138,score 0.14
58.9,NORMAL,0,0.139,score 0.14
59.0,NORMAL,0,0.14,score 0.14
59.1,NORMAL,0,0.141,score 0.14
59.2,NORMAL,0,0.141,score 0.14
59.3,NORMAL,0,0.142,score 0.14
59.4,NORMAL,0,0.143,score 0.14
59.5,NORMAL,0,0.144,score 0.14
59.6,NORMAL,0,0.144,score 0.14
59.7,NORMAL,0,0.145,score 0.15
59.8,NORMAL,0,0.146,score 0.15
59.9,NORMAL,0,0.146,score 0.15
60.0,NORMAL,0,0.147,score 0.15
60.1,NORMAL,0,0.148,score 0.15
60.2,NORMAL,0,0.148,score 0.15
60.3,NORMAL,0,0.149,score 0.15
60.4,NORMAL,0,0.149,score 0.15
60.5,NORMAL,0,0.15,score 0.15
60.6,NORMAL,0,0.15,score 0.15
60.7,NORMAL,0,0.15,score 0.15
60.8,NORMAL,0,0.151,score 0.15
60.9,NORMAL,0,0.151,score 0.15
61.0,NORMAL,0,0.151,score 0.15
61.1,NORMAL,0,0.152,score 0.15
61.2,NORMAL,0,0.152,score 0.15
61.3,NORMAL,0,0.152,score 0.15
61.4,NORMAL,0,0.153,score 0.15
61.5,NORMAL,0,0.153,score 0.15
61.6,NORMAL,0,0.153,score 0.15
61.7,NORMAL,0,0.154,score 0.15
61.8,NORMAL,0,0.153,score 0.15
61.9,NORMAL,0,0.153,score 0.15
62.0,NORMAL,0,0.153,score 0.15
62.1,NORMAL,0,0.153,score 0.15
62.2,NORMAL,0,0.153,score 0.15
62.3,NORMAL,0,0.153,score 0.15
62.4,NORMAL,0,0.153,score 0.15
62.5,NORMAL,0,0.153,score 0.15
62.6,NORMAL,0,0.153,score 0.15
62.7,NORMAL,0,0.153,score 0.15
62.8,NORMAL,0,0.154,score 0.15
62.9,NORMAL,0,0.155,score 0.15
63.0,NORMAL,0,0.156,score 0.16
63.1,NORMAL,0,0.158,score 0.16
63.2,NORMAL,0,0.161,score 0.16
63.3,NORMAL,0,0.164,score 0.16
63.4,NORMAL,0,0.167,score 0.17
63.5,NORMAL,0,0.17,score 0.17
63.6,NORMAL,0,0.173,score 0.17
63.7,NORMAL,0,0.176,score 0.18
63.8,NORMAL,0,0.178,score 0.18
63.9,NORMAL,0,0.18,score 0.18
64.0,NORMAL,0,0.182,score 0.18
64.1,NORMAL,0,0.185,score 0.18
64.2,NORMAL,0,0.187,score 0.19
64.3,NORMAL,0,0.188,score 0.19
64.4,NORMAL,0,0.19,score 0.19
64.5,NORMAL,0,0.192,score 0.19
64.6,NORMAL,0,0.194,score 0.19
64.7,NORMAL,0,0.195,score 0.20
64.8,NORMAL,0,0.197,score 0.20
64.9,NORMAL,0,0.198,score 0.20
65.0,NORMAL,0,0.199,score 0.20
65.1,NORMAL,0,0.201,score 0.20
65.2,NORMAL,0,0.202,score 0.20
65.3,NORMAL,0,0.203,score 0.20
65.4,NORMAL,0,0.204,score 0.20
65.5,NORMAL,0,0.205,score 0.21
65.6,NORMAL,0,0.206,score 0.21
65.7,NORMAL,0,0.207,score 0.21
65.8,NORMAL,0,0.208,score 0.21
65.9,NORMAL,0,0.209,score 0.21
66.0,NORMAL,0,0.21,score 0.21
66.1,WARNING,1,0.21,score 0.21
66.2,WARNING,1,0.211,score 0.21
66.3,WARNING,1,0.212,score 0.21
66.4,WARNING,1,0.213,score 0.21
66.5,WARNING,1,0.214,score 0.21
66.6,WARNING,1,0.215,score 0.21
66.7,WARNING,1,0.216,score 0.22
66.8,WARNING,1,0.217,score 0.22
66.9,WARNING,1,0.218,score 0.22
67.0,WARNING,1,0.219,score 0.22
67.1,WARNING,1,0.22,score 0.22
67.2,WARNING,1,0.222,score 0.22
67.3,WARNING,1,0.223,score 0.22
67.4,WARNING,1,0.224,score 0.22
67.5,WARNING,1,0.225,score 0.23
67.6,WARNING,1,0.226,score 0.23
67.7,WARNING,1,0.227,score 0.23
67.8,WARNING,1,0.228,score 0.23
67.9,WARNING,1,0.229,score 0.23
68.0,WARNING,1,0.23,score 0.23
68.1,WARNING,1,0.231,score 0.23
68.2,WARNING,1,0.232,score 0.23
68.3,WARNING,1,0.232,score 0.23
68.4,WARNING,1,0.233,score 0.23
68.5,WARNING,1,0.234,score 0.23
68.6,WARNING,1,0.234,score 0.23
68.7,WARNING,1,0.235,score 0.23
68.8,WARNING,1,0.236,score 0.24
68.9,WARNING,1,0.236,score 0.24
69.0,WARNING,1,0.237,score 0.24
69.1,WARNING,1,0.237,score 0.24
69.2,WARNING,1,0.238,score 0.24
69.3,WARNING,1,0.238,score 0.24
69.4,WARNING,1,0.239,score 0.24
69.5,WARNING,1,0.239,score 0.24
69.6,WARNING,1,0.239,score 0.24
69.7,WARNING,1,0.24,score 0.24
69.8,WARNING,1,0.241,score 0.24
69.9,WARNING,1,0.242,score 0.24
70.0,WARNING,1,0.243,score 0.24
70.1,WARNING,1,0.245,score 0.24
70.2,WARNING,1,0.248,score 0.25
70.3,WARNING,1,0.252,score 0.25
70.4,WARNING,1,0.255,score 0.25
70.5,WARNING,1,0.258,score 0.26
70.6,WARNING,1,0.261,score 0.26
70.7,WARNING,1,0.263,score 0.26
70.8,WARNING,1,0.266,score 0.27
70.9,WARNING,1,0.268,score 0.27
71.0,WARNING,1,0.27,score 0.27
71.1,WARNING,1,0.272,score 0.27
71.2,WARNING,1,0.273,score 0.27
71.3,WARNING,1,0.275,score 0.28
71.4,WARNING,1,0.276,score 0.28
71.5,WARNING,1,0.277,score 0.28
71.6,WARNING,1,0.278,score 0.28
71.7,WARNING,1,0.279,score 0.28
71.8,WARNING,1,0.28,score 0.28
71.9,WARNING,1,0.281,score 0.28
72.0,WARNING,1,0.281,score 0.28
72.1,WARNING,1,0.282,score 0.28
72.2,WARNING,1,0.282,score 0.28
72.3,WARNING,1,0.283,score 0.28
72.4,WARNING,1,0.283,score 0.28
72.5,WARNING,1,0.283,score 0.28
72.6,WARNING,1,0.283,score 0.28
72.7,WARNING,1,0.283,score 0.28
72.8,WARNING,1,0.283,score 0.28
72.9,WARNING,1,0.283,score 0.28
73.0,WARNING,1,0.284,score 0.28
73.1,WARNING,1,0.284,score 0.28
73.2,WARNING,1,0.284,score 0.28
73.3,WARNING,1,0.285,score 0.28
73.4,WARNING,1,0.285,score 0.28
73.5,WARNING,1,0.285,score 0.29
73.6,WARNING,1,0.285,score 0.29
73.7,WARNING,1,0.286,score 0.29
73.8,WARNING,1,0.286,score 0.29
73.9,WARNING,1,0.286,score 0.29
74.0,WARNING,1,0.286,score 0.29
74.1,WARNING,1,0.287,score 0.29
74.2,WARNING,1,0.287,score 0.29
74.3,WARNING,1,0.287,score 0.29
74.4,WARNING,1,0.287,score 0.29
74.5,WARNING,1,0.286,score 0.29
74.6,WARNING,1,0.286,score 0.29
74.7,WARNING,1,0.286,score 0.29
74.8,WARNING,1,0.286,score 0.29
74.9,WARNING,1,0.286,score 0.29
75.0,WARNING,1,0.286,score 0.29
75.1,WARNING,1,0.286,score 0.29
75.2,WARNING,1,0.285,score 0.29
75.3,WARNING,1,0.285,score 0.29
75.4,WARNING,1,0.285,score 0.29
75.5,WARNING,1,0.285,score 0.29
75.6,WARNING,1,0.285,score 0.29
75.7,WARNING,1,0.285,score 0.29
75.8,WARNING,1,0.285,score 0.28
75.9,WARNING,1,0.285,score 0.28
76.0,WARNING,1,0.285,score 0.28
76.1,WARNING,1,0.285,score 0.28
76.2,WARNING,1,0.285,score 0.28
76.3,WARNING,1,0.285,score 0.28
76.4,WARNING,1,0.285,score 0.28
76.5,WARNING,1,0.284,score 0.28
76.6,WARNING,1,0.284,score 0.28
76.7,WARNING,1,0.284,score 0.28
76.8,WARNING,1,0.284,score 0.28
76.9,WARNING,1,0.284,score 0.28
77.0,WARNING,1,0.284,score 0.28
77.1,WARNING,1,0.284,score 0.28
77.2,WARNING,1,0.284,score 0.28
77.3,WARNING,1,0.284,score 0.28
77.4,WARNING,1,0.284,score 0.28
77.5,WARNING,1,0.284,score 0.28
77.6,WARNING,1,0.284,score 0.28
77.7,WARNING,1,0.284,score 0.28
77.8,WARNING,1,0.284,score 0.28
77.9,WARNING,1,0.284,score 0.28
78.0,WARNING,1,0.284,score 0.28
78.1,WARNING,1,0.284,score 0.28
78.2,WARNING,1,0.284,score 0.28
78.3,WARNING,1,0.284,score 0.28
78.4,WARNING,1,0.284,score 0.28
78.5,WARNING,1,0.284,score 0.28
78.6,WARNING,1,0.284,score 0.28
78.7,WARNING,1,0.284,score 0.28
78.8,WARNING,1,0.284,score 0.28
78.9,WARNING,1,0.284,score 0.28
79.0,WARNING,1,0.284,score 0.28
79.1,WARNING,1,0.284,score 0.28
79.2,WARNING,1,0.284,score 0.28
79.3,WARNING,1,0.284,score 0.28
79.4,WARNING,1,0.284,score 0.28
79.5,WARNING,1,0.284,score 0.28
79.6,WARNING,1,0.284,score 0.28
79.7,WARNING,1,0.284,score 0.28
79.8,WARNING,1,0.284,score 0.28
79.9,WARNING,1,0.284,score 0.28
80.0,WARNING,1,0.284,score 0.28
80.1,WARNING,1,0.284,score 0.28
80.2,WARNING,1,0.284,score 0.28
80.3,WARNING,1,0.284,score 0.28
80.4,WARNING,1,0.284,score 0.28
80.5,WARNING,1,0.283,score 0.28
80.6,WARNING,1,0.283,score 0.28
80.7,WARNING,1,0.282,score 0.28
80.8,WARNING,1,0.282,score 0.28
80.9,WARNING,1,0.28,score 0.28
81.0,WARNING,1,0.279,score 0.28
81.1,WARNING,1,0.277,score 0.28
81.2,WARNING,1,0.274,score 0.27
81.3,WARNING,1,0.27,score 0.27
81.4,WARNING,1,0.267,score 0.27
81.5,WARNING,1,0.264,score 0.26
81.6,WARNING,1,0.261,score 0.26
81.7,WARNING,1,0.258,score 0.26
81.8,WARNING,1,0.256,score 0.26
81.9,WARNING,1,0.253,score 0.25
82.0,WARNING,1,0.251,score 0.25
82.1,WARNING,1,0.248,score 0.25
82.2,WARNING,1,0.246,score 0.25
82.3,WARNING,1,0.244,score 0.24
82.4,WARNING,1,0.242,score 0.24
82.5,WARNING,1,0.24,score 0.24
82.6,WARNING,1,0.239,score 0.24
82.7,WARNING,1,0.237,score 0.24
82.8,WARNING,1,0.235,score 0.24
82.9,WARNING,1,0.233,score 0.23
83.0,WARNING,1,0.231,score 0.23
83.1,WARNING,1,0.229,score 0.23
83.2,WARNING,1,0.227,score 0.23
83.3,WARNING,1,0.226,score 0.23
83.4,WARNING,1,0.224,score 0.22
83.5,WARNING,1,0.222,score 0.22
83.6,WARNING,1,0.221,score 0.22
83.7,WARNING,1,0.219,score 0.22
83.8,WARNING,1,0.218,score 0.22
83.9,WARNING,1,0.217,score 0.22
84.0,WARNING,1,0.215,score 0.22
84.1,WARNING,1,0.214,score 0.21
84.2,WARNING,1,0.213,score 0.21
84.3,WARNING,1,0.212,score 0.21
84.4,WARNING,1,0.211,score 0.21
84.5,WARNING,1,0.21,score 0.21
84.6,WARNING,1,0.209,score 0.21
84.7,WARNING,1,0.208,score 0.21
84.8,WARNING,1,0.207,score 0.21
84.9,WARNING,1,0.207,score 0.21
85.0,WARNING,1,0.206,score 0.21
85.1,WARNING,1,0.205,score 0.21
85.2,WARNING,1,0.204,score 0.20
85.3,WARNING,1,0.203,score 0.20
85.4,WARNING,1,0.201,score 0.20
85.5,WARNING,1,0.2,score 0.20
85.6,WARNING,1,0.198,score 0.20
85.7,WARNING,1,0.194,score 0.19
85.8,WARNING,1,0.19,score 0.19
85.9,WARNING,1,0.187,score 0.19
86.0,WARNING,1,0.184,score 0.18
86.1,WARNING,1,0.182,score 0.18
86.2,WARNING,1,0.179,score 0.18
86.3,WARNING,1,0.177,score 0.18
86.4,WARNING,1,0.175,score 0.17
86.5,WARNING,1,0.173,score 0.17
86.6,WARNING,1,0.171,score 0.17
86.7,WARNING,1,0.169,score 0.17
86.8,WARNING,1,0.167,score 0.17
86.9,WARNING,1,0.166,score 0.17
87.0,WARNING,1,0.164,score 0.16
87.1,WARNING,1,0.162,score 0.16
87.2,WARNING,1,0.16,score 0.16
87.3,WARNING,1,0.158,score 0.16
87.4,WARNING,1,0.157,score 0.16
87.5,WARNING,1,0.155,score 0.15
87.6,WARNING,1,0.153,score 0.15
87.7,WARNING,1,0.152,score 0.15
87.8,WARNING,1,0.15,score 0.15
87.9,WARNING,1,0.149,score 0.15
88.0,WARNING,1,0.148,score 0.15
88.1,WARNING,1,0.147,score 0.15
88.2,WARNING,1,0.145,score 0.15
88.3,WARNING,1,0.144,score 0.14
88.4,WARNING,1,0.143,score 0.14
88.5,WARNING,1,0.142,score 0.14
88.6,WARNING,1,0.141,score 0.14
88.7,WARNING,1,0.14,score 0.14
88.8,WARNING,1,0.139,score 0.14
88.9,WARNING,1,0.137,score 0.14
89.0,WARNING,1,0.136,score 0.14
89.1,WARNING,1,0.135,score 0.13
89.2,WARNING,1,0.134,score 0.13
89.3,WARNING,1,0.132,score 0.13
89.4,WARNING,1,0.131,score 0.13
89.5,WARNING,1,0.13,score 0.13
89.6,WARNING,1,0.129,score 0.13
89.7,WARNING,1,0.128,score 0.13
89.8,WARNING,1,0.127,score 0.13
89.9,WARNING,1,0.127,score 0.13
90.0,WARNING,1,0.126,score 0.13
90.1,WARNING,1,0.125,score 0.12
90.2,WARNING,1,0.124,score 0.12
90.3,WARNING,1,0.124,score 0.12
90.4,WARNING,1,0.125,score 0.13
90.5,WARNING,1,0.127,score 0.13
90.6,WARNING,1,0.129,score 0.13
90.7,WARNING,1,0.13,score 0.13
90.8,WARNING,1,0.132,score 0.13
90.9,WARNING,1,0.133,score 0.13
91.0,WARNING,1,0.134,score 0.13
91.1,WARNING,1,0.135,score 0.14
91.2,WARNING,1,0.137,score 0.14
91.3,WARNING,1,0.138,score 0.14
91.4,WARNING,1,0.139,score 0.14
91.5,WARNING,1,0.14,score 0.14
91.6,WARNING,1,0.141,score 0.14
91.7,WARNING,1,0.142,score 0.14
91.8,WARNING,1,0.143,score 0.14
91.9,WARNING,1,0.141,score 0.14
92.0,WARNING,1,0.14,score 0.14
92.1,WARNING,1,0.138,score 0.14
92.2,WARNING,1,0.137,score 0.14
92.3,WARNING,1,0.135,score 0.14
92.4,WARNING,1,0.134,score 0.13
92.5,WARNING,1,0.133,score 0.13
92.6,WARNING,1,0.132,score 0.13
92.7,WARNING,1,0.13,score 0.13
92.8,WARNING,1,0.129,score 0.13
92.9,WARNING,1,0.127,score 0.13
93.0,WARNING,1,0.125,score 0.13
93.1,WARNING,1,0.124,score 0.12
93.2,WARNING,1,0.12,score 0.12
93.3,WARNING,1,0.117,score 0.12
93.4,WARNING,1,0.113,score 0.11
93.5,WARNING,1,0.11,score 0.11
93.6,WARNING,1,0.107,score 0.11
93.7,WARNING,1,0.104,score 0.10
93.8,WARNING,1,0.102,score 0.10
93.9,WARNING,1,0.099,score 0.10
94.0,WARNING,1,0.097,score 0.10
94.1,WARNING,1,0.095,score 0.09
94.2,WARNING,1,0.092,score 0.09
94.3,WARNING,1,0.09,score 0.09
94.4,WARNING,1,0.088,score 0.09
94.5,WARNING,1,0.087,score 0.09
94.6,WARNING,1,0.085,score 0.08
94.7,WARNING,1,0.083,score 0.08
94.8,WARNING,1,0.081,score 0.08
94.9,NORMAL,0,0.08,score 0.08
95.0,NORMAL,0,0.079,score 0.08
95.1,NORMAL,0,0.079,score 0.08
95.2,NORMAL,0,0.079,score 0.08
95.3,NORMAL,0,0.083,score 0.08
95.4,NORMAL,0,0.087,score 0.09
95.5,NORMAL,0,0.09,score 0.09
95.6,NORMAL,0,0.094,score 0.09
95.7,NORMAL,0,0.097,score 0.10
95.8,NORMAL,0,0.1,score 0.10
95.9,NORMAL,0,0.103,score 0.10
96.0,NORMAL,0,0.106,score 0.11
96.1,NORMAL,0,0.108,score 0.11
96.2,NORMAL,0,0.111,score 0.11
96.3,NORMAL,0,0.113,score 0.11
96.4,NORMAL,0,0.115,score 0.12
96.5,NORMAL,0,0.117,score 0.12
96.6,NORMAL,0,0.119,score 0.12
96.7,NORMAL,0,0.12,score 0.12
96.8,NORMAL,0,0.122,score 0.12
96.9,NORMAL,0,0.123,score 0.12
97.0,NORMAL,0,0.124,score 0.12
97.1,NORMAL,0,0.125,score 0.13
97.2,NORMAL,0,0.126,score 0.13
97.3,NORMAL,0,0.126,score 0.13
97.4,NORMAL,0,0.127,score 0.13
97.5,NORMAL,0,0.128,score 0.13
97.6,NORMAL,0,0.128,score 0.13
97.7,NORMAL,0,0.129,score 0.13
97.8,NORMAL,0,0.129,score 0.13
97.9,NORMAL,0,0.13,score 0.13
98.0,NORMAL,0,0.13,score 0.13
98.1,NORMAL,0,0.131,score 0.13
98.2,NORMAL,0,0.131,score 0.13
98.3,NORMAL,0,0.132,score 0.13
98.4,NORMAL,0,0.132,score 0.13
98.5,NORMAL,0,0.133,score 0.13
98.6,NORMAL,0,0.133,score 0.13
98.7,NORMAL,0,0.133,score 0.13
98.8,NORMAL,0,0.134,score 0.13
98.9,NORMAL,0,0.134,score 0.13
99.0,NORMAL,0,0.134,score 0.13
99.1,NORMAL,0,0.135,score 0.13
99.2,NORMAL,0,0.135,score 0.13
99.3,NORMAL,0,0.135,score 0.14
99.4,NORMAL,0,0.135,score 0.14
99.5,NORMAL,0,0.136,score 0.14
99.6,NORMAL,0,0.136,score 0.14
99.7,NORMAL,0,0.136,score 0.14
99.8,NORMAL,0,0.136,score 0.14
99.9,NORMAL,0,0.136,score 0.14
100.0,NORMAL,0,0.136,score 0.14
100.1,NORMAL,0,0.137,score 0.14
100.2,NORMAL,0,0.135,score 0.13
100.3,NORMAL,0,0.133,score 0.13
100.4,NORMAL,0,0.132,score 0.13
100.5,NORMAL,0,0.13,score 0.13
100.6,NORMAL,0,0.129,score 0.13
100.7,NORMAL,0,0.127,score 0.13
100.8,NORMAL,0,0.126,score 0.13
100.9,NORMAL,0,0.125,score 0.12
101.0,NORMAL,0,0.123,score 0.12
101.1,NORMAL,0,0.122,score 0.12
101.2,NORMAL,0,0.121,score 0.12
101.3,NORMAL,0,0.12,score 0.12
101.4,NORMAL,0,0.119,score 0.12
101.5,NORMAL,0,0.118,score 0.12
101.6,NORMAL,0,0.117,score 0.12
101.7,NORMAL,0,0.116,score 0.12
101.8,NORMAL,0,0.116,score 0.12
101.9,NORMAL,0,0.115,score 0.11
102.0,NORMAL,0,0.114,score 0.11
102.1,NORMAL,0,0.113,score 0.11
102.2,NORMAL,0,0.113,score 0.11
102.3,NORMAL,0,0.112,score 0.11
102.4,NORMAL,0,0.112,score 0.11
102.5,NORMAL,0,0.111,score 0.11
102.6,NORMAL,0,0.111,score 0.11
102.7,NORMAL,0,0.11,score 0.11
102.8,NORMAL,0,0.11,score 0.11
102.9,NORMAL,0,0.109,score 0.11
103.0,NORMAL,0,0.109,score 0.11
103.1,NORMAL,0,0.108,score 0.11
103.2,NORMAL,0,0.108,score 0.11
103.3,NORMAL,0,0.107,score 0.11
103.4,NORMAL,0,0.107,score 0.11
103.5,NORMAL,0,0.107,score 0.11
103.6,NORMAL,0,0.106,score 0.11
103.7,NORMAL,0,0.106,score 0.11
103.8,NORMAL,0,0.106,score 0.11
103.9,NORMAL,0,0.105,score 0.11
104.0,NORMAL,0,0.105,score 0.11
104.1,NORMAL,0,0.105,score 0.10
104.2,NORMAL,0,0.105,score 0.10
104.3,NORMAL,0,0.104,score 0.10
104.4,NORMAL,0,0.104,score 0.10
104.5,NORMAL,0,0.104,score 0.10
104.6,NORMAL,0,0.104,score 0.10
104.7,NORMAL,0,0.104,score 0.10
104.8,NORMAL,0,0.103,score 0.10
104.9,NORMAL,0,0.103,score 0.10
105.0,NORMAL,0,0.103,score 0.10
105.1,NORMAL,0,0.103,score 0.10
105.2,NORMAL,0,0.103,score 0.10
105.3,NORMAL,0,0.103,score 0.10
105.4,NORMAL,0,0.103,score 0.10
105.5,NORMAL,0,0.102,score 0.10
105.6,NORMAL,0,0.102,score 0.10
105.7,NORMAL,0,0.102,score 0.10
105.8,NORMAL,0,0.102,score 0.10
105.9,NORMAL,0,0.102,score 0.10
106.0,NORMAL,0,0.102,score 0.10
106.1,NORMAL,0,0.102,score 0.10
106.2,NORMAL,0,0.102,score 0.10
106.3,NORMAL,0,0.102,score 0.10
106.4,NORMAL,0,0.102,score 0.10
106.5,NORMAL,0,0.101,score 0.10
106.6,NORMAL,0,0.101,score 0.10
106.7,NORMAL,0,0.101,score 0.10
106.8,NORMAL,0,0.101,score 0.10
106.9,NORMAL,0,0.101,score 0.10
107.0,NORMAL,0,0.101,score 0.10
107.1,NORMAL,0,0.101,score 0.10
107.2,NORMAL,0,0.101,score 0.10
107.3,NORMAL,0,0.101,score 0.10
107.4,NORMAL,0,0.101,score 0.10
107.5,NORMAL,0,0.102,score 0.10
107.6,NORMAL,0,0.102,score 0.10
107.7,NORMAL,0,0.103,score 0.10
107.8,NORMAL,0,0.104,score 0.10
107.9,NORMAL,0,0.104,score 0.10
108.0,NORMAL,0,0.105,score 0.10
108.1,NORMAL,0,0.106,score 0.11
108.2,NORMAL,0,0.107,score 0.11
108.3,NORMAL,0,0.109,score 0.11
108.4,NORMAL,0,0.11,score 0.11
108.5,NORMAL,0,0.111,score 0.11
108.6,NORMAL,0,0.112,score 0.11
108.7,NORMAL,0,0.113,score 0.11
108.8,NORMAL,0,0.114,score 0.11
108.9,NORMAL,0,0.115,score 0.12
109.0,NORMAL,0,0.116,score 0.12
109.1,NORMAL,0,0.117,score 0.12
109.2,NORMAL,0,0.118,score 0.12
109.3,NORMAL,0,0.119,score 0.12
109.4,NORMAL,0,0.119,score 0.12
109.5,NORMAL,0,0.12,score 0.12
109.6,NORMAL,0,0.121,score 0.12
109.7,NORMAL,0,0.121,score 0.12
109.8,NORMAL,0,0.122,score 0.12
109.9,NORMAL,0,0.123,score 0.12
110.0,NORMAL,0,0.123,score 0.12
110.1,NORMAL,0,0.124,score 0.12
110.2,NORMAL,0,0.124,score 0.12
110.3,NORMAL,0,0.125,score 0.12
110.4,NORMAL,0,0.125,score 0.13
110.5,NORMAL,0,0.126,score 0.13
110.6,NORMAL,0,0.126,score 0.13
110.7,NORMAL,0,0.127,score 0.13
110.8,NORMAL,0,0.127,score 0.13
110.9,NORMAL,0,0.128,score 0.13
111.0,NORMAL,0,0.128,score 0.13
111.1,NORMAL,0,0.129,score 0.13
111.2,NORMAL,0,0.129,score 0.13
111.3,NORMAL,0,0.13,score 0.13
111.4,NORMAL,0,0.13,score 0.13
111.5,NORMAL,0,0.13,score 0.13
111.6,NORMAL,0,0.131,score 0.13
111.7,NORMAL,0,0.131,score 0.13
111.8,NORMAL,0,0.131,score 0.13
111.9,NORMAL,0,0.132,score 0.13
112.0,NORMAL,0,0.132,score 0.13
112.1,NORMAL,0,0.132,score 0.13
112.2,NORMAL,0,0.133,score 0.13
112.3,NORMAL,0,0.133,score 0.13
112.4,NORMAL,0,0.133,score 0.13
112.5,NORMAL,0,0.133,score 0.13
112.6,NORMAL,0,0.133,score 0.13
112.7,NORMAL,0,0.134,score 0.13
112.8,NORMAL,0,0.134,score 0.13
112.9,NORMAL,0,0.134,score 0.13
113.0,NORMAL,0,0.134,score 0.13
113.1,NORMAL,0,0.134,score 0.13
113.2,NORMAL,0,0.135,score 0.13
113.3,NORMAL,0,0.135,score 0.13
113.4,NORMAL,0,0.135,score 0.13
113.5,NORMAL,0,0.135,score 0.14
113.6,NORMAL,0,0.135,score 0.14
113.7,NORMAL,0,0.135,score 0.14
113.8,NORMAL,0,0.136,score 0.14
113.9,NORMAL,0,0.136,score 0.14
114.0,NORMAL,0,0.137,score 0.14
114.1,NORMAL,0,0.138,score 0.14
114.2,NORMAL,0,0.139,score 0.14
114.3,NORMAL,0,0.142,score 0.14
114.4,NORMAL,0,0.145,score 0.14
114.5,NORMAL,0,0.148,score 0.15
114.6,NORMAL,0,0.151,score 0.15
114.7,NORMAL,0,0.154,score 0.15
114.8,NORMAL,0,0.157,score 0.16
114.9,NORMAL,0,0.16,score 0.16
115.0,NORMAL,0,0.163,score 0.16
115.1,NORMAL,0,0.166,score 0.17
115.2,NORMAL,0,0.168,score 0.17
115.3,NORMAL,0,0.17,score 0.17
115.4,NORMAL,0,0.173,score 0.17
115.5,NORMAL,0,0.175,score 0.17
115.6,NORMAL,0,0.177,score 0.18
115.7,NORMAL,0,0.179,score 0.18
115.8,NORMAL,0,0.18,score 0.18
115.9,NORMAL,0,0.182,score 0.18
116.0,NORMAL,0,0.183,score 0.18
116.1,NORMAL,0,0.184,score 0.18
116.2,NORMAL,0,0.185,score 0.19
116.3,NORMAL,0,0.186,score 0.19
116.4,NORMAL,0,0.187,score 0.19
116.5,NORMAL,0,0.188,score 0.19
116.6,NORMAL,0,0.19,score 0.19
116.7,NORMAL,0,0.191,score 0.19
116.8,NORMAL,0,0.192,score 0.19
116.9,NORMAL,0,0.194,score 0.19
117.0,NORMAL,0,0.195,score 0.20
117.1,NORMAL,0,0.197,score 0.20
117.2,NORMAL,0,0.199,score 0.20
117.3,NORMAL,0,0.201,score 0.20
117.4,NORMAL,0,0.202,score 0.20
117.5,NORMAL,0,0.204,score 0.20
117.6,NORMAL,0,0.205,score 0.21
117.7,NORMAL,0,0.207,score 0.21
117.8,NORMAL,0,0.208,score 0.21
117.9,NORMAL,0,0.209,score 0.21
118.0,NORMAL,0,0.21,score 0.21
118.1,NORMAL,0,0.212,score 0.21
118.2,NORMAL,0,0.213,score 0.21
118.3,WARNING,1,0.214,score 0.21
118.4,WARNING,1,0.215,score 0.21
118.5,WARNING,1,0.216,score 0.22
118.6,WARNING,1,0.216,score 0.22
118.7,WARNING,1,0.217,score 0.22
118.8,WARNING,1,0.218,score 0.22
118.9,WARNING,1,0.219,score 0.22
119.0,WARNING,1,0.22,score 0.22
119.1,WARNING,1,0.22,score 0.22
119.2,WARNING,1,0.221,score 0.22
119.3,WARNING,1,0.222,score 0.22
119.4,WARNING,1,0.222,score 0.22
119.5,WARNING,1,0.223,score 0.22
119.6,WARNING,1,0.223,score 0.22
119.7,WARNING,1,0.224,score 0.22
119.8,WARNING,1,0.225,score 0.22
119.9,WARNING,1,0.225,score 0.23
120.0,WARNING,1,0.226,score 0.23
120.1,WARNING,1,0.226,score 0.23
120.2,WARNING,1,0.227,score 0.23
120.3,WARNING,1,0.227,score 0.23
120.4,WARNING,1,0.227,score 0.23
120.5,WARNING,1,0.228,score 0.23
120.6,WARNING,1,0.228,score 0.23
120.7,WARNING,1,0.229,score 0.23
120.8,WARNING,1,0.231,score 0.23
120.9,WARNING,1,0.234,score 0.23
121.0,WARNING,1,0.236,score 0.24
121.1,WARNING,1,0.239,score 0.24
121.2,WARNING,1,0.241,score 0.24
121.3,WARNING,1,0.243,score 0.24
121.4,WARNING,1,0.245,score 0.25
121.5,WARNING,1,0.247,score 0.25
121.6,WARNING,1,0.249,score 0.25
121.7,WARNING,1,0.251,score 0.25
121.8,WARNING,1,0.254,score 0.25
121.9,WARNING,1,0.256,score 0.26
122.0,WARNING,1,0.259,score 0.26
122.1,WARNING,1,0.261,score 0.26
122.2,WARNING,1,0.263,score 0.26
122.3,WARNING,1,0.265,score 0.27
122.4,WARNING,1,0.268,score 0.27
122.5,WARNING,1,0.269,score 0.27
122.6,WARNING,1,0.271,score 0.27
122.7,WARNING,1,0.273,score 0.27
122.8,WARNING,1,0.275,score 0.27
122.9,WARNING,1,0.276,score 0.28
123.0,WARNING,1,0.278,score 0.28
123.1,WARNING,1,0.279,score 0.28
123.2,WARNING,1,0.281,score 0.28
123.3,WARNING,1,0.282,score 0.28
123.4,WARNING,1,0.283,score 0.28
123.5,WARNING,1,0.284,score 0.28
123.6,WARNING,1,0.285,score 0.29
123.7,WARNING,1,0.286,score 0.29
123.8,WARNING,1,0.287,score 0.29
123.9,WARNING,1,0.288,score 0.29
124.0,WARNING,1,0.29,score 0.29
124.1,WARNING,1,0.291,score 0.29
124.2,WARNING,1,0.293,score 0.29
124.3,WARNING,1,0.295,score 0.29
124.4,WARNING,1,0.297,score 0.30
124.5,WARNING,1,0.298,score 0.30
124.6,WARNING,1,0.3,score 0.30
124.7,WARNING,1,0.302,score 0.30
124.8,WARNING,1,0.303,score 0.30
124.9,WARNING,1,0.304,score 0.30
125.0,WARNING,1,0.304,score 0.30
125.1,WARNING,1,0.304,score 0.30
125.2,WARNING,1,0.304,score 0.30
125.3,WARNING,1,0.302,score 0.30
125.4,WARNING,1,0.3,score 0.30
125.5,WARNING,1,0.298,score 0.30
125.6,WARNING,1,0.296,score 0.30
125.7,WARNING,1,0.294,score 0.29
125.8,WARNING,1,0.293,score 0.29
125.9,WARNING,1,0.291,score 0.29
126.0,WARNING,1,0.29,score 0.29
126.1,WARNING,1,0.288,score 0.29
126.2,WARNING,1,0.287,score 0.29
126.3,WARNING,1,0.285,score 0.29
126.4,WARNING,1,0.284,score 0.28
126.5,WARNING,1,0.283,score 0.28
126.6,WARNING,1,0.282,score 0.28
126.7,WARNING,1,0.281,score 0.28
126.8,WARNING,1,0.28,score 0.28
126.9,WARNING,1,0.279,score 0.28
127.0,WARNING,1,0.278,score 0.28
127.1,WARNING,1,0.277,score 0.28
127.2,WARNING,1,0.276,score 0.28
127.3,WARNING,1,0.275,score 0.28
127.4,WARNING,1,0.275,score 0.27
127.5,WARNING,1,0.275,face lost: hold state
127.6,WARNING,1,0.275,face lost: hold state
127.7,WARNING,1,0.275,face lost: hold state
127.8,WARNING,1,0.275,face lost: hold state
127.9,WARNING,1,0.275,face lost: hold state
128.0,WARNING,1,0.275,face lost: hold state
128.1,WARNING,1,0.275,face lost: hold state
128.2,WARNING,1,0.275,face lost: hold state
128.3,WARNING,1,0.275,face lost: hold state
128.4,WARNING,1,0.275,face lost: hold state
128.5,WARNING,1,0.275,face lost: hold state
128.6,WARNING,1,0.274,score 0.27
128.7,WARNING,1,0.274,score 0.27
128.8,WARNING,1,0.274,score 0.27
128.9,WARNING,1,0.273,score 0.27
129.0,WARNING,1,0.273,score 0.27
129.1,WARNING,1,0.273,score 0.27
129.2,WARNING,1,0.272,score 0.27
129.3,WARNING,1,0.272,score 0.27
129.4,WARNING,1,0.272,score 0.27
129.5,WARNING,1,0.272,score 0.27
129.6,WARNING,1,0.271,score 0.27
129.7,WARNING,1,0.271,score 0.27
129.8,WARNING,1,0.271,score 0.27
129.9,WARNING,1,0.271,score 0.27
130.0,WARNING,1,0.271,score 0.27
130.1,WARNING,1,0.27,score 0.27
130.2,WARNING,1,0.27,score 0.27
130.3,WARNING,1,0.27,score 0.27
130.4,WARNING,1,0.27,score 0.27
130.5,WARNING,1,0.27,score 0.27
130.6,WARNING,1,0.27,score 0.27
130.7,WARNING,1,0.27,score 0.27
130.8,WARNING,1,0.269,score 0.27
130.9,WARNING,1,0.269,score 0.27
131.0,WARNING,1,0.269,score 0.27
131.1,WARNING,1,0.269,score 0.27
131.2,WARNING,1,0.269,score 0.27
131.3,WARNING,1,0.269,score 0.27
131.4,WARNING,1,0.269,score 0.27
131.5,WARNING,1,0.269,score 0.27
131.6,WARNING,1,0.27,score 0.27
131.7,WARNING,1,0.271,score 0.27
131.8,WARNING,1,0.272,score 0.27
131.9,WARNING,1,0.272,score 0.27
132.0,WARNING,1,0.273,score 0.27
132.1,WARNING,1,0.274,score 0.27
132.2,WARNING,1,0.274,score 0.27
132.3,WARNING,1,0.273,score 0.27
132.4,WARNING,1,0.273,score 0.27
132.5,WARNING,1,0.272,score 0.27
132.6,WARNING,1,0.272,score 0.27
132.7,WARNING,1,0.272,score 0.27
132.8,WARNING,1,0.271,score 0.27
132.9,WARNING,1,0.271,score 0.27
133.0,WARNING,1,0.27,score 0.27
133.1,WARNING,1,0.27,score 0.27
133.2,WARNING,1,0.27,score 0.27
133.3,WARNING,1,0.269,score 0.27
133.4,WARNING,1,0.268,score 0.27
133.5,WARNING,1,0.267,score 0.27
133.6,WARNING,1,0.266,score 0.27
133.7,WARNING,1,0.266,score 0.27
133.8,WARNING,1,0.265,score 0.27
133.9,WARNING,1,0.265,score 0.27
134.0,WARNING,1,0.265,score 0.26
134.1,WARNING,1,0.265,score 0.26
134.2,WARNING,1,0.264,score 0.26
134.3,WARNING,1,0.264,score 0.26
134.4,WARNING,1,0.264,score 0.26
134.5,WARNING,1,0.264,score 0.26
134.6,WARNING,1,0.264,score 0.26
134.7,WARNING,1,0.263,score 0.26
134.8,WARNING,1,0.263,score 0.26
134.9,WARNING,1,0.263,score 0.26
135.0,WARNING,1,0.263,score 0.26
135.1,WARNING,1,0.263,score 0.26
135.2,WARNING,1,0.263,score 0.26
135.3,WARNING,1,0.262,score 0.26
135.4,WARNING,1,0.262,score 0.26
135.5,WARNING,1,0.262,score 0.26
135.6,WARNING,1,0.262,score 0.26
135.7,WARNING,1,0.262,score 0.26
135.8,WARNING,1,0.262,score 0.26
135.9,WARNING,1,0.262,score 0.26
136.0,WARNING,1,0.262,score 0.26
136.1,WARNING,1,0.262,score 0.26
136.2,WARNING,1,0.262,score 0.26
136.3,WARNING,1,0.262,score 0.26
136.4,WARNING,1,0.262,score 0.26
136.5,WARNING,1,0.263,score 0.26
136.6,WARNING,1,0.264,score 0.26
136.7,WARNING,1,0.264,score 0.26
136.8,WARNING,1,0.265,score 0.26
136.9,WARNING,1,0.265,score 0.27
137.0,WARNING,1,0.266,score 0.27
137.1,WARNING,1,0.266,score 0.27
137.2,WARNING,1,0.267,score 0.27
137.3,WARNING,1,0.267,score 0.27
137.4,WARNING,1,0.267,score 0.27
137.5,WARNING,1,0.267,score 0.27
137.6,WARNING,1,0.267,score 0.27
137.7,WARNING,1,0.266,score 0.27
137.8,WARNING,1,0.265,score 0.27
137.9,WARNING,1,0.265,score 0.26
138.0,WARNING,1,0.264,score 0.26
138.1,WARNING,1,0.263,score 0.26
138.2,WARNING,1,0.262,score 0.26
138.3,WARNING,1,0.261,score 0.26
138.4,WARNING,1,0.26,score 0.26
138.5,WARNING,1,0.259,score 0.26
138.6,WARNING,1,0.258,score 0.26
138.7,WARNING,1,0.257,score 0.26
138.8,WARNING,1,0.256,score 0.26
138.9,WARNING,1,0.255,score 0.25
139.0,WARNING,1,0.254,score 0.25
139.1,WARNING,1,0.253,score 0.25
139.2,WARNING,1,0.252,score 0.25
139.3,WARNING,1,0.251,score 0.25
139.4,WARNING,1,0.251,score 0.25
139.5,WARNING,1,0.25,score 0.25
139.6,WARNING,1,0.25,score 0.25
139.7,WARNING,1,0.25,score 0.25
139.8,WARNING,1,0.25,score 0.25
139.9,WARNING,1,0.25,score 0.25
140.0,WARNING,1,0.25,score 0.25
140.1,WARNING,1,0.251,score 0.25
140.2,WARNING,1,0.251,score 0.25
140.3,WARNING,1,0.251,score 0.25
140.4,WARNING,1,0.252,score 0.25
140.5,WARNING,1,0.252,score 0.25
140.6,WARNING,1,0.253,score 0.25
140.7,WARNING,1,0.254,score 0.25
140.8,WARNING,1,0.255,score 0.25
140.9,WARNING,1,0.256,score 0.26
141.0,WARNING,1,0.256,score 0.26
141.1,WARNING,1,0.257,score 0.26
141.2,WARNING,1,0.257,score 0.26
141.3,WARNING,1,0.258,score 0.26
141.4,WARNING,1,0.259,score 0.26
141.5,WARNING,1,0.259,score 0.26
141.6,WARNING,1,0.26,score 0.26
141.7,WARNING,1,0.26,score 0.26
141.8,WARNING,1,0.261,score 0.26
141.9,WARNING,1,0.262,score 0.26
142.0,WARNING,1,0.263,score 0.26
142.1,WARNING,1,0.264,score 0.26
142.2,WARNING,1,0.266,score 0.27
142.3,WARNING,1,0.268,score 0.27
142.4,WARNING,1,0.271,score 0.27
142.5,WARNING,1,0.275,score 0.28
142.6,WARNING,1,0.279,score 0.28
142.7,WARNING,1,0.283,score 0.28
142.8,WARNING,1,0.287,score 0.29
142.9,WARNING,1,0.29,score 0.29
143.0,WARNING,1,0.293,score 0.29
143.1,WARNING,1,0.296,score 0.30
143.2,WARNING,1,0.299,score 0.30
143.3,WARNING,1,0.302,score 0.30
143.4,WARNING,1,0.305,score 0.30
143.5,WARNING,1,0.307,score 0.31
143.6,WARNING,1,0.309,score 0.31
143.7,WARNING,1,0.312,score 0.31
143.8,WARNING,1,0.314,score 0.31
143.9,WARNING,1,0.315,score 0.32
144.0,WARNING,1,0.317,score 0.32
144.1,WARNING,1,0.318,score 0.32
144.2,WARNING,1,0.318,score 0.32
144.3,WARNING,1,0.319,score 0.32
144.4,WARNING,1,0.319,score 0.32
144.5,WARNING,1,0.316,score 0.32
144.6,WARNING,1,0.314,score 0.31
144.7,WARNING,1,0.313,score 0.31
144.8,WARNING,1,0.311,score 0.31
144.9,WARNING,1,0.309,score 0.31
145.0,WARNING,1,0.308,score 0.31
145.1,WARNING,1,0.306,score 0.31
145.2,WARNING,1,0.305,score 0.30
145.3,WARNING,1,0.303,score 0.30
145.4,WARNING,1,0.302,score 0.30
145.5,WARNING,1,0.301,score 0.30
145.6,WARNING,1,0.301,score 0.30
145.7,WARNING,1,0.3,score 0.30
145.8,WARNING,1,0.3,score 0.30
145.9,WARNING,1,0.3,score 0.30
146.0,WARNING,1,0.3,score 0.30
146.1,WARNING,1,0.299,score 0.30
146.2,WARNING,1,0.299,score 0.30
146.3,WARNING,1,0.299,score 0.30
146.4,WARNING,1,0.298,score 0.30
146.5,WARNING,1,0.298,score 0.30
146.6,WARNING,1,0.297,score 0.30
146.7,WARNING,1,0.296,score 0.30
146.8,WARNING,1,0.295,score 0.30
146.9,WARNING,1,0.294,score 0.29
147.0,WARNING,1,0.293,score 0.29
147.1,WARNING,1,0.291,score 0.29
147.2,WARNING,1,0.29,score 0.29
147.3,WARNING,1,0.289,score 0.29
147.4,WARNING,1,0.287,score 0.29
147.5,WARNING,1,0.286,score 0.29
147.6,WARNING,1,0.285,score 0.28
147.7,WARNING,1,0.284,score 0.28
147.8,WARNING,1,0.283,score 0.28
147.9,WARNING,1,0.282,score 0.28
148.0,WARNING,1,0.281,score 0.28
148.1,WARNING,1,0.28,score 0.28
148.2,WARNING,1,0.279,score 0.28
148.3,WARNING,1,0.278,score 0.28
148.4,WARNING,1,0.277,score 0.28
148.5,WARNING,1,0.276,score 0.28
148.6,WARNING,1,0.276,score 0.28
148.7,WARNING,1,0.275,score 0.28
148.8,WARNING,1,0.274,score 0.27
148.9,WARNING,1,0.274,score 0.27
149.0,WARNING,1,0.273,score 0.27
149.1,WARNING,1,0.273,score 0.27
149.2,WARNING,1,0.272,score 0.27
149.3,WARNING,1,0.272,score 0.27
149.4,WARNING,1,0.271,score 0.27
149.5,WARNING,1,0.271,score 0.27
149.6,WARNING,1,0.27,score 0.27
149.7,WARNING,1,0.269,score 0.27
149.8,WARNING,1,0.269,score 0.27
149.9,WARNING,1,0.269,score 0.27
150.0,WARNING,1,0.268,score 0.27
150.1,WARNING,1,0.268,score 0.27
150.2,WARNING,1,0.267,score 0.27
150.3,WARNING,1,0.267,score 0.27
150.4,WARNING,1,0.267,score 0.27
150.5,WARNING,1,0.266,score 0.27
150.6,WARNING,1,0.266,score 0.27
150.7,WARNING,1,0.266,score 0.27
150.8,WARNING,1,0.265,score 0.27
150.9,WARNING,1,0.265,score 0.27
151.0,WARNING,1,0.265,score 0.27
151.1,WARNING,1,0.266,score 0.27
151.2,WARNING,1,0.266,score 0.27
151.3,WARNING,1,0.267,score 0.27
151.4,WARNING,1,0.267,score 0.27
151.5,WARNING,1,0.267,score 0.27
151.6,WARNING,1,0.268,score 0.27
151.7,WARNING,1,0.268,score 0.27
151.8,WARNING,1,0.267,score 0.27
151.9,WARNING,1,0.267,score 0.27
152.0,WARNING,1,0.266,score 0.27
152.1,WARNING,1,0.265,score 0.27
152.2,WARNING,1,0.264,score 0.26
152.3,WARNING,1,0.264,score 0.26
152.4,WARNING,1,0.263,score 0.26
152.5,WARNING,1,0.263,score 0.26
152.6,WARNING,1,0.262,score 0.26
152.7,WARNING,1,0.261,score 0.26
152.8,WARNING,1,0.261,score 0.26
152.9,WARNING,1,0.26,score 0.26
153.0,WARNING,1,0.26,score 0.26
153.1,WARNING,1,0.259,score 0.26
153.2,WARNING,1,0.259,score 0.26
153.3,WARNING,1,0.26,score 0.26
153.4,WARNING,1,0.26,score 0.26
153.5,WARNING,1,0.261,score 0.26
153.6,WARNING,1,0.262,score 0.26
153.7,WARNING,1,0.265,score 0.26
153.8,WARNING,1,0.268,score 0.27
153.9,WARNING,1,0.272,score 0.27
154.0,WARNING,1,0.277,score 0.28
154.1,WARNING,1,0.282,score 0.28
154.2,WARNING,1,0.287,score 0.29
154.3,WARNING,1,0.293,score 0.29
154.4,WARNING,1,0.299,score 0.30
154.5,WARNING,1,0.301,score 0.30
154.6,WARNING,1,0.303,score 0.30
154.7,WARNING,1,0.306,score 0.31
154.8,WARNING,1,0.308,score 0.31
154.9,WARNING,1,0.31,score 0.31
155.0,WARNING,1,0.312,score 0.31
155.1,WARNING,1,0.313,score 0.31
155.2,WARNING,1,0.315,score 0.32
155.3,WARNING,1,0.314,score 0.31
155.4,WARNING,1,0.314,score 0.31
155.5,WARNING,1,0.313,score 0.31
155.6,WARNING,1,0.312,score 0.31
155.7,WARNING,1,0.311,score 0.31
155.8,WARNING,1,0.311,score 0.31
155.9,WARNING,1,0.31,score 0.31
156.0,WARNING,1,0.31,score 0.31
156.1,WARNING,1,0.309,score 0.31
156.2,WARNING,1,0.309,score 0.31
156.3,WARNING,1,0.308,score 0.31
156.4,WARNING,1,0.308,score 0.31
156.5,WARNING,1,0.307,score 0.31
156.6,WARNING,1,0.307,score 0.31
156.7,WARNING,1,0.306,score 0.31
156.8,WARNING,1,0.306,score 0.31
156.9,WARNING,1,0.306,score 0.31
157.0,WARNING,1,0.305,score 0.31
157.1,WARNING,1,0.305,score 0.30
157.2,WARNING,1,0.305,score 0.30
157.3,WARNING,1,0.304,score 0.30
157.4,WARNING,1,0.304,score 0.30
157.5,WARNING,1,0.304,score 0.30
157.6,WARNING,1,0.303,score 0.30
157.7,WARNING,1,0.303,score 0.30
157.8,WARNING,1,0.303,score 0.30
157.9,WARNING,1,0.302,score 0.30
158.0,WARNING,1,0.302,score 0.30
158.1,WARNING,1,0.302,score 0.30
158.2,WARNING,1,0.301,score 0.30
158.3,WARNING,1,0.301,score 0.30
158.4,WARNING,1,0.3,score 0.30
158.5,WARNING,1,0.3,score 0.30
158.6,WARNING,1,0.299,score 0.30
158.7,WARNING,1,0.299,score 0.30
158.8,WARNING,1,0.298,score 0.30
158.9,WARNING,1,0.298,score 0.30
159.0,WARNING,1,0.297,score 0.30
159.1,WARNING,1,0.297,score 0.30
159.2,WARNING,1,0.297,score 0.30
159.3,WARNING,1,0.296,score 0.30
159.4,WARNING,1,0.296,score 0.30
159.5,WARNING,1,0.296,score 0.30
159.6,WARNING,1,0.295,score 0.30
159.7,WARNING,1,0.295,score 0.30
159.8,WARNING,1,0.295,score 0.29
159.9,WARNING,1,0.294,score 0.29
160.0,WARNING,1,0.294,score 0.29
160.1,WARNING,1,0.294,score 0.29
160.2,WARNING,1,0.294,score 0.29
160.3,WARNING,1,0.294,score 0.29
160.4,WARNING,1,0.293,score 0.29
160.5,WARNING,1,0.293,score 0.29
160.6,WARNING,1,0.293,score 0.29
160.7,WARNING,1,0.293,score 0.29
160.8,WARNING,1,0.293,score 0.29
160.9,WARNING,1,0.292,score 0.29
161.0,WARNING,1,0.293,score 0.29
161.1,WARNING,1,0.293,score 0.29
161.2,WARNING,1,0.294,score 0.29
161.3,WARNING,1,0.294,score 0.29
161.4,WARNING,1,0.295,score 0.30
161.5,WARNING,1,0.295,score 0.30
161.6,WARNING,1,0.295,score 0.30
161.7,WARNING,1,0.295,score 0.30
161.8,WARNING,1,0.295,score 0.30
161.9,WARNING,1,0.296,score 0.30
162.0,WARNING,1,0.296,score 0.30
162.1,WARNING,1,0.296,score 0.30
162.2,WARNING,1,0.297,score 0.30
162.3,WARNING,1,0.298,score 0.30
162.4,WARNING,1,0.299,score 0.30
162.5,WARNING,1,0.3,score 0.30
162.6,WARNING,1,0.301,score 0.30
162.7,WARNING,1,0.302,score 0.30
162.8,WARNING,1,0.302,score 0.30
162.9,WARNING,1,0.303,score 0.30
163.0,WARNING,1,0.304,score 0.30
163.1,WARNING,1,0.305,score 0.30
163.2,WARNING,1,0.305,score 0.31
163.3,WARNING,1,0.306,score 0.31
163.4,WARNING,1,0.306,score 0.31
163.5,WARNING,1,0.307,score 0.31
163.6,WARNING,1,0.308,score 0.31
163.7,WARNING,1,0.308,score 0.31
163.8,WARNING,1,0.308,score 0.31
163.9,WARNING,1,0.308,score 0.31
164.0,WARNING,1,0.307,score 0.31
164.1,WARNING,1,0.307,score 0.31
164.2,WARNING,1,0.307,score 0.31
164.3,WARNING,1,0.307,score 0.31
164.4,WARNING,1,0.307,score 0.31
164.5,WARNING,1,0.307,score 0.31
164.6,WARNING,1,0.307,score 0.31
164.7,WARNING,1,0.307,score 0.31
164.8,WARNING,1,0.307,score 0.31
164.9,WARNING,1,0.307,score 0.31
165.0,WARNING,1,0.307,score 0.31
165.1,WARNING,1,0.307,score 0.31
165.2,WARNING,1,0.307,score 0.31
165.3,WARNING,1,0.307,score 0.31
165.4,WARNING,1,0.307,score 0.31
165.5,WARNING,1,0.306,score 0.31
165.6,WARNING,1,0.306,face lost: hold state
165.7,WARNING,1,0.306,face lost: hold state
165.8,WARNING,1,0.306,face lost: hold state
165.9,WARNING,1,0.306,face lost: hold state
166.0,WARNING,1,0.306,face lost: hold state
166.1,WARNING,1,0.306,face lost: hold state
166.2,WARNING,1,0.306,face lost: hold state
166.3,WARNING,1,0.306,face lost: hold state
166.4,WARNING,1,0.306,face lost: hold state
166.5,WARNING,1,0.306,face lost: hold state
166.6,WARNING,1,0.306,face lost: hold state
166.7,WARNING,1,0.306,face lost: hold state
166.8,WARNING,1,0.306,face lost: hold state
166.9,WARNING,1,0.306,face lost: hold state
167.0,WARNING,1,0.306,face lost: hold state
167.1,WARNING,1,0.306,face lost: hold state
167.2,WARNING,1,0.306,face lost: hold state
167.3,WARNING,1,0.306,score 0.31
167.4,WARNING,1,0.306,score 0.31
167.5,WARNING,1,0.306,score 0.31
167.6,WARNING,1,0.306,score 0.31
167.7,WARNING,1,0.306,score 0.31
167.8,WARNING,1,0.306,score 0.31
167.9,WARNING,1,0.306,score 0.31
168.0,WARNING,1,0.306,score 0.31
168.1,WARNING,1,0.306,score 0.31
168.2,WARNING,1,0.305,score 0.31
168.3,WARNING,1,0.305,score 0.31
168.4,WARNING,1,0.305,score 0.31
168.5,WARNING,1,0.305,score 0.31
168.6,WARNING,1,0.305,score 0.31
168.7,WARNING,1,0.305,score 0.31
168.8,WARNING,1,0.305,score 0.31
168.9,WARNING,1,0.305,score 0.30
169.0,WARNING,1,0.305,score 0.30
169.1,WARNING,1,0.305,score 0.31
169.2,WARNING,1,0.306,score 0.31
169.3,WARNING,1,0.306,score 0.31
169.4,WARNING,1,0.307,score 0.31
169.5,WARNING,1,0.307,score 0.31
169.6,WARNING,1,0.307,score 0.31
169.7,WARNING,1,0.307,score 0.31
169.8,WARNING,1,0.307,score 0.31
169.9,WARNING,1,0.306,score 0.31
170.0,WARNING,1,0.306,score 0.31
170.1,WARNING,1,0.305,score 0.31
170.2,WARNING,1,0.305,score 0.30
170.3,WARNING,1,0.304,score 0.30
170.4,WARNING,1,0.304,score 0.30
170.5,WARNING,1,0.303,score 0.30
170.6,WARNING,1,0.302,score 0.30
170.7,WARNING,1,0.301,score 0.30
170.8,WARNING,1,0.3,score 0.30
170.9,WARNING,1,0.299,score 0.30
171.0,WARNING,1,0.298,score 0.30
171.1,WARNING,1,0.297,score 0.30
171.2,WARNING,1,0.296,score 0.30
171.3,WARNING,1,0.295,score 0.30
171.4,WARNING,1,0.294,score 0.29
171.5,WARNING,1,0.294,score 0.29
171.6,WARNING,1,0.293,score 0.29
171.7,WARNING,1,0.292,score 0.29
171.8,WARNING,1,0.291,score 0.29
171.9,WARNING,1,0.29,score 0.29
172.0,WARNING,1,0.289,score 0.29
172.1,WARNING,1,0.287,score 0.29
172.2,WARNING,1,0.286,score 0.29
172.3,WARNING,1,0.284,score 0.28
172.4,WARNING,1,0.282,score 0.28
172.5,WARNING,1,0.278,score 0.28
172.6,WARNING,1,0.274,score 0.27
172.7,WARNING,1,0.271,score 0.27
172.8,WARNING,1,0.268,score 0.27
172.9,WARNING,1,0.264,score 0.26
173.0,WARNING,1,0.261,score 0.26
173.1,WARNING,1,0.258,score 0.26
173.2,WARNING,1,0.256,score 0.26
173.3,WARNING,1,0.253,score 0.25
173.4,WARNING,1,0.251,score 0.25
173.5,WARNING,1,0.248,score 0.25
173.6,WARNING,1,0.246,score 0.25
173.7,WARNING,1,0.244,score 0.24
173.8,WARNING,1,0.242,score 0.24
173.9,WARNING,1,0.24,score 0.24
174.0,WARNING,1,0.238,score 0.24
174.1,WARNING,1,0.236,score 0.24
174.2,WARNING,1,0.235,score 0.23
174.3,WARNING,1,0.233,score 0.23
174.4,WARNING,1,0.232,score 0.23
174.5,WARNING,1,0.231,score 0.23
174.6,WARNING,1,0.23,score 0.23
174.7,WARNING,1,0.229,score 0.23
174.8,WARNING,1,0.228,score 0.23
174.9,WARNING,1,0.227,score 0.23
175.0,WARNING,1,0.226,score 0.23
175.1,WARNING,1,0.225,score 0.22
175.2,WARNING,1,0.224,score 0.22
175.3,WARNING,1,0.224,score 0.22
175.4,WARNING,1,0.223,score 0.22
175.5,WARNING,1,0.222,score 0.22
175.6,WARNING,1,0.221,score 0.22
175.7,WARNING,1,0.219,score 0.22
175.8,WARNING,1,0.218,score 0.22
175.9,WARNING,1,0.217,score 0.22
176.0,WARNING,1,0.216,score 0.22
176.1,WARNING,1,0.215,score 0.21
176.2,WARNING,1,0.214,score 0.21
176.3,WARNING,1,0.213,score 0.21
176.4,WARNING,1,0.213,score 0.21
176.5,WARNING,1,0.212,score 0.21
176.6,WARNING,1,0.211,score 0.21
176.7,WARNING,1,0.211,score 0.21
176.8,WARNING,1,0.21,score 0.21
176.9,WARNING,1,0.21,score 0.21
177.0,WARNING,1,0.209,score 0.21
177.1,WARNING,1,0.209,score 0.21
177.2,WARNING,1,0.208,score 0.21
177.3,WARNING,1,0.208,score 0.21
177.4,WARNING,1,0.207,score 0.21
177.5,WARNING,1,0.207,score 0.21
177.6,WARNING,1,0.206,score 0.21
177.7,WARNING,1,0.206,score 0.21
177.8,WARNING,1,0.206,score 0.21
177.9,WARNING,1,0.205,score 0.21
178.0,WARNING,1,0.205,score 0.21
178.1,WARNING,1,0.205,score 0.20
178.2,WARNING,1,0.205,score 0.20
178.3,WARNING,1,0.204,score 0.20
178.4,WARNING,1,0.204,score 0.20
178.5,WARNING,1,0.204,score 0.20
178.6,WARNING,1,0.204,score 0.20
178.7,WARNING,1,0.203,score 0.20
178.8,WARNING,1,0.203,score 0.20
178.9,WARNING,1,0.203,score 0.20
179.0,WARNING,1,0.203,score 0.20
179.1,WARNING,1,0.204,score 0.20
179.2,WARNING,1,0.204,score 0.20
179.3,WARNING,1,0.204,score 0.20
179.4,WARNING,1,0.205,score 0.20
179.5,WARNING,1,0.205,score 0.21
179.6,WARNING,1,0.205,score 0.21
179.7,WARNING,1,0.206,score 0.21
179.8,WARNING,1,0.206,score 0.21
179.9,WARNING,1,0.206,score 0.21
180.0,WARNING,1,0.207,score 0.21
180.1,WARNING,1,0.207,score 0.21
180.2,WARNING,1,0.207,score 0.21
180.3,WARNING,1,0.207,score 0.21
180.4,WARNING,1,0.207,score 0.21
180.5,WARNING,1,0.208,score 0.21
180.6,WARNING,1,0.208,score 0.21
180.7,WARNING,1,0.208,score 0.21
180.8,WARNING,1,0.206,score 0.21
180.9,WARNING,1,0.204,score 0.20
181.0,WARNING,1,0.201,score 0.20
181.1,WARNING,1,0.199,score 0.20
181.2,WARNING,1,0.196,score 0.20
181.3,WARNING,1,0.194,score 0.19
181.4,WARNING,1,0.191,score 0.19
181.5,WARNING,1,0.189,score 0.19
181.6,WARNING,1,0.187,score 0.19
181.7,WARNING,1,0.185,score 0.18
181.8,WARNING,1,0.183,score 0.18
181.9,WARNING,1,0.181,score 0.18
182.0,WARNING,1,0.179,score 0.18
182.1,WARNING,1,0.178,score 0.18
182.2,WARNING,1,0.178,face lost: hold state
182.3,WARNING,1,0.178,face lost: hold state
182.4,WARNING,1,0.178,face lost: hold state
182.5,WARNING,1,0.178,face lost: hold state
182.6,WARNING,1,0.178,face lost: hold state
182.7,WARNING,1,0.176,score 0.18
182.8,WARNING,1,0.175,score 0.18
182.9,WARNING,1,0.174,score 0.17
183.0,WARNING,1,0.174,score 0.17
183.1,WARNING,1,0.173,score 0.17
183.2,WARNING,1,0.172,score 0.17
183.3,WARNING,1,0.171,score 0.17
183.4,WARNING,1,0.17,score 0.17
183.5,WARNING,1,0.168,score 0.17
183.6,WARNING,1,0.166,score 0.17
183.7,WARNING,1,0.164,score 0.16
183.8,WARNING,1,0.162,score 0.16
183.9,WARNING,1,0.16,score 0.16
184.0,WARNING,1,0.157,score 0.16
184.1,WARNING,1,0.154,score 0.15
184.2,WARNING,1,0.151,score 0.15
184.3,WARNING,1,0.148,score 0.15
184.4,WARNING,1,0.145,score 0.14
184.5,WARNING,1,0.142,score 0.14
184.6,WARNING,1,0.139,score 0.14
184.7,WARNING,1,0.136,score 0.14
184.8,WARNING,1,0.134,score 0.13
184.9,WARNING,1,0.131,score 0.13
185.0,WARNING,1,0.129,score 0.13
185.1,WARNING,1,0.128,score 0.13
185.2,WARNING,1,0.126,score 0.13
185.3,WARNING,1,0.124,score 0.12
185.4,WARNING,1,0.123,score 0.12
185.5,WARNING,1,0.121,score 0.12
185.6,WARNING,1,0.12,score 0.12
185.7,WARNING,1,0.119,score 0.12
185.8,WARNING,1,0.118,score 0.12
185.9,WARNING,1,0.117,score 0.12
186.0,WARNING,1,0.116,score 0.12
186.1,WARNING,1,0.116,score 0.12
186.2,WARNING,1,0.115,score 0.11
186.3,WARNING,1,0.114,score 0.11
186.4,WARNING,1,0.114,score 0.11
186.5,WARNING,1,0.113,score 0.11
186.6,WARNING,1,0.113,score 0.11
186.7,WARNING,1,0.112,score 0.11
186.8,WARNING,1,0.112,score 0.11
186.9,WARNING,1,0.111,score 0.11
187.0,WARNING,1,0.111,score 0.11
187.1,WARNING,1,0.111,score 0.11
187.2,WARNING,1,0.11,score 0.11
187.3,WARNING,1,0.11,score 0.11
187.4,WARNING,1,0.11,score 0.11
187.5,NORMAL,0,0.109,score 0.11
187.6,NORMAL,0,0.109,score 0.11
187.7,NORMAL,0,0.109,score 0.11
187.8,NORMAL,0,0.109,score 0.11
187.9,NORMAL,0,0.108,score 0.11
188.0,NORMAL,0,0.108,score 0.11
188.1,NORMAL,0,0.108,score 0.11
188.2,NORMAL,0,0.108,score 0.11
188.3,NORMAL,0,0.108,score 0.11
188.4,NORMAL,0,0.107,score 0.11
188.5,NORMAL,0,0.107,score 0.11
188.6,NORMAL,0,0.107,score 0.11
188.7,NORMAL,0,0.107,score 0.11
188.8,NORMAL,0,0.107,score 0.11
188.9,NORMAL,0,0.107,score 0.11
189.0,NORMAL,0,0.107,score 0.11
189.1,NORMAL,0,0.106,score 0.11
189.2,NORMAL,0,0.106,score 0.11
189.3,NORMAL,0,0.106,score 0.11
189.4,NORMAL,0,0.106,score 0.11
189.5,NORMAL,0,0.106,score 0.11
189.6,NORMAL,0,0.106,score 0.11
189.7,NORMAL,0,0.106,score 0.11
189.8,NORMAL,0,0.106,score 0.11
189.9,NORMAL,0,0.106,score 0.11
190.0,NORMAL,0,0.106,score 0.11
190.1,NORMAL,0,0.105,score 0.11
190.2,NORMAL,0,0.105,score 0.11
190.3,NORMAL,0,0.105,score 0.11
190.4,NORMAL,0,0.105,score 0.11
190.5,NORMAL,0,0.105,score 0.11
190.6,NORMAL,0,0.105,score 0.11
190.7,NORMAL,0,0.105,score 0.11
190.8,NORMAL,0,0.105,score 0.11
190.9,NORMAL,0,0.105,score 0.10
191.0,NORMAL,0,0.105,score 0.10
191.1,NORMAL,0,0.105,score 0.10
191.2,NORMAL,0,0.104,score 0.10
191.3,NORMAL,0,0.104,score 0.10
191.4,NORMAL,0,0.104,score 0.10
191.5,NORMAL,0,0.104,score 0.10
191.6,NORMAL,0,0.104,score 0.10
191.7,NORMAL,0,0.103,score 0.10
191.8,NORMAL,0,0.103,score 0.10
191.9,NORMAL,0,0.102,score 0.10
192.0,NORMAL,0,0.101,score 0.10
192.1,NORMAL,0,0.101,score 0.10
192.2,NORMAL,0,0.1,score 0.10
192.3,NORMAL,0,0.099,score 0.10
192.4,NORMAL,0,0.097,score 0.10
192.5,NORMAL,0,0.096,score 0.10
192.6,NORMAL,0,0.095,score 0.09
192.7,NORMAL,0,0.093,score 0.09
192.8,NORMAL,0,0.092,score 0.09
192.9,NORMAL,0,0.091,score 0.09
193.0,NORMAL,0,0.09,score 0.09
193.1,NORMAL,0,0.09,score 0.09
193.2,NORMAL,0,0.089,score 0.09
193.3,NORMAL,0,0.088,score 0.09
193.4,NORMAL,0,0.087,score 0.09
193.5,NORMAL,0,0.086,score 0.09
193.6,NORMAL,0,0.086,score 0.09
193.7,NORMAL,0,0.085,score 0.08
193.8,NORMAL,0,0.084,score 0.08
193.9,NORMAL,0,0.084,score 0.08
194.0,NORMAL,0,0.083,score 0.08
194.1,NORMAL,0,0.082,score 0.08
194.2,NORMAL,0,0.082,face lost: hold state
194.3,NORMAL,0,0.082,face lost: hold state
194.4,NORMAL,0,0.082,face lost: hold state
194.5,NORMAL,0,0.082,face lost: hold state
194.6,NORMAL,0,0.082,face lost: hold state
194.7,NORMAL,0,0.082,face lost: hold state
194.8,NORMAL,0,0.082,face lost: hold state
194.9,NORMAL,0,0.082,face lost: hold state
195.0,NORMAL,0,0.082,face lost: hold state
195.1,NORMAL,0,0.082,face lost: hold state
195.2,NORMAL,0,0.082,face lost: hold state
195.3,NORMAL,0,0.082,face lost: hold state
195.4,NORMAL,0,0.082,face lost: hold state
195.5,NORMAL,0,0.082,face lost: hold state
195.6,NORMAL,0,0.082,face lost: hold state
195.7,NORMAL,0,0.082,face lost: hold state
195.8,NORMAL,0,0.082,face lost: hold state
195.9,NORMAL,0,0.082,face lost: hold state
196.0,NORMAL,0,0.082,face lost: hold state
196.1,NORMAL,0,0.082,face lost: hold state
196.2,NORMAL,0,0.082,face lost: hold state
196.3,NORMAL,0,0.082,face lost: hold state
196.4,NORMAL,0,0.082,face lost: hold state
196.5,NORMAL,0,0.082,score 0.08
196.6,NORMAL,0,0.082,score 0.08
196.7,NORMAL,0,0.082,score 0.08
196.8,NORMAL,0,0.082,score 0.08
196.9,NORMAL,0,0.082,score 0.08
197.0,NORMAL,0,0.082,score 0.08
197.1,NORMAL,0,0.081,score 0.08
197.2,NORMAL,0,0.081,score 0.08
197.3,NORMAL,0,0.081,score 0.08
197.4,NORMAL,0,0.081,score 0.08
197.5,NORMAL,0,0.081,score 0.08
197.6,NORMAL,0,0.08,score 0.08
197.7,NORMAL,0,0.08,score 0.08
197.8,NORMAL,0,0.08,score 0.08
197.9,NORMAL,0,0.08,score 0.08
198.0,NORMAL,0,0.08,score 0.08
198.1,NORMAL,0,0.08,score 0.08
198.2,NORMAL,0,0.08,score 0.08
198.3,NORMAL,0,0.079,score 0.08
198.4,NORMAL,0,0.079,score 0.08
198.5,NORMAL,0,0.079,score 0.08
198.6,NORMAL,0,0.079,score 0.08
198.7,NORMAL,0,0.079,score 0.08
198.8,NORMAL,0,0.079,score 0.08
198.9,NORMAL,0,0.079,score 0.08
199.0,NORMAL,0,0.079,score 0.08
199.1,NORMAL,0,0.078,score 0.08
199.2,NORMAL,0,0.078,score 0.08
199.3,NORMAL,0,0.077,score 0.08
199.4,NORMAL,0,0.076,score 0.08
199.5,NORMAL,0,0.076,score 0.08
199.6,NORMAL,0,0.075,score 0.08
199.7,NORMAL,0,0.075,score 0.07
199.8,NORMAL,0,0.075,score 0.07
199.9,NORMAL,0,0.074,score 0.07
200.0,NORMAL,0,0.074,score 0.07
200.1,NORMAL,0,0.074,score 0.07
200.2,NORMAL,0,0.073,score 0.07
200.3,NORMAL,0,0.073,score 0.07
200.4,NORMAL,0,0.073,score 0.07
200.5,NORMAL,0,0.073,score 0.07
200.6,NORMAL,0,0.072,score 0.07
200.7,NORMAL,0,0.072,score 0.07
200.8,NORMAL,0,0.072,score 0.07
200.9,NORMAL,0,0.072,score 0.07
201.0,NORMAL,0,0.072,score 0.07
201.1,NORMAL,0,0.071,score 0.07
201.2,NORMAL,0,0.071,score 0.07
201.3,NORMAL,0,0.071,score 0.07
201.4,NORMAL,0,0.071,score 0.07
201.5,NORMAL,0,0.071,score 0.07
201.6,NORMAL,0,0.071,score 0.07
201.7,NORMAL,0,0.071,score 0.07
201.8,NORMAL,0,0.07,score 0.07
201.9,NORMAL,0,0.07,score 0.07
202.0,NORMAL,0,0.07,score 0.07
202.1,NORMAL,0,0.07,score 0.07
202.2,NORMAL,0,0.07,score 0.07
202.3,NORMAL,0,0.07,score 0.07
202.4,NORMAL,0,0.069,score 0.07
202.5,NORMAL,0,0.069,score 0.07
202.6,NORMAL,0,0.068,score 0.07
202.7,NORMAL,0,0.068,score 0.07
202.8,NORMAL,0,0.067,score 0.07
202.9,NORMAL,0,0.067,score 0.07
203.0,NORMAL,0,0.066,score 0.07
203.1,NORMAL,0,0.066,score 0.07
203.2,NORMAL,0,0.065,score 0.07
203.3,NORMAL,0,0.065,score 0.07
203.4,NORMAL,0,0.065,score 0.07
203.5,NORMAL,0,0.066,score 0.07
203.6,NORMAL,0,0.066,score 0.07
203.7,NORMAL,0,0.066,score 0.07
203.8,NORMAL,0,0.066,score 0.07
203.9,NORMAL,0,0.066,score 0.07
204.0,NORMAL,0,0.066,score 0.07
204.1,NORMAL,0,0.066,score 0.07
204.2,NORMAL,0,0.066,score 0.07
204.3,NORMAL,0,0.066,score 0.07
204.4,NORMAL,0,0.066,score 0.07
204.5,NORMAL,0,0.066,score 0.07
204.6,NORMAL,0,0.066,score 0.07
204.7,NORMAL,0,0.066,score 0.07
204.8,NORMAL,0,0.065,score 0.07
204.9,NORMAL,0,0.065,score 0.07
205.0,NORMAL,0,0.065,score 0.07
205.1,NORMAL,0,0.065,score 0.07
205.2,NORMAL,0,0.065,score 0.06
205.3,NORMAL,0,0.065,score 0.06
205.4,NORMAL,0,0.065,score 0.06
205.5,NORMAL,0,0.064,score 0.06
205.6,NORMAL,0,0.064,score 0.06
205.7,NORMAL,0,0.064,score 0.06
205.8,NORMAL,0,0.064,score 0.06
205.9,NORMAL,0,0.064,score 0.06
206.0,NORMAL,0,0.063,score 0.06
206.1,NORMAL,0,0.063,score 0.06
206.2,NORMAL,0,0.063,score 0.06
206.3,NORMAL,0,0.062,score 0.06
206.4,NORMAL,0,0.062,score 0.06
206.5,NORMAL,0,0.062,score 0.06
206.6,NORMAL,0,0.061,score 0.06
206.7,NORMAL,0,0.061,score 0.06
206.8,NORMAL,0,0.061,score 0.06
206.9,NORMAL,0,0.06,score 0.06
207.0,NORMAL,0,0.06,score 0.06
207.1,NORMAL,0,0.06,score 0.06
207.2,NORMAL,0,0.06,score 0.06
207.3,NORMAL,0,0.06,score 0.06
207.4,NORMAL,0,0.057,score 0.06
207.5,NORMAL,0,0.054,score 0.05
207.6,NORMAL,0,0.052,score 0.05
207.7,NORMAL,0,0.05,score 0.05
207.8,NORMAL,0,0.048,score 0.05
207.9,NORMAL,0,0.046,score 0.05
208.0,NORMAL,0,0.044,score 0.04
208.1,NORMAL,0,0.043,score 0.04
208.2,NORMAL,0,0.042,score 0.04
208.3,NORMAL,0,0.041,score 0.04
208.4,NORMAL,0,0.04,score 0.04
208.5,NORMAL,0,0.039,score 0.04
208.6,NORMAL,0,0.038,score 0.04
208.7,NORMAL,0,0.037,score 0.04
208.8,NORMAL,0,0.037,score 0.04
208.9,NORMAL,0,0.036,score 0.04
209.0,NORMAL,0,0.035,score 0.03
209.1,NORMAL,0,0.033,score 0.03
209.2,NORMAL,0,0.032,score 0.03
209.3,NORMAL,0,0.031,score 0.03
209.4,NORMAL,0,0.03,score 0.03
209.5,NORMAL,0,0.029,score 0.03
209.6,NORMAL,0,0.028,score 0.03
209.7,NORMAL,0,0.027,score 0.03
209.8,NORMAL,0,0.026,score 0.03
209.9,NORMAL,0,0.025,score 0.03
210.0,NORMAL,0,0.025,score 0.02
210.1,NORMAL,0,0.024,score 0.02
210.2,NORMAL,0,0.023,score 0.02
210.3,NORMAL,0,0.022,score 0.02
210.4,NORMAL,0,0.022,score 0.02
210.5,NORMAL,0,0.021,score 0.02
210.6,NORMAL,0,0.021,score 0.02
210.7,NORMAL,0,0.02,score 0.02
210.8,NORMAL,0,0.019,score 0.02
210.9,NORMAL,0,0.019,score 0.02
211.0,NORMAL,0,0.018,score 0.02
211.1,NORMAL,0,0.018,score 0.02
211.2,NORMAL,0,0.018,score 0.02
211.3,NORMAL,0,0.017,score 0.02
211.4,NORMAL,0,0.017,score 0.02
211.5,NORMAL,0,0.016,score 0.02
211.6,NORMAL,0,0.016,score 0.02
211.7,NORMAL,0,0.016,score 0.02
211.8,NORMAL,0,0.015,score 0.02
211.9,NORMAL,0,0.015,score 0.02
212.0,NORMAL,0,0.015,face lost: hold state
212.1,NORMAL,0,0.015,face lost: hold state
212.2,NORMAL,0,0.015,face lost: hold state
212.3,NORMAL,0,0.015,face lost: hold state
212.4,NORMAL,0,0.015,face lost: hold state
212.5,NORMAL,0,0.015,face lost: hold state
212.6,NORMAL,0,0.015,face lost: hold state
212.7,NORMAL,0,0.015,face lost: hold state
212.8,NORMAL,0,0.015,face lost: hold state
212.9,NORMAL,0,0.015,face lost: hold state
213.0,NORMAL,0,0.015,face lost: hold state
213.1,NORMAL,0,0.015,face lost: hold state
213.2,NORMAL,0,0.015,face lost: hold state
213.3,NORMAL,0,0.015,score 0.01
213.4,NORMAL,0,0.014,score 0.01
213.5,NORMAL,0,0.015,score 0.01
213.6,NORMAL,0,0.015,score 0.02
213.7,NORMAL,0,0.016,score 0.02
213.8,NORMAL,0,0.017,score 0.02
213.9,NORMAL,0,0.018,score 0.02
214.0,NORMAL,0,0.019,score 0.02
214.1,NORMAL,0,0.02,score 0.02
214.2,NORMAL,0,0.02,score 0.02
214.3,NORMAL,0,0.021,score 0.02
214.4,NORMAL,0,0.022,score 0.02
214.5,NORMAL,0,0.022,score 0.02
214.6,NORMAL,0,0.022,score 0.02
214.7,NORMAL,0,0.022,score 0.02
214.8,NORMAL,0,0.022,score 0.02
214.9,NORMAL,0,0.022,score 0.02
215.0,NORMAL,0,0.022,score 0.02
215.1,NORMAL,0,0.021,score 0.02
215.2,NORMAL,0,0.021,score 0.02
215.3,NORMAL,0,0.021,score 0.02
215.4,NORMAL,0,0.021,score 0.02
215.5,NORMAL,0,0.021,score 0.02
215.6,NORMAL,0,0.021,score 0.02
215.7,NORMAL,0,0.021,score 0.02
215.8,NORMAL,0,0.021,score 0.02
215.9,NORMAL,0,0.021,score 0.02
216.0,NORMAL,0,0.02,score 0.02
216.1,NORMAL,0,0.02,score 0.02
216.2,NORMAL,0,0.02,score 0.02
216.3,NORMAL,0,0.019,score 0.02
216.4,NORMAL,0,0.019,score 0.02
216.5,NORMAL,0,0.019,score 0.02
216.6,NORMAL,0,0.019,score 0.02
216.7,NORMAL,0,0.018,score 0.02
216.8,NORMAL,0,0.018,score 0.02
216.9,NORMAL,0,0.018,score 0.02
217.0,NORMAL,0,0.018,score 0.02
217.1,NORMAL,0,0.018,score 0.02
217.2,NORMAL,0,0.019,score 0.02
217.3,NORMAL,0,0.019,score 0.02
217.4,NORMAL,0,0.02,score 0.02
217.5,NORMAL,0,0.02,score 0.02
217.6,NORMAL,0,0.02,score 0.02
217.7,NORMAL,0,0.021,score 0.02
217.8,NORMAL,0,0.021,score 0.02
217.9,NORMAL,0,0.022,score 0.02
218.0,NORMAL,0,0.022,score 0.02
218.1,NORMAL,0,0.022,score 0.02
218.2,NORMAL,0,0.023,score 0.02
218.3,NORMAL,0,0.023,score 0.02
218.4,NORMAL,0,0.023,score 0.02
218.5,NORMAL,0,0.023,score 0.02
218.6,NORMAL,0,0.024,score 0.02
218.7,NORMAL,0,0.024,score 0.02
218.8,NORMAL,0,0.024,score 0.02
218.9,NORMAL,0,0.024,score 0.02
219.0,NORMAL,0,0.025,score 0.02
219.1,NORMAL,0,0.025,score 0.03
219.2,NORMAL,0,0.026,score 0.03
219.3,NORMAL,0,0.026,score 0.03
219.4,NORMAL,0,0.026,score 0.03
219.5,NORMAL,0,0.027,score 0.03
219.6,NORMAL,0,0.028,score 0.03
219.7,NORMAL,0,0.028,score 0.03
219.8,NORMAL,0,0.029,score 0.03
219.9,NORMAL,0,0.029,score 0.03
220.0,NORMAL,0,0.03,score 0.03
220.1,NORMAL,0,0.03,score 0.03
220.2,NORMAL,0,0.031,score 0.03
220.3,NORMAL,0,0.031,score 0.03
220.4,NORMAL,0,0.032,score 0.03
220.5,NORMAL,0,0.032,score 0.03
220.6,NORMAL,0,0.032,score 0.03
220.7,NORMAL,0,0.033,score 0.03
220.8,NORMAL,0,0.034,score 0.03
220.9,NORMAL,0,0.034,score 0.03
221.0,NORMAL,0,0.035,score 0.04
221.1,NORMAL,0,0.036,score 0.04
221.2,NORMAL,0,0.036,score 0.04
221.3,NORMAL,0,0.036,score 0.04
221.4,NORMAL,0,0.036,score 0.04
221.5,NORMAL,0,0.037,score 0.04
221.6,NORMAL,0,0.037,score 0.04
221.7,NORMAL,0,0.037,score 0.04
221.8,NORMAL,0,0.038,score 0.04
221.9,NORMAL,0,0.038,score 0.04
222.0,NORMAL,0,0.039,score 0.04
222.1,NORMAL,0,0.04,score 0.04
222.2,NORMAL,0,0.041,score 0.04
222.3,NORMAL,0,0.042,score 0.04
222.4,NORMAL,0,0.043,score 0.04
222.5,NORMAL,0,0.044,score 0.04
222.6,NORMAL,0,0.045,score 0.04
222.7,NORMAL,0,0.045,score 0.05
222.8,NORMAL,0,0.046,score 0.05
222.9,NORMAL,0,0.047,score 0.05
223.0,NORMAL,0,0.048,score 0.05
223.1,NORMAL,0,0.048,score 0.05
223.2,NORMAL,0,0.049,score 0.05
223.3,NORMAL,0,0.05,score 0.05
223.4,NORMAL,0,0.051,score 0.05
223.5,NORMAL,0,0.051,score 0.05
223.6,NORMAL,0,0.052,score 0.05
223.7,NORMAL,0,0.052,face lost: hold state
223.8,NORMAL,0,0.052,face lost: hold state
223.9,NORMAL,0,0.052,face lost: hold state
224.0,NORMAL,0,0.052,face lost: hold state
224.1,NORMAL,0,0.052,face lost: hold state
224.2,NORMAL,0,0.052,face lost: hold state
224.3,NORMAL,0,0.052,face lost: hold state
224.4,NORMAL,0,0.052,face lost: hold state
224.5,NORMAL,0,0.052,face lost: hold state
224.6,NORMAL,0,0.052,face lost: hold state
224.7,NORMAL,0,0.052,face lost: hold state
224.8,NORMAL,0,0.052,face lost: hold state
224.9,NORMAL,0,0.052,face lost: hold state
225.0,NORMAL,0,0.052,face lost: hold state
225.1,NORMAL,0,0.052,face lost: hold state
225.2,NORMAL,0,0.052,face lost: hold state
225.3,NORMAL,0,0.052,face lost: hold state
225.4,NORMAL,0,0.052,face lost: hold state
225.5,NORMAL,0,0.052,face lost: hold state
225.6,NORMAL,0,0.052,face lost: hold state
225.7,NORMAL,0,0.052,face lost: hold state
225.8,NORMAL,0,0.052,face lost: hold state
225.9,NORMAL,0,0.052,face lost: hold state
226.0,NORMAL,0,0.053,score 0.05
226.1,NORMAL,0,0.053,score 0.05
226.2,NORMAL,0,0.054,score 0.05
226.3,NORMAL,0,0.054,score 0.05
226.4,NORMAL,0,0.055,score 0.05
226.5,NORMAL,0,0.055,score 0.05
226.6,NORMAL,0,0.055,score 0.06
226.7,NORMAL,0,0.055,score 0.06
226.8,NORMAL,0,0.056,score 0.06
226.9,NORMAL,0,0.056,score 0.06
227.0,NORMAL,0,0.056,score 0.06
227.1,NORMAL,0,0.057,score 0.06
227.2,NORMAL,0,0.057,score 0.06
227.3,NORMAL,0,0.057,score 0.06
227.4,NORMAL,0,0.057,score 0.06
227.5,NORMAL,0,0.057,score 0.06
227.6,NORMAL,0,0.058,score 0.06
227.7,NORMAL,0,0.058,score 0.06
227.8,NORMAL,0,0.058,score 0.06
227.9,NORMAL,0,0.058,score 0.06
228.0,NORMAL,0,0.058,score 0.06
228.1,NORMAL,0,0.058,score 0.06
228.2,NORMAL,0,0.059,score 0.06
228.3,NORMAL,0,0.059,score 0.06
228.4,NORMAL,0,0.059,score 0.06
228.5,NORMAL,0,0.059,score 0.06
228.6,NORMAL,0,0.059,score 0.06
228.7,NORMAL,0,0.059,score 0.06
228.8,NORMAL,0,0.06,score 0.06
228.9,NORMAL,0,0.06,score 0.06
229.0,NORMAL,0,0.06,score 0.06
229.1,NORMAL,0,0.06,score 0.06
229.2,NORMAL,0,0.061,score 0.06
229.3,NORMAL,0,0.061,score 0.06
229.4,NORMAL,0,0.061,score 0.06
229.5,NORMAL,0,0.061,score 0.06
229.6,NORMAL,0,0.061,score 0.06
229.7,NORMAL,0,0.061,score 0.06
229.8,NORMAL,0,0.062,score 0.06
229.9,NORMAL,0,0.062,score 0.06
230.0,NORMAL,0,0.063,score 0.06
230.1,NORMAL,0,0.064,score 0.06
230.2,NORMAL,0,0.064,score 0.06
230.3,NORMAL,0,0.065,score 0.07
230.4,NORMAL,0,0.066,score 0.07
230.5,NORMAL,0,0.066,score 0.07
230.6,NORMAL,0,0.067,score 0.07
230.7,NORMAL,0,0.067,score 0.07
230.8,NORMAL,0,0.068,score 0.07
230.9,NORMAL,0,0.068,score 0.07
231.0,NORMAL,0,0.069,score 0.07
231.1,NORMAL,0,0.069,score 0.07
231.2,NORMAL,0,0.07,score 0.07
231.3,NORMAL,0,0.07,score 0.07
231.4,NORMAL,0,0.071,score 0.07
231.5,NORMAL,0,0.072,score 0.07
231.6,NORMAL,0,0.072,score 0.07
231.7,NORMAL,0,0.073,score 0.07
231.8,NORMAL,0,0.074,score 0.07
231.9,NORMAL,0,0.075,score 0.07
232.0,NORMAL,0,0.076,score 0.08
232.1,NORMAL,0,0.076,score 0.08
232.2,NORMAL,0,0.077,score 0.08
232.3,NORMAL,0,0.078,score 0.08
232.4,NORMAL,0,0.078,score 0.08
232.5,NORMAL,0,0.079,score 0.08
232.6,NORMAL,0,0.079,score 0.08
232.7,NORMAL,0,0.08,score 0.08
232.8,NORMAL,0,0.08,score 0.08
232.9,NORMAL,0,0.081,score 0.08
233.0,NORMAL,0,0.081,score 0.08
233.1,NORMAL,0,0.082,score 0.08
233.2,NORMAL,0,0.082,score 0.08
233.3,NORMAL,0,0.082,score 0.08
233.4,NORMAL,0,0.082,score 0.08
233.5,NORMAL,0,0.082,score 0.08
233.6,NORMAL,0,0.082,score 0.08
233.7,NORMAL,0,0.081,score 0.08
233.8,NORMAL,0,0.081,score 0.08
233.9,NORMAL,0,0.081,score 0.08
234.0,NORMAL,0,0.081,score 0.08
234.1,NORMAL,0,0.081,score 0.08
234.2,NORMAL,0,0.08,score 0.08
234.3,NORMAL,0,0.08,score 0.08
234.4,NORMAL,0,0.08,score 0.08
234.5,NORMAL,0,0.08,score 0.08
234.6,NORMAL,0,0.08,score 0.08
234.7,NORMAL,0,0.08,score 0.08
234.8,NORMAL,0,0.08,score 0.08
234.9,NORMAL,0,0.079,score 0.08
235.0,NORMAL,0,0.079,score 0.08
235.1,NORMAL,0,0.079,score 0.08
235.2,NORMAL,0,0.079,score 0.08
235.3,NORMAL,0,0.079,score 0.08
235.4,NORMAL,0,0.079,score 0.08
235.5,NORMAL,0,0.078,score 0.08
235.6,NORMAL,0,0.078,score 0.08
235.7,NORMAL,0,0.078,score 0.08
235.8,NORMAL,0,0.078,score 0.08
235.9,NORMAL,0,0.078,score 0.08
236.0,NORMAL,0,0.078,score 0.08
236.1,NORMAL,0,0.078,score 0.08
236.2,NORMAL,0,0.078,score 0.08
236.3,NORMAL,0,0.078,score 0.08
236.4,NORMAL,0,0.077,score 0.08
236.5,NORMAL,0,0.077,score 0.08
236.6,NORMAL,0,0.077,score 0.08
236.7,NORMAL,0,0.077,score 0.08
236.8,NORMAL,0,0.077,score 0.08
236.9,NORMAL,0,0.077,score 0.08
237.0,NORMAL,0,0.077,score 0.08
237.1,NORMAL,0,0.077,score 0.08
237.2,NORMAL,0,0.077,score 0.08
237.3,NORMAL,0,0.077,score 0.08
237.4,NORMAL,0,0.077,score 0.08
237.5,NORMAL,0,0.077,score 0.08
237.6,NORMAL,0,0.077,score 0.08
237.7,NORMAL,0,0.076,score 0.08
237.8,NORMAL,0,0.076,score 0.08
237.9,NORMAL,0,0.076,score 0.08
238.0,NORMAL,0,0.076,score 0.08
238.1,NORMAL,0,0.076,score 0.08
238.2,NORMAL,0,0.075,score 0.07
238.3,NORMAL,0,0.074,score 0.07
238.4,NORMAL,0,0.073,score 0.07
238.5,NORMAL,0,0.072,score 0.07
238.6,NORMAL,0,0.072,score 0.07
238.7,NORMAL,0,0.071,score 0.07
238.8,NORMAL,0,0.07,score 0.07
238.9,NORMAL,0,0.07,score 0.07
239.0,NORMAL,0,0.069,score 0.07
239.1,NORMAL,0,0.069,score 0.07
239.2,NORMAL,0,0.068,score 0.07
239.3,NORMAL,0,0.068,score 0.07
239.4,NORMAL,0,0.067,score 0.07
239.5,NORMAL,0,0.067,score 0.07
239.6,NORMAL,0,0.066,score 0.07
239.7,NORMAL,0,0.066,score 0.07
239.8,NORMAL,0,0.065,score 0.07
239.9,NORMAL,0,0.065,score 0.06
