config,scenario,timestamp_ms,label,state,risk_score,confidence,alert_action
week4_baseline,progression,0,ALERT,ALERT,0.052,0.92,NONE
week4_baseline,progression,1000,ALERT,ALERT,0.052,0.92,NONE
week4_baseline,progression,2000,ALERT,ALERT,0.052,0.92,NONE
week4_baseline,progression,3000,ALERT,ALERT,0.052,0.92,NONE
week4_baseline,progression,4000,ALERT,ALERT,0.052,0.92,NONE
week4_baseline,progression,5000,ALERT,ALERT,0.052,0.92,NONE
week4_baseline,progression,6000,CAUTION,CAUTION,0.382,0.92,VISUAL
week4_baseline,progression,7000,CAUTION,CAUTION,0.382,0.92,VISUAL
week4_baseline,progression,8000,CAUTION,CAUTION,0.382,0.92,VISUAL
week4_baseline,progression,9000,CAUTION,CAUTION,0.382,0.92,VISUAL
week4_baseline,progression,10000,CAUTION,CAUTION,0.382,0.92,VISUAL
week4_baseline,progression,11000,CAUTION,CAUTION,0.382,0.92,VISUAL
week4_baseline,progression,12000,DROWSY,DROWSY,0.911,0.92,AUDIO_VISUAL
week4_baseline,progression,13000,DROWSY,DROWSY,0.911,0.92,AUDIO_VISUAL
week4_baseline,progression,14000,DROWSY,DROWSY,0.911,0.92,AUDIO_VISUAL
week4_baseline,progression,15000,DROWSY,DROWSY,0.911,0.92,AUDIO_VISUAL
week4_baseline,progression,16000,DROWSY,DROWSY,0.911,0.92,AUDIO_VISUAL
week4_baseline,progression,17000,DROWSY,DROWSY,0.911,0.92,AUDIO_VISUAL
week4_baseline,progression,18000,DROWSY,DROWSY,0.911,0.92,AUDIO_VISUAL
week4_baseline,progression,19000,DROWSY,DROWSY,0.911,0.92,AUDIO_VISUAL
week4_baseline,progression,20000,DROWSY,DROWSY,0.911,0.92,AUDIO_VISUAL
week4_baseline,progression,21000,DROWSY,DROWSY,0.911,0.92,AUDIO_VISUAL
week4_baseline,progression,22000,DROWSY,DROWSY,0.911,0.92,AUDIO_VISUAL
week4_baseline,progression,23000,DROWSY,DROWSY,0.911,0.92,AUDIO_VISUAL
week4_baseline,progression,24000,DROWSY,DROWSY,0.911,0.92,AUDIO_VISUAL
week4_baseline,progression,25000,DROWSY,DROWSY,0.911,0.92,AUDIO_VISUAL
week4_baseline,progression,26000,ALERT,DROWSY,0.052,0.92,AUDIO_VISUAL
week4_baseline,progression,27000,ALERT,DROWSY,0.052,0.92,AUDIO_VISUAL
week4_baseline,progression,28000,ALERT,DROWSY,0.052,0.92,AUDIO_VISUAL
week4_baseline,progression,29000,ALERT,DROWSY,0.052,0.92,AUDIO_VISUAL
week4_baseline,progression,30000,ALERT,DROWSY,0.052,0.92,AUDIO_VISUAL
week4_baseline,progression,31000,ALERT,ALERT,0.052,0.92,NONE
week4_baseline,progression,32000,ALERT,ALERT,0.052,0.92,NONE
week4_baseline,progression,33000,ALERT,ALERT,0.052,0.92,NONE
week4_baseline,progression,34000,ALERT,ALERT,0.052,0.92,NONE
week4_baseline,progression,35000,ALERT,ALERT,0.052,0.92,NONE
week4_baseline,progression,36000,ALERT,ALERT,0.052,0.92,NONE
week4_baseline,progression,37000,ALERT,ALERT,0.052,0.92,NONE
week4_baseline,progression,38000,ALERT,ALERT,0.052,0.92,NONE
week4_baseline,progression,39000,ALERT,ALERT,0.052,0.92,NONE
week4_baseline,normal_driving,0,ALERT,ALERT,0.052,0.92,NONE
week4_baseline,normal_driving,1000,ALERT,ALERT,0.052,0.92,NONE
week4_baseline,normal_driving,2000,ALERT,ALERT,0.052,0.92,NONE
week4_baseline,normal_driving,3000,ALERT,ALERT,0.052,0.92,NONE
week4_baseline,normal_driving,4000,ALERT,ALERT,0.052,0.92,NONE
week4_baseline,normal_driving,5000,ALERT,ALERT,0.052,0.92,NONE
week4_baseline,normal_driving,6000,ALERT,ALERT,0.052,0.92,NONE
week4_baseline,normal_driving,7000,ALERT,ALERT,0.052,0.92,NONE
week4_baseline,normal_driving,8000,ALERT,ALERT,0.052,0.92,NONE
week4_baseline,normal_driving,9000,ALERT,ALERT,0.052,0.92,NONE
week4_baseline,normal_driving,10000,ALERT,ALERT,0.052,0.92,NONE
week4_baseline,normal_driving,11000,ALERT,ALERT,0.052,0.92,NONE
week4_baseline,normal_driving,12000,ALERT,ALERT,0.052,0.92,NONE
week4_baseline,normal_driving,13000,ALERT,ALERT,0.052,0.92,NONE
week4_baseline,normal_driving,14000,ALERT,ALERT,0.052,0.92,NONE
week4_baseline,normal_driving,15000,ALERT,ALERT,0.052,0.92,NONE
week4_baseline,normal_driving,16000,ALERT,ALERT,0.052,0.92,NONE
week4_baseline,normal_driving,17000,ALERT,ALERT,0.052,0.92,NONE
week4_baseline,normal_driving,18000,ALERT,ALERT,0.052,0.92,NONE
week4_baseline,normal_driving,19000,ALERT,ALERT,0.052,0.92,NONE
week4_baseline,normal_driving,20000,ALERT,ALERT,0.052,0.92,NONE
week4_baseline,normal_driving,21000,ALERT,ALERT,0.052,0.92,NONE
week4_baseline,normal_driving,22000,ALERT,ALERT,0.052,0.92,NONE
week4_baseline,normal_driving,23000,ALERT,ALERT,0.052,0.92,NONE
week4_baseline,normal_driving,24000,ALERT,ALERT,0.052,0.92,NONE
week4_baseline,normal_driving,25000,ALERT,ALERT,0.052,0.92,NONE
week4_baseline,normal_driving,26000,ALERT,ALERT,0.052,0.92,NONE
week4_baseline,normal_driving,27000,ALERT,ALERT,0.052,0.92,NONE
week4_baseline,normal_driving,28000,ALERT,ALERT,0.052,0.92,NONE
week4_baseline,normal_driving,29000,ALERT,ALERT,0.052,0.92,NONE
week4_baseline,normal_driving,30000,ALERT,ALERT,0.052,0.92,NONE
week4_baseline,normal_driving,31000,ALERT,ALERT,0.052,0.92,NONE
week4_baseline,normal_driving,32000,ALERT,ALERT,0.052,0.92,NONE
week4_baseline,normal_driving,33000,ALERT,ALERT,0.052,0.92,NONE
week4_baseline,normal_driving,34000,ALERT,ALERT,0.052,0.92,NONE
week4_baseline,normal_driving,35000,ALERT,ALERT,0.052,0.92,NONE
week4_baseline,normal_driving,36000,ALERT,ALERT,0.052,0.92,NONE
week4_baseline,normal_driving,37000,ALERT,ALERT,0.052,0.92,NONE
week4_baseline,normal_driving,38000,ALERT,ALERT,0.052,0.92,NONE
week4_baseline,normal_driving,39000,ALERT,ALERT,0.052,0.92,NONE
week4_baseline,false_spike,0,ALERT,ALERT,0.052,0.92,NONE
week4_baseline,false_spike,1000,ALERT,ALERT,0.052,0.92,NONE
week4_baseline,false_spike,2000,ALERT,ALERT,0.052,0.92,NONE
week4_baseline,false_spike,3000,ALERT,ALERT,0.052,0.92,NONE
week4_baseline,false_spike,4000,ALERT,ALERT,0.052,0.92,NONE
week4_baseline,false_spike,5000,ALERT,ALERT,0.052,0.92,NONE
week4_baseline,false_spike,6000,ALERT,ALERT,0.052,0.92,NONE
week4_baseline,false_spike,7000,ALERT,ALERT,0.052,0.92,NONE
week4_baseline,false_spike,8000,ALERT,ALERT,0.052,0.92,NONE
week4_baseline,false_spike,9000,ALERT,ALERT,0.052,0.92,NONE
week4_baseline,false_spike,10000,ALERT,DROWSY,0.911,0.92,AUDIO_VISUAL
week4_baseline,false_spike,11000,ALERT,DROWSY,0.052,0.92,AUDIO_VISUAL
week4_baseline,false_spike,12000,ALERT,DROWSY,0.052,0.92,AUDIO_VISUAL
week4_baseline,false_spike,13000,ALERT,DROWSY,0.052,0.92,AUDIO_VISUAL
week4_baseline,false_spike,14000,ALERT,DROWSY,0.052,0.92,AUDIO_VISUAL
week4_baseline,false_spike,15000,ALERT,DROWSY,0.052,0.92,AUDIO_VISUAL
week4_baseline,false_spike,16000,ALERT,ALERT,0.052,0.92,NONE
week4_baseline,false_spike,17000,ALERT,ALERT,0.052,0.92,NONE
week4_baseline,false_spike,18000,ALERT,ALERT,0.052,0.92,NONE
week4_baseline,false_spike,19000,ALERT,ALERT,0.052,0.92,NONE
week4_baseline,false_spike,20000,ALERT,ALERT,0.052,0.92,NONE
week4_baseline,false_spike,21000,ALERT,ALERT,0.052,0.92,NONE
week4_baseline,false_spike,22000,ALERT,ALERT,0.052,0.92,NONE
week4_baseline,false_spike,23000,ALERT,ALERT,0.052,0.92,NONE
week4_baseline,false_spike,24000,ALERT,ALERT,0.052,0.92,NONE
week4_baseline,false_spike,25000,ALERT,ALERT,0.052,0.92,NONE
week4_baseline,false_spike,26000,ALERT,ALERT,0.052,0.92,NONE
week4_baseline,false_spike,27000,ALERT,ALERT,0.052,0.92,NONE
week4_baseline,false_spike,28000,ALERT,ALERT,0.052,0.92,NONE
week4_baseline,false_spike,29000,ALERT,ALERT,0.052,0.92,NONE
week4_baseline,threshold_jitter,0,ALERT,ALERT,0.052,0.92,NONE
week4_baseline,threshold_jitter,1000,ALERT,ALERT,0.052,0.92,NONE
week4_baseline,threshold_jitter,2000,ALERT,ALERT,0.052,0.92,NONE
week4_baseline,threshold_jitter,3000,ALERT,ALERT,0.052,0.92,NONE
week4_baseline,threshold_jitter,4000,ALERT,ALERT,0.052,0.92,NONE
week4_baseline,threshold_jitter,5000,ALERT,ALERT,0.052,0.92,NONE
week4_baseline,threshold_jitter,6000,ALERT,ALERT,0.052,0.92,NONE
week4_baseline,threshold_jitter,7000,ALERT,ALERT,0.052,0.92,NONE
week4_baseline,threshold_jitter,8000,CAUTION,CAUTION,0.646,0.92,VISUAL
week4_baseline,threshold_jitter,9000,CAUTION,DROWSY,0.668,0.92,AUDIO_VISUAL
week4_baseline,threshold_jitter,10000,CAUTION,CAUTION,0.646,0.92,VISUAL
week4_baseline,threshold_jitter,11000,CAUTION,DROWSY,0.668,0.92,AUDIO_VISUAL
week4_baseline,threshold_jitter,12000,CAUTION,CAUTION,0.646,0.92,VISUAL
week4_baseline,threshold_jitter,13000,CAUTION,DROWSY,0.668,0.92,AUDIO_VISUAL
week4_baseline,threshold_jitter,14000,CAUTION,CAUTION,0.646,0.92,VISUAL
week4_baseline,threshold_jitter,15000,CAUTION,DROWSY,0.668,0.92,AUDIO_VISUAL
week4_baseline,threshold_jitter,16000,ALERT,DROWSY,0.052,0.92,AUDIO_VISUAL
week4_baseline,threshold_jitter,17000,ALERT,DROWSY,0.052,0.92,AUDIO_VISUAL
week4_baseline,threshold_jitter,18000,ALERT,DROWSY,0.052,0.92,AUDIO_VISUAL
week4_baseline,threshold_jitter,19000,ALERT,DROWSY,0.052,0.92,AUDIO_VISUAL
week4_baseline,threshold_jitter,20000,ALERT,DROWSY,0.052,0.92,AUDIO_VISUAL
week4_baseline,threshold_jitter,21000,ALERT,ALERT,0.052,0.92,NONE
week4_baseline,threshold_jitter,22000,ALERT,ALERT,0.052,0.92,NONE
week4_baseline,threshold_jitter,23000,ALERT,ALERT,0.052,0.92,NONE
week4_baseline,threshold_jitter,24000,ALERT,ALERT,0.052,0.92,NONE
week4_baseline,threshold_jitter,25000,ALERT,ALERT,0.052,0.92,NONE
week4_baseline,threshold_jitter,26000,ALERT,ALERT,0.052,0.92,NONE
week4_baseline,threshold_jitter,27000,ALERT,ALERT,0.052,0.92,NONE
week4_baseline,threshold_jitter,28000,ALERT,ALERT,0.052,0.92,NONE
week4_baseline,threshold_jitter,29000,ALERT,ALERT,0.052,0.92,NONE
week4_baseline,weak_drowsiness,0,ALERT,ALERT,0.052,0.92,NONE
week4_baseline,weak_drowsiness,1000,ALERT,ALERT,0.052,0.92,NONE
week4_baseline,weak_drowsiness,2000,ALERT,ALERT,0.052,0.92,NONE
week4_baseline,weak_drowsiness,3000,ALERT,ALERT,0.052,0.92,NONE
week4_baseline,weak_drowsiness,4000,ALERT,ALERT,0.052,0.92,NONE
week4_baseline,weak_drowsiness,5000,ALERT,ALERT,0.052,0.92,NONE
week4_baseline,weak_drowsiness,6000,ALERT,ALERT,0.052,0.92,NONE
week4_baseline,weak_drowsiness,7000,ALERT,ALERT,0.052,0.92,NONE
week4_baseline,weak_drowsiness,8000,DROWSY,CAUTION,0.59,0.92,VISUAL
week4_baseline,weak_drowsiness,9000,DROWSY,CAUTION,0.59,0.92,VISUAL
week4_baseline,weak_drowsiness,10000,DROWSY,CAUTION,0.59,0.92,VISUAL
week4_baseline,weak_drowsiness,11000,DROWSY,CAUTION,0.59,0.92,VISUAL
week4_baseline,weak_drowsiness,12000,DROWSY,CAUTION,0.59,0.92,VISUAL
week4_baseline,weak_drowsiness,13000,DROWSY,CAUTION,0.59,0.92,VISUAL
week4_baseline,weak_drowsiness,14000,DROWSY,CAUTION,0.59,0.92,VISUAL
week4_baseline,weak_drowsiness,15000,DROWSY,CAUTION,0.59,0.92,VISUAL
week4_baseline,weak_drowsiness,16000,DROWSY,CAUTION,0.59,0.92,VISUAL
week4_baseline,weak_drowsiness,17000,DROWSY,CAUTION,0.59,0.92,VISUAL
week4_baseline,weak_drowsiness,18000,DROWSY,CAUTION,0.59,0.92,VISUAL
week4_baseline,weak_drowsiness,19000,DROWSY,CAUTION,0.59,0.92,VISUAL
week4_baseline,weak_drowsiness,20000,DROWSY,CAUTION,0.59,0.92,VISUAL
week4_baseline,weak_drowsiness,21000,DROWSY,CAUTION,0.59,0.92,VISUAL
week4_baseline,weak_drowsiness,22000,DROWSY,CAUTION,0.59,0.92,VISUAL
week4_baseline,weak_drowsiness,23000,ALERT,CAUTION,0.052,0.92,VISUAL
week4_baseline,weak_drowsiness,24000,ALERT,CAUTION,0.052,0.92,VISUAL
week4_baseline,weak_drowsiness,25000,ALERT,CAUTION,0.052,0.92,VISUAL
week4_baseline,weak_drowsiness,26000,ALERT,CAUTION,0.052,0.92,VISUAL
week4_baseline,weak_drowsiness,27000,ALERT,CAUTION,0.052,0.92,VISUAL
week4_baseline,weak_drowsiness,28000,ALERT,ALERT,0.052,0.92,NONE
week4_baseline,weak_drowsiness,29000,ALERT,ALERT,0.052,0.92,NONE
week4_baseline,weak_drowsiness,30000,ALERT,ALERT,0.052,0.92,NONE
week4_baseline,weak_drowsiness,31000,ALERT,ALERT,0.052,0.92,NONE
week4_baseline,weak_drowsiness,32000,ALERT,ALERT,0.052,0.92,NONE
week4_baseline,weak_drowsiness,33000,ALERT,ALERT,0.052,0.92,NONE
week4_baseline,weak_drowsiness,34000,ALERT,ALERT,0.052,0.92,NONE
week4_baseline,short_true_episode,0,ALERT,ALERT,0.052,0.92,NONE
week4_baseline,short_true_episode,1000,ALERT,ALERT,0.052,0.92,NONE
week4_baseline,short_true_episode,2000,ALERT,ALERT,0.052,0.92,NONE
week4_baseline,short_true_episode,3000,ALERT,ALERT,0.052,0.92,NONE
week4_baseline,short_true_episode,4000,ALERT,ALERT,0.052,0.92,NONE
week4_baseline,short_true_episode,5000,ALERT,ALERT,0.052,0.92,NONE
week4_baseline,short_true_episode,6000,ALERT,ALERT,0.052,0.92,NONE
week4_baseline,short_true_episode,7000,ALERT,ALERT,0.052,0.92,NONE
week4_baseline,short_true_episode,8000,ALERT,ALERT,0.052,0.92,NONE
week4_baseline,short_true_episode,9000,ALERT,ALERT,0.052,0.92,NONE
week4_baseline,short_true_episode,10000,DROWSY,DROWSY,0.911,0.92,AUDIO_VISUAL
week4_baseline,short_true_episode,11000,ALERT,DROWSY,0.052,0.92,AUDIO_VISUAL
week4_baseline,short_true_episode,12000,ALERT,DROWSY,0.052,0.92,AUDIO_VISUAL
week4_baseline,short_true_episode,13000,ALERT,DROWSY,0.052,0.92,AUDIO_VISUAL
week4_baseline,short_true_episode,14000,ALERT,DROWSY,0.052,0.92,AUDIO_VISUAL
week4_baseline,short_true_episode,15000,ALERT,DROWSY,0.052,0.92,AUDIO_VISUAL
week4_baseline,short_true_episode,16000,ALERT,ALERT,0.052,0.92,NONE
week4_baseline,short_true_episode,17000,ALERT,ALERT,0.052,0.92,NONE
week4_baseline,short_true_episode,18000,ALERT,ALERT,0.052,0.92,NONE
week4_baseline,short_true_episode,19000,ALERT,ALERT,0.052,0.92,NONE
week4_baseline,short_true_episode,20000,ALERT,ALERT,0.052,0.92,NONE
week4_baseline,short_true_episode,21000,ALERT,ALERT,0.052,0.92,NONE
week4_baseline,short_true_episode,22000,ALERT,ALERT,0.052,0.92,NONE
week4_baseline,short_true_episode,23000,ALERT,ALERT,0.052,0.92,NONE
week4_baseline,short_true_episode,24000,ALERT,ALERT,0.052,0.92,NONE
week4_baseline,short_true_episode,25000,ALERT,ALERT,0.052,0.92,NONE
week4_baseline,short_true_episode,26000,ALERT,ALERT,0.052,0.92,NONE
week4_baseline,short_true_episode,27000,ALERT,ALERT,0.052,0.92,NONE
week4_baseline,short_true_episode,28000,ALERT,ALERT,0.052,0.92,NONE
week4_baseline,short_true_episode,29000,ALERT,ALERT,0.052,0.92,NONE
week4_baseline,visibility_loss,0,ALERT,ALERT,0.052,0.92,NONE
week4_baseline,visibility_loss,1000,ALERT,ALERT,0.052,0.92,NONE
week4_baseline,visibility_loss,2000,ALERT,ALERT,0.052,0.92,NONE
week4_baseline,visibility_loss,3000,ALERT,ALERT,0.052,0.92,NONE
week4_baseline,visibility_loss,4000,ALERT,ALERT,0.052,0.92,NONE
week4_baseline,visibility_loss,5000,ALERT,ALERT,0.052,0.92,NONE
week4_baseline,visibility_loss,6000,ALERT,ALERT,0.052,0.92,NONE
week4_baseline,visibility_loss,7000,ALERT,ALERT,0.052,0.92,NONE
week4_baseline,visibility_loss,8000,DROWSY,UNKNOWN,0.0,0.2,NONE
week4_baseline,visibility_loss,9000,DROWSY,UNKNOWN,0.0,0.2,NONE
week4_baseline,visibility_loss,10000,DROWSY,UNKNOWN,0.0,0.2,NONE
week4_baseline,visibility_loss,11000,DROWSY,UNKNOWN,0.0,0.2,NONE
week4_baseline,visibility_loss,12000,DROWSY,UNKNOWN,0.0,0.2,NONE
week4_baseline,visibility_loss,13000,DROWSY,UNKNOWN,0.0,0.2,NONE
week4_baseline,visibility_loss,14000,DROWSY,UNKNOWN,0.0,0.2,NONE
week4_baseline,visibility_loss,15000,DROWSY,UNKNOWN,0.0,0.2,NONE
week4_baseline,visibility_loss,16000,DROWSY,UNKNOWN,0.0,0.2,NONE
week4_baseline,visibility_loss,17000,DROWSY,UNKNOWN,0.0,0.2,NONE
week4_baseline,visibility_loss,18000,ALERT,ALERT,0.052,0.92,NONE
week4_baseline,visibility_loss,19000,ALERT,ALERT,0.052,0.92,NONE
week4_baseline,visibility_loss,20000,ALERT,ALERT,0.052,0.92,NONE
week4_baseline,visibility_loss,21000,ALERT,ALERT,0.052,0.92,NONE
week4_baseline,visibility_loss,22000,ALERT,ALERT,0.052,0.92,NONE
week4_baseline,visibility_loss,23000,ALERT,ALERT,0.052,0.92,NONE
week4_baseline,visibility_loss,24000,ALERT,ALERT,0.052,0.92,NONE
week4_baseline,visibility_loss,25000,ALERT,ALERT,0.052,0.92,NONE
week4_baseline,visibility_loss,26000,ALERT,ALERT,0.052,0.92,NONE
week4_baseline,visibility_loss,27000,ALERT,ALERT,0.052,0.92,NONE
week4_baseline,visibility_loss,28000,ALERT,ALERT,0.052,0.92,NONE
week4_baseline,visibility_loss,29000,ALERT,ALERT,0.052,0.92,NONE
week4_baseline,recovery_band,0,ALERT,ALERT,0.052,0.92,NONE
week4_baseline,recovery_band,1000,ALERT,ALERT,0.052,0.92,NONE
week4_baseline,recovery_band,2000,ALERT,ALERT,0.052,0.92,NONE
week4_baseline,recovery_band,3000,ALERT,ALERT,0.052,0.92,NONE
week4_baseline,recovery_band,4000,ALERT,ALERT,0.052,0.92,NONE
week4_baseline,recovery_band,5000,ALERT,ALERT,0.052,0.92,NONE
week4_baseline,recovery_band,6000,ALERT,ALERT,0.052,0.92,NONE
week4_baseline,recovery_band,7000,ALERT,ALERT,0.052,0.92,NONE
week4_baseline,recovery_band,8000,DROWSY,DROWSY,0.911,0.92,AUDIO_VISUAL
week4_baseline,recovery_band,9000,DROWSY,DROWSY,0.911,0.92,AUDIO_VISUAL
week4_baseline,recovery_band,10000,DROWSY,DROWSY,0.911,0.92,AUDIO_VISUAL
week4_baseline,recovery_band,11000,DROWSY,DROWSY,0.911,0.92,AUDIO_VISUAL
week4_baseline,recovery_band,12000,DROWSY,DROWSY,0.911,0.92,AUDIO_VISUAL
week4_baseline,recovery_band,13000,DROWSY,DROWSY,0.911,0.92,AUDIO_VISUAL
week4_baseline,recovery_band,14000,DROWSY,DROWSY,0.911,0.92,AUDIO_VISUAL
week4_baseline,recovery_band,15000,DROWSY,DROWSY,0.911,0.92,AUDIO_VISUAL
week4_baseline,recovery_band,16000,DROWSY,DROWSY,0.911,0.92,AUDIO_VISUAL
week4_baseline,recovery_band,17000,DROWSY,DROWSY,0.911,0.92,AUDIO_VISUAL
week4_baseline,recovery_band,18000,CAUTION,ALERT,0.29,0.92,NONE
week4_baseline,recovery_band,19000,CAUTION,ALERT,0.29,0.92,NONE
week4_baseline,recovery_band,20000,CAUTION,ALERT,0.29,0.92,NONE
week4_baseline,recovery_band,21000,CAUTION,ALERT,0.29,0.92,NONE
week4_baseline,recovery_band,22000,CAUTION,ALERT,0.29,0.92,NONE
week4_baseline,recovery_band,23000,CAUTION,ALERT,0.29,0.92,NONE
week4_baseline,recovery_band,24000,CAUTION,ALERT,0.29,0.92,NONE
week4_baseline,recovery_band,25000,CAUTION,ALERT,0.29,0.92,NONE
week4_baseline,recovery_band,26000,ALERT,ALERT,0.052,0.92,NONE
week4_baseline,recovery_band,27000,ALERT,ALERT,0.052,0.92,NONE
week4_baseline,recovery_band,28000,ALERT,ALERT,0.052,0.92,NONE
week4_baseline,recovery_band,29000,ALERT,ALERT,0.052,0.92,NONE
week4_baseline,recovery_band,30000,ALERT,ALERT,0.052,0.92,NONE
week4_baseline,recovery_band,31000,ALERT,ALERT,0.052,0.92,NONE
week4_baseline,recovery_band,32000,ALERT,ALERT,0.052,0.92,NONE
week4_baseline,recovery_band,33000,ALERT,ALERT,0.052,0.92,NONE
week4_baseline,recovery_band,34000,ALERT,ALERT,0.052,0.92,NONE
week4_baseline,recovery_band,35000,ALERT,ALERT,0.052,0.92,NONE
week4_baseline,recovery_band,36000,ALERT,ALERT,0.052,0.92,NONE
week4_baseline,recovery_band,37000,ALERT,ALERT,0.052,0.92,NONE
week4_baseline,recovery_band,38000,ALERT,ALERT,0.052,0.92,NONE
week4_baseline,recovery_band,39000,ALERT,ALERT,0.052,0.92,NONE
week4_baseline,late_strong_evidence,0,ALERT,ALERT,0.052,0.92,NONE
week4_baseline,late_strong_evidence,1000,ALERT,ALERT,0.052,0.92,NONE
week4_baseline,late_strong_evidence,2000,ALERT,ALERT,0.052,0.92,NONE
week4_baseline,late_strong_evidence,3000,ALERT,ALERT,0.052,0.92,NONE
week4_baseline,late_strong_evidence,4000,ALERT,ALERT,0.052,0.92,NONE
week4_baseline,late_strong_evidence,5000,ALERT,ALERT,0.052,0.92,NONE
week4_baseline,late_strong_evidence,6000,ALERT,ALERT,0.052,0.92,NONE
week4_baseline,late_strong_evidence,7000,ALERT,ALERT,0.052,0.92,NONE
week4_baseline,late_strong_evidence,8000,DROWSY,CAUTION,0.59,0.92,VISUAL
week4_baseline,late_strong_evidence,9000,DROWSY,CAUTION,0.59,0.92,VISUAL
week4_baseline,late_strong_evidence,10000,DROWSY,CAUTION,0.59,0.92,VISUAL
week4_baseline,late_strong_evidence,11000,DROWSY,DROWSY,0.911,0.92,AUDIO_VISUAL
week4_baseline,late_strong_evidence,12000,DROWSY,DROWSY,0.911,0.92,AUDIO_VISUAL
week4_baseline,late_strong_evidence,13000,DROWSY,DROWSY,0.911,0.92,AUDIO_VISUAL
week4_baseline,late_strong_evidence,14000,DROWSY,DROWSY,0.911,0.92,AUDIO_VISUAL
week4_baseline,late_strong_evidence,15000,DROWSY,DROWSY,0.911,0.92,AUDIO_VISUAL
week4_baseline,late_strong_evidence,16000,DROWSY,DROWSY,0.911,0.92,AUDIO_VISUAL
week4_baseline,late_strong_evidence,17000,DROWSY,DROWSY,0.911,0.92,AUDIO_VISUAL
week4_baseline,late_strong_evidence,18000,DROWSY,DROWSY,0.911,0.92,AUDIO_VISUAL
week4_baseline,late_strong_evidence,19000,DROWSY,DROWSY,0.911,0.92,AUDIO_VISUAL
week4_baseline,late_strong_evidence,20000,DROWSY,DROWSY,0.911,0.92,AUDIO_VISUAL
week4_baseline,late_strong_evidence,21000,DROWSY,DROWSY,0.911,0.92,AUDIO_VISUAL
week4_baseline,late_strong_evidence,22000,DROWSY,DROWSY,0.911,0.92,AUDIO_VISUAL
week4_baseline,late_strong_evidence,23000,ALERT,DROWSY,0.052,0.92,AUDIO_VISUAL
week4_baseline,late_strong_evidence,24000,ALERT,DROWSY,0.052,0.92,AUDIO_VISUAL
week4_baseline,late_strong_evidence,25000,ALERT,DROWSY,0.052,0.92,AUDIO_VISUAL
week4_baseline,late_strong_evidence,26000,ALERT,DROWSY,0.052,0.92,AUDIO_VISUAL
week4_baseline,late_strong_evidence,27000,ALERT,DROWSY,0.052,0.92,AUDIO_VISUAL
week4_baseline,late_strong_evidence,28000,ALERT,ALERT,0.052,0.92,NONE
week4_baseline,late_strong_evidence,29000,ALERT,ALERT,0.052,0.92,NONE
week4_baseline,late_strong_evidence,30000,ALERT,ALERT,0.052,0.92,NONE
week4_baseline,late_strong_evidence,31000,ALERT,ALERT,0.052,0.92,NONE
week4_baseline,late_strong_evidence,32000,ALERT,ALERT,0.052,0.92,NONE
week4_baseline,late_strong_evidence,33000,ALERT,ALERT,0.052,0.92,NONE
week4_baseline,late_strong_evidence,34000,ALERT,ALERT,0.052,0.92,NONE
week5_stable,progression,0,ALERT,ALERT,0.052,0.92,NONE
week5_stable,progression,1000,ALERT,ALERT,0.052,0.92,NONE
week5_stable,progression,2000,ALERT,ALERT,0.052,0.92,NONE
week5_stable,progression,3000,ALERT,ALERT,0.052,0.92,NONE
week5_stable,progression,4000,ALERT,ALERT,0.052,0.92,NONE
week5_stable,progression,5000,ALERT,ALERT,0.052,0.92,NONE
week5_stable,progression,6000,CAUTION,CAUTION,0.382,0.92,VISUAL
week5_stable,progression,7000,CAUTION,CAUTION,0.382,0.92,VISUAL
week5_stable,progression,8000,CAUTION,CAUTION,0.382,0.92,VISUAL
week5_stable,progression,9000,CAUTION,CAUTION,0.382,0.92,VISUAL
week5_stable,progression,10000,CAUTION,CAUTION,0.382,0.92,VISUAL
week5_stable,progression,11000,CAUTION,CAUTION,0.382,0.92,VISUAL
week5_stable,progression,12000,DROWSY,CAUTION,0.911,0.92,VISUAL
week5_stable,progression,13000,DROWSY,CAUTION,0.911,0.92,VISUAL
week5_stable,progression,14000,DROWSY,DROWSY,0.911,0.92,AUDIO_VISUAL
week5_stable,progression,15000,DROWSY,DROWSY,0.911,0.92,AUDIO_VISUAL
week5_stable,progression,16000,DROWSY,DROWSY,0.911,0.92,AUDIO_VISUAL
week5_stable,progression,17000,DROWSY,DROWSY,0.911,0.92,AUDIO_VISUAL
week5_stable,progression,18000,DROWSY,DROWSY,0.911,0.92,AUDIO_VISUAL
week5_stable,progression,19000,DROWSY,DROWSY,0.911,0.92,AUDIO_VISUAL
week5_stable,progression,20000,DROWSY,DROWSY,0.911,0.92,AUDIO_VISUAL
week5_stable,progression,21000,DROWSY,DROWSY,0.911,0.92,AUDIO_VISUAL
week5_stable,progression,22000,DROWSY,DROWSY,0.911,0.92,AUDIO_VISUAL
week5_stable,progression,23000,DROWSY,DROWSY,0.911,0.92,AUDIO_VISUAL
week5_stable,progression,24000,DROWSY,DROWSY,0.911,0.92,AUDIO_VISUAL
week5_stable,progression,25000,DROWSY,DROWSY,0.911,0.92,AUDIO_VISUAL
week5_stable,progression,26000,ALERT,DROWSY,0.052,0.92,AUDIO_VISUAL
week5_stable,progression,27000,ALERT,DROWSY,0.052,0.92,AUDIO_VISUAL
week5_stable,progression,28000,ALERT,DROWSY,0.052,0.92,AUDIO_VISUAL
week5_stable,progression,29000,ALERT,DROWSY,0.052,0.92,AUDIO_VISUAL
week5_stable,progression,30000,ALERT,DROWSY,0.052,0.92,AUDIO_VISUAL
week5_stable,progression,31000,ALERT,ALERT,0.052,0.92,NONE
week5_stable,progression,32000,ALERT,ALERT,0.052,0.92,NONE
week5_stable,progression,33000,ALERT,ALERT,0.052,0.92,NONE
week5_stable,progression,34000,ALERT,ALERT,0.052,0.92,NONE
week5_stable,progression,35000,ALERT,ALERT,0.052,0.92,NONE
week5_stable,progression,36000,ALERT,ALERT,0.052,0.92,NONE
week5_stable,progression,37000,ALERT,ALERT,0.052,0.92,NONE
week5_stable,progression,38000,ALERT,ALERT,0.052,0.92,NONE
week5_stable,progression,39000,ALERT,ALERT,0.052,0.92,NONE
week5_stable,normal_driving,0,ALERT,ALERT,0.052,0.92,NONE
week5_stable,normal_driving,1000,ALERT,ALERT,0.052,0.92,NONE
week5_stable,normal_driving,2000,ALERT,ALERT,0.052,0.92,NONE
week5_stable,normal_driving,3000,ALERT,ALERT,0.052,0.92,NONE
week5_stable,normal_driving,4000,ALERT,ALERT,0.052,0.92,NONE
week5_stable,normal_driving,5000,ALERT,ALERT,0.052,0.92,NONE
week5_stable,normal_driving,6000,ALERT,ALERT,0.052,0.92,NONE
week5_stable,normal_driving,7000,ALERT,ALERT,0.052,0.92,NONE
week5_stable,normal_driving,8000,ALERT,ALERT,0.052,0.92,NONE
week5_stable,normal_driving,9000,ALERT,ALERT,0.052,0.92,NONE
week5_stable,normal_driving,10000,ALERT,ALERT,0.052,0.92,NONE
week5_stable,normal_driving,11000,ALERT,ALERT,0.052,0.92,NONE
week5_stable,normal_driving,12000,ALERT,ALERT,0.052,0.92,NONE
week5_stable,normal_driving,13000,ALERT,ALERT,0.052,0.92,NONE
week5_stable,normal_driving,14000,ALERT,ALERT,0.052,0.92,NONE
week5_stable,normal_driving,15000,ALERT,ALERT,0.052,0.92,NONE
week5_stable,normal_driving,16000,ALERT,ALERT,0.052,0.92,NONE
week5_stable,normal_driving,17000,ALERT,ALERT,0.052,0.92,NONE
week5_stable,normal_driving,18000,ALERT,ALERT,0.052,0.92,NONE
week5_stable,normal_driving,19000,ALERT,ALERT,0.052,0.92,NONE
week5_stable,normal_driving,20000,ALERT,ALERT,0.052,0.92,NONE
week5_stable,normal_driving,21000,ALERT,ALERT,0.052,0.92,NONE
week5_stable,normal_driving,22000,ALERT,ALERT,0.052,0.92,NONE
week5_stable,normal_driving,23000,ALERT,ALERT,0.052,0.92,NONE
week5_stable,normal_driving,24000,ALERT,ALERT,0.052,0.92,NONE
week5_stable,normal_driving,25000,ALERT,ALERT,0.052,0.92,NONE
week5_stable,normal_driving,26000,ALERT,ALERT,0.052,0.92,NONE
week5_stable,normal_driving,27000,ALERT,ALERT,0.052,0.92,NONE
week5_stable,normal_driving,28000,ALERT,ALERT,0.052,0.92,NONE
week5_stable,normal_driving,29000,ALERT,ALERT,0.052,0.92,NONE
week5_stable,normal_driving,30000,ALERT,ALERT,0.052,0.92,NONE
week5_stable,normal_driving,31000,ALERT,ALERT,0.052,0.92,NONE
week5_stable,normal_driving,32000,ALERT,ALERT,0.052,0.92,NONE
week5_stable,normal_driving,33000,ALERT,ALERT,0.052,0.92,NONE
week5_stable,normal_driving,34000,ALERT,ALERT,0.052,0.92,NONE
week5_stable,normal_driving,35000,ALERT,ALERT,0.052,0.92,NONE
week5_stable,normal_driving,36000,ALERT,ALERT,0.052,0.92,NONE
week5_stable,normal_driving,37000,ALERT,ALERT,0.052,0.92,NONE
week5_stable,normal_driving,38000,ALERT,ALERT,0.052,0.92,NONE
week5_stable,normal_driving,39000,ALERT,ALERT,0.052,0.92,NONE
week5_stable,false_spike,0,ALERT,ALERT,0.052,0.92,NONE
week5_stable,false_spike,1000,ALERT,ALERT,0.052,0.92,NONE
week5_stable,false_spike,2000,ALERT,ALERT,0.052,0.92,NONE
week5_stable,false_spike,3000,ALERT,ALERT,0.052,0.92,NONE
week5_stable,false_spike,4000,ALERT,ALERT,0.052,0.92,NONE
week5_stable,false_spike,5000,ALERT,ALERT,0.052,0.92,NONE
week5_stable,false_spike,6000,ALERT,ALERT,0.052,0.92,NONE
week5_stable,false_spike,7000,ALERT,ALERT,0.052,0.92,NONE
week5_stable,false_spike,8000,ALERT,ALERT,0.052,0.92,NONE
week5_stable,false_spike,9000,ALERT,ALERT,0.052,0.92,NONE
week5_stable,false_spike,10000,ALERT,CAUTION,0.911,0.92,VISUAL
week5_stable,false_spike,11000,ALERT,CAUTION,0.052,0.92,VISUAL
week5_stable,false_spike,12000,ALERT,CAUTION,0.052,0.92,VISUAL
week5_stable,false_spike,13000,ALERT,CAUTION,0.052,0.92,VISUAL
week5_stable,false_spike,14000,ALERT,CAUTION,0.052,0.92,VISUAL
week5_stable,false_spike,15000,ALERT,CAUTION,0.052,0.92,VISUAL
week5_stable,false_spike,16000,ALERT,ALERT,0.052,0.92,NONE
week5_stable,false_spike,17000,ALERT,ALERT,0.052,0.92,NONE
week5_stable,false_spike,18000,ALERT,ALERT,0.052,0.92,NONE
week5_stable,false_spike,19000,ALERT,ALERT,0.052,0.92,NONE
week5_stable,false_spike,20000,ALERT,ALERT,0.052,0.92,NONE
week5_stable,false_spike,21000,ALERT,ALERT,0.052,0.92,NONE
week5_stable,false_spike,22000,ALERT,ALERT,0.052,0.92,NONE
week5_stable,false_spike,23000,ALERT,ALERT,0.052,0.92,NONE
week5_stable,false_spike,24000,ALERT,ALERT,0.052,0.92,NONE
week5_stable,false_spike,25000,ALERT,ALERT,0.052,0.92,NONE
week5_stable,false_spike,26000,ALERT,ALERT,0.052,0.92,NONE
week5_stable,false_spike,27000,ALERT,ALERT,0.052,0.92,NONE
week5_stable,false_spike,28000,ALERT,ALERT,0.052,0.92,NONE
week5_stable,false_spike,29000,ALERT,ALERT,0.052,0.92,NONE
week5_stable,threshold_jitter,0,ALERT,ALERT,0.052,0.92,NONE
week5_stable,threshold_jitter,1000,ALERT,ALERT,0.052,0.92,NONE
week5_stable,threshold_jitter,2000,ALERT,ALERT,0.052,0.92,NONE
week5_stable,threshold_jitter,3000,ALERT,ALERT,0.052,0.92,NONE
week5_stable,threshold_jitter,4000,ALERT,ALERT,0.052,0.92,NONE
week5_stable,threshold_jitter,5000,ALERT,ALERT,0.052,0.92,NONE
week5_stable,threshold_jitter,6000,ALERT,ALERT,0.052,0.92,NONE
week5_stable,threshold_jitter,7000,ALERT,ALERT,0.052,0.92,NONE
week5_stable,threshold_jitter,8000,CAUTION,CAUTION,0.646,0.92,VISUAL
week5_stable,threshold_jitter,9000,CAUTION,CAUTION,0.668,0.92,VISUAL
week5_stable,threshold_jitter,10000,CAUTION,CAUTION,0.646,0.92,VISUAL
week5_stable,threshold_jitter,11000,CAUTION,CAUTION,0.668,0.92,VISUAL
week5_stable,threshold_jitter,12000,CAUTION,CAUTION,0.646,0.92,VISUAL
week5_stable,threshold_jitter,13000,CAUTION,CAUTION,0.668,0.92,VISUAL
week5_stable,threshold_jitter,14000,CAUTION,CAUTION,0.646,0.92,VISUAL
week5_stable,threshold_jitter,15000,CAUTION,CAUTION,0.668,0.92,VISUAL
week5_stable,threshold_jitter,16000,ALERT,CAUTION,0.052,0.92,VISUAL
week5_stable,threshold_jitter,17000,ALERT,CAUTION,0.052,0.92,VISUAL
week5_stable,threshold_jitter,18000,ALERT,CAUTION,0.052,0.92,VISUAL
week5_stable,threshold_jitter,19000,ALERT,CAUTION,0.052,0.92,VISUAL
week5_stable,threshold_jitter,20000,ALERT,CAUTION,0.052,0.92,VISUAL
week5_stable,threshold_jitter,21000,ALERT,ALERT,0.052,0.92,NONE
week5_stable,threshold_jitter,22000,ALERT,ALERT,0.052,0.92,NONE
week5_stable,threshold_jitter,23000,ALERT,ALERT,0.052,0.92,NONE
week5_stable,threshold_jitter,24000,ALERT,ALERT,0.052,0.92,NONE
week5_stable,threshold_jitter,25000,ALERT,ALERT,0.052,0.92,NONE
week5_stable,threshold_jitter,26000,ALERT,ALERT,0.052,0.92,NONE
week5_stable,threshold_jitter,27000,ALERT,ALERT,0.052,0.92,NONE
week5_stable,threshold_jitter,28000,ALERT,ALERT,0.052,0.92,NONE
week5_stable,threshold_jitter,29000,ALERT,ALERT,0.052,0.92,NONE
week5_stable,weak_drowsiness,0,ALERT,ALERT,0.052,0.92,NONE
week5_stable,weak_drowsiness,1000,ALERT,ALERT,0.052,0.92,NONE
week5_stable,weak_drowsiness,2000,ALERT,ALERT,0.052,0.92,NONE
week5_stable,weak_drowsiness,3000,ALERT,ALERT,0.052,0.92,NONE
week5_stable,weak_drowsiness,4000,ALERT,ALERT,0.052,0.92,NONE
week5_stable,weak_drowsiness,5000,ALERT,ALERT,0.052,0.92,NONE
week5_stable,weak_drowsiness,6000,ALERT,ALERT,0.052,0.92,NONE
week5_stable,weak_drowsiness,7000,ALERT,ALERT,0.052,0.92,NONE
week5_stable,weak_drowsiness,8000,DROWSY,CAUTION,0.59,0.92,VISUAL
week5_stable,weak_drowsiness,9000,DROWSY,CAUTION,0.59,0.92,VISUAL
week5_stable,weak_drowsiness,10000,DROWSY,CAUTION,0.59,0.92,VISUAL
week5_stable,weak_drowsiness,11000,DROWSY,CAUTION,0.59,0.92,VISUAL
week5_stable,weak_drowsiness,12000,DROWSY,CAUTION,0.59,0.92,VISUAL
week5_stable,weak_drowsiness,13000,DROWSY,CAUTION,0.59,0.92,VISUAL
week5_stable,weak_drowsiness,14000,DROWSY,CAUTION,0.59,0.92,VISUAL
week5_stable,weak_drowsiness,15000,DROWSY,CAUTION,0.59,0.92,VISUAL
week5_stable,weak_drowsiness,16000,DROWSY,CAUTION,0.59,0.92,VISUAL
week5_stable,weak_drowsiness,17000,DROWSY,CAUTION,0.59,0.92,VISUAL
week5_stable,weak_drowsiness,18000,DROWSY,CAUTION,0.59,0.92,VISUAL
week5_stable,weak_drowsiness,19000,DROWSY,CAUTION,0.59,0.92,VISUAL
week5_stable,weak_drowsiness,20000,DROWSY,CAUTION,0.59,0.92,VISUAL
week5_stable,weak_drowsiness,21000,DROWSY,CAUTION,0.59,0.92,VISUAL
week5_stable,weak_drowsiness,22000,DROWSY,CAUTION,0.59,0.92,VISUAL
week5_stable,weak_drowsiness,23000,ALERT,CAUTION,0.052,0.92,VISUAL
week5_stable,weak_drowsiness,24000,ALERT,CAUTION,0.052,0.92,VISUAL
week5_stable,weak_drowsiness,25000,ALERT,CAUTION,0.052,0.92,VISUAL
week5_stable,weak_drowsiness,26000,ALERT,CAUTION,0.052,0.92,VISUAL
week5_stable,weak_drowsiness,27000,ALERT,CAUTION,0.052,0.92,VISUAL
week5_stable,weak_drowsiness,28000,ALERT,ALERT,0.052,0.92,NONE
week5_stable,weak_drowsiness,29000,ALERT,ALERT,0.052,0.92,NONE
week5_stable,weak_drowsiness,30000,ALERT,ALERT,0.052,0.92,NONE
week5_stable,weak_drowsiness,31000,ALERT,ALERT,0.052,0.92,NONE
week5_stable,weak_drowsiness,32000,ALERT,ALERT,0.052,0.92,NONE
week5_stable,weak_drowsiness,33000,ALERT,ALERT,0.052,0.92,NONE
week5_stable,weak_drowsiness,34000,ALERT,ALERT,0.052,0.92,NONE
week5_stable,short_true_episode,0,ALERT,ALERT,0.052,0.92,NONE
week5_stable,short_true_episode,1000,ALERT,ALERT,0.052,0.92,NONE
week5_stable,short_true_episode,2000,ALERT,ALERT,0.052,0.92,NONE
week5_stable,short_true_episode,3000,ALERT,ALERT,0.052,0.92,NONE
week5_stable,short_true_episode,4000,ALERT,ALERT,0.052,0.92,NONE
week5_stable,short_true_episode,5000,ALERT,ALERT,0.052,0.92,NONE
week5_stable,short_true_episode,6000,ALERT,ALERT,0.052,0.92,NONE
week5_stable,short_true_episode,7000,ALERT,ALERT,0.052,0.92,NONE
week5_stable,short_true_episode,8000,ALERT,ALERT,0.052,0.92,NONE
week5_stable,short_true_episode,9000,ALERT,ALERT,0.052,0.92,NONE
week5_stable,short_true_episode,10000,DROWSY,CAUTION,0.911,0.92,VISUAL
week5_stable,short_true_episode,11000,ALERT,CAUTION,0.052,0.92,VISUAL
week5_stable,short_true_episode,12000,ALERT,CAUTION,0.052,0.92,VISUAL
week5_stable,short_true_episode,13000,ALERT,CAUTION,0.052,0.92,VISUAL
week5_stable,short_true_episode,14000,ALERT,CAUTION,0.052,0.92,VISUAL
week5_stable,short_true_episode,15000,ALERT,CAUTION,0.052,0.92,VISUAL
week5_stable,short_true_episode,16000,ALERT,ALERT,0.052,0.92,NONE
week5_stable,short_true_episode,17000,ALERT,ALERT,0.052,0.92,NONE
week5_stable,short_true_episode,18000,ALERT,ALERT,0.052,0.92,NONE
week5_stable,short_true_episode,19000,ALERT,ALERT,0.052,0.92,NONE
week5_stable,short_true_episode,20000,ALERT,ALERT,0.052,0.92,NONE
week5_stable,short_true_episode,21000,ALERT,ALERT,0.052,0.92,NONE
week5_stable,short_true_episode,22000,ALERT,ALERT,0.052,0.92,NONE
week5_stable,short_true_episode,23000,ALERT,ALERT,0.052,0.92,NONE
week5_stable,short_true_episode,24000,ALERT,ALERT,0.052,0.92,NONE
week5_stable,short_true_episode,25000,ALERT,ALERT,0.052,0.92,NONE
week5_stable,short_true_episode,26000,ALERT,ALERT,0.052,0.92,NONE
week5_stable,short_true_episode,27000,ALERT,ALERT,0.052,0.92,NONE
week5_stable,short_true_episode,28000,ALERT,ALERT,0.052,0.92,NONE
week5_stable,short_true_episode,29000,ALERT,ALERT,0.052,0.92,NONE
week5_stable,visibility_loss,0,ALERT,ALERT,0.052,0.92,NONE
week5_stable,visibility_loss,1000,ALERT,ALERT,0.052,0.92,NONE
week5_stable,visibility_loss,2000,ALERT,ALERT,0.052,0.92,NONE
week5_stable,visibility_loss,3000,ALERT,ALERT,0.052,0.92,NONE
week5_stable,visibility_loss,4000,ALERT,ALERT,0.052,0.92,NONE
week5_stable,visibility_loss,5000,ALERT,ALERT,0.052,0.92,NONE
week5_stable,visibility_loss,6000,ALERT,ALERT,0.052,0.92,NONE
week5_stable,visibility_loss,7000,ALERT,ALERT,0.052,0.92,NONE
week5_stable,visibility_loss,8000,DROWSY,UNKNOWN,0.0,0.2,NONE
week5_stable,visibility_loss,9000,DROWSY,UNKNOWN,0.0,0.2,NONE
week5_stable,visibility_loss,10000,DROWSY,UNKNOWN,0.0,0.2,NONE
week5_stable,visibility_loss,11000,DROWSY,UNKNOWN,0.0,0.2,NONE
week5_stable,visibility_loss,12000,DROWSY,UNKNOWN,0.0,0.2,NONE
week5_stable,visibility_loss,13000,DROWSY,UNKNOWN,0.0,0.2,NONE
week5_stable,visibility_loss,14000,DROWSY,UNKNOWN,0.0,0.2,NONE
week5_stable,visibility_loss,15000,DROWSY,UNKNOWN,0.0,0.2,NONE
week5_stable,visibility_loss,16000,DROWSY,UNKNOWN,0.0,0.2,NONE
week5_stable,visibility_loss,17000,DROWSY,UNKNOWN,0.0,0.2,NONE
week5_stable,visibility_loss,18000,ALERT,ALERT,0.052,0.92,NONE
week5_stable,visibility_loss,19000,ALERT,ALERT,0.052,0.92,NONE
week5_stable,visibility_loss,20000,ALERT,ALERT,0.052,0.92,NONE
week5_stable,visibility_loss,21000,ALERT,ALERT,0.052,0.92,NONE
week5_stable,visibility_loss,22000,ALERT,ALERT,0.052,0.92,NONE
week5_stable,visibility_loss,23000,ALERT,ALERT,0.052,0.92,NONE
week5_stable,visibility_loss,24000,ALERT,ALERT,0.052,0.92,NONE
week5_stable,visibility_loss,25000,ALERT,ALERT,0.052,0.92,NONE
week5_stable,visibility_loss,26000,ALERT,ALERT,0.052,0.92,NONE
week5_stable,visibility_loss,27000,ALERT,ALERT,0.052,0.92,NONE
week5_stable,visibility_loss,28000,ALERT,ALERT,0.052,0.92,NONE
week5_stable,visibility_loss,29000,ALERT,ALERT,0.052,0.92,NONE
week5_stable,recovery_band,0,ALERT,ALERT,0.052,0.92,NONE
week5_stable,recovery_band,1000,ALERT,ALERT,0.052,0.92,NONE
week5_stable,recovery_band,2000,ALERT,ALERT,0.052,0.92,NONE
week5_stable,recovery_band,3000,ALERT,ALERT,0.052,0.92,NONE
week5_stable,recovery_band,4000,ALERT,ALERT,0.052,0.92,NONE
week5_stable,recovery_band,5000,ALERT,ALERT,0.052,0.92,NONE
week5_stable,recovery_band,6000,ALERT,ALERT,0.052,0.92,NONE
week5_stable,recovery_band,7000,ALERT,ALERT,0.052,0.92,NONE
week5_stable,recovery_band,8000,DROWSY,CAUTION,0.911,0.92,VISUAL
week5_stable,recovery_band,9000,DROWSY,CAUTION,0.911,0.92,VISUAL
week5_stable,recovery_band,10000,DROWSY,DROWSY,0.911,0.92,AUDIO_VISUAL
week5_stable,recovery_band,11000,DROWSY,DROWSY,0.911,0.92,AUDIO_VISUAL
week5_stable,recovery_band,12000,DROWSY,DROWSY,0.911,0.92,AUDIO_VISUAL
week5_stable,recovery_band,13000,DROWSY,DROWSY,0.911,0.92,AUDIO_VISUAL
week5_stable,recovery_band,14000,DROWSY,DROWSY,0.911,0.92,AUDIO_VISUAL
week5_stable,recovery_band,15000,DROWSY,DROWSY,0.911,0.92,AUDIO_VISUAL
week5_stable,recovery_band,16000,DROWSY,DROWSY,0.911,0.92,AUDIO_VISUAL
week5_stable,recovery_band,17000,DROWSY,DROWSY,0.911,0.92,AUDIO_VISUAL
week5_stable,recovery_band,18000,CAUTION,DROWSY,0.29,0.92,AUDIO_VISUAL
week5_stable,recovery_band,19000,CAUTION,DROWSY,0.29,0.92,AUDIO_VISUAL
week5_stable,recovery_band,20000,CAUTION,DROWSY,0.29,0.92,AUDIO_VISUAL
week5_stable,recovery_band,21000,CAUTION,DROWSY,0.29,0.92,AUDIO_VISUAL
week5_stable,recovery_band,22000,CAUTION,DROWSY,0.29,0.92,AUDIO_VISUAL
week5_stable,recovery_band,23000,CAUTION,DROWSY,0.29,0.92,AUDIO_VISUAL
week5_stable,recovery_band,24000,CAUTION,DROWSY,0.29,0.92,AUDIO_VISUAL
week5_stable,recovery_band,25000,CAUTION,DROWSY,0.29,0.92,AUDIO_VISUAL
week5_stable,recovery_band,26000,ALERT,DROWSY,0.052,0.92,AUDIO_VISUAL
week5_stable,recovery_band,27000,ALERT,DROWSY,0.052,0.92,AUDIO_VISUAL
week5_stable,recovery_band,28000,ALERT,DROWSY,0.052,0.92,AUDIO_VISUAL
week5_stable,recovery_band,29000,ALERT,DROWSY,0.052,0.92,AUDIO_VISUAL
week5_stable,recovery_band,30000,ALERT,DROWSY,0.052,0.92,AUDIO_VISUAL
week5_stable,recovery_band,31000,ALERT,ALERT,0.052,0.92,NONE
week5_stable,recovery_band,32000,ALERT,ALERT,0.052,0.92,NONE
week5_stable,recovery_band,33000,ALERT,ALERT,0.052,0.92,NONE
week5_stable,recovery_band,34000,ALERT,ALERT,0.052,0.92,NONE
week5_stable,recovery_band,35000,ALERT,ALERT,0.052,0.92,NONE
week5_stable,recovery_band,36000,ALERT,ALERT,0.052,0.92,NONE
week5_stable,recovery_band,37000,ALERT,ALERT,0.052,0.92,NONE
week5_stable,recovery_band,38000,ALERT,ALERT,0.052,0.92,NONE
week5_stable,recovery_band,39000,ALERT,ALERT,0.052,0.92,NONE
week5_stable,late_strong_evidence,0,ALERT,ALERT,0.052,0.92,NONE
week5_stable,late_strong_evidence,1000,ALERT,ALERT,0.052,0.92,NONE
week5_stable,late_strong_evidence,2000,ALERT,ALERT,0.052,0.92,NONE
week5_stable,late_strong_evidence,3000,ALERT,ALERT,0.052,0.92,NONE
week5_stable,late_strong_evidence,4000,ALERT,ALERT,0.052,0.92,NONE
week5_stable,late_strong_evidence,5000,ALERT,ALERT,0.052,0.92,NONE
week5_stable,late_strong_evidence,6000,ALERT,ALERT,0.052,0.92,NONE
week5_stable,late_strong_evidence,7000,ALERT,ALERT,0.052,0.92,NONE
week5_stable,late_strong_evidence,8000,DROWSY,CAUTION,0.59,0.92,VISUAL
week5_stable,late_strong_evidence,9000,DROWSY,CAUTION,0.59,0.92,VISUAL
week5_stable,late_strong_evidence,10000,DROWSY,CAUTION,0.59,0.92,VISUAL
week5_stable,late_strong_evidence,11000,DROWSY,CAUTION,0.911,0.92,VISUAL
week5_stable,late_strong_evidence,12000,DROWSY,CAUTION,0.911,0.92,VISUAL
week5_stable,late_strong_evidence,13000,DROWSY,DROWSY,0.911,0.92,AUDIO_VISUAL
week5_stable,late_strong_evidence,14000,DROWSY,DROWSY,0.911,0.92,AUDIO_VISUAL
week5_stable,late_strong_evidence,15000,DROWSY,DROWSY,0.911,0.92,AUDIO_VISUAL
week5_stable,late_strong_evidence,16000,DROWSY,DROWSY,0.911,0.92,AUDIO_VISUAL
week5_stable,late_strong_evidence,17000,DROWSY,DROWSY,0.911,0.92,AUDIO_VISUAL
week5_stable,late_strong_evidence,18000,DROWSY,DROWSY,0.911,0.92,AUDIO_VISUAL
week5_stable,late_strong_evidence,19000,DROWSY,DROWSY,0.911,0.92,AUDIO_VISUAL
week5_stable,late_strong_evidence,20000,DROWSY,DROWSY,0.911,0.92,AUDIO_VISUAL
week5_stable,late_strong_evidence,21000,DROWSY,DROWSY,0.911,0.92,AUDIO_VISUAL
week5_stable,late_strong_evidence,22000,DROWSY,DROWSY,0.911,0.92,AUDIO_VISUAL
week5_stable,late_strong_evidence,23000,ALERT,DROWSY,0.052,0.92,AUDIO_VISUAL
week5_stable,late_strong_evidence,24000,ALERT,DROWSY,0.052,0.92,AUDIO_VISUAL
week5_stable,late_strong_evidence,25000,ALERT,DROWSY,0.052,0.92,AUDIO_VISUAL
week5_stable,late_strong_evidence,26000,ALERT,DROWSY,0.052,0.92,AUDIO_VISUAL
week5_stable,late_strong_evidence,27000,ALERT,DROWSY,0.052,0.92,AUDIO_VISUAL
week5_stable,late_strong_evidence,28000,ALERT,ALERT,0.052,0.92,NONE
week5_stable,late_strong_evidence,29000,ALERT,ALERT,0.052,0.92,NONE
week5_stable,late_strong_evidence,30000,ALERT,ALERT,0.052,0.92,NONE
week5_stable,late_strong_evidence,31000,ALERT,ALERT,0.052,0.92,NONE
week5_stable,late_strong_evidence,32000,ALERT,ALERT,0.052,0.92,NONE
week5_stable,late_strong_evidence,33000,ALERT,ALERT,0.052,0.92,NONE
week5_stable,late_strong_evidence,34000,ALERT,ALERT,0.052,0.92,NONE
