config,scenario,onset_ms,last_drowsy_sample_ms,detected,alert_latency_ms
week4_baseline,progression,12000,25000,True,0
week4_baseline,weak_drowsiness,8000,22000,False,
week4_baseline,short_true_episode,10000,10000,True,0
week4_baseline,visibility_loss,8000,17000,False,
week4_baseline,recovery_band,8000,17000,True,0
week4_baseline,late_strong_evidence,8000,22000,True,3000
week5_stable,progression,12000,25000,True,2000
week5_stable,weak_drowsiness,8000,22000,False,
week5_stable,short_true_episode,10000,10000,False,
week5_stable,visibility_loss,8000,17000,False,
week5_stable,recovery_band,8000,17000,True,2000
week5_stable,late_strong_evidence,8000,22000,True,5000
