time_s,face_valid,perclos,eye_closure_s,long_blinks,yawn_count,gt_state
0.0,1,0.0,0.0,0,0,NORMAL
0.1,1,0.0,0.0,0,0,NORMAL
0.2,1,0.0,0.0,0,0,NORMAL
0.3,1,0.0,0.0,0,0,NORMAL
0.4,1,0.0,0.0,0,0,NORMAL
0.5,1,0.0,0.0,0,0,NORMAL
0.6,1,0.0,0.0,0,0,NORMAL
0.7,1,0.0,0.0,0,0,NORMAL
0.8,1,0.0,0.0,0,0,NORMAL
0.9,1,0.0,0.0,0,0,NORMAL
1.0,1,0.0,0.0,0,0,NORMAL
1.1,1,0.0,0.0,0,0,NORMAL
1.2,1,0.0,0.0,0,0,NORMAL
1.3,1,0.0,0.0,0,0,NORMAL
1.4,1,0.0,0.0,0,0,NORMAL
1.5,1,0.0,0.0,0,0,NORMAL
1.6,1,0.0,0.0,0,0,NORMAL
1.7,1,0.0,0.0,0,0,NORMAL
1.8,1,0.0,0.0,0,0,NORMAL
1.9,1,0.0,0.0,0,0,NORMAL
2.0,1,0.0,0.0,0,0,NORMAL
2.1,1,0.047,0.1,0,0,NORMAL
2.2,1,0.06,0.0,0,0,NORMAL
2.3,1,0.057,0.0,0,0,NORMAL
2.4,1,0.055,0.0,0,0,NORMAL
2.5,1,0.053,0.0,0,0,NORMAL
2.6,1,0.051,0.0,0,0,NORMAL
2.7,1,0.049,0.0,0,0,NORMAL
2.8,1,0.047,0.0,0,0,NORMAL
2.9,1,0.045,0.0,0,0,NORMAL
3.0,1,0.044,0.0,0,0,NORMAL
3.1,1,0.043,0.0,0,0,NORMAL
3.2,1,0.041,0.0,0,0,NORMAL
3.3,1,0.04,0.0,0,0,NORMAL
3.4,1,0.068,0.1,0,0,NORMAL
3.5,1,0.094,0.2,0,0,NORMAL
3.6,1,0.092,0.0,0,0,NORMAL
3.7,1,0.089,0.0,0,0,NORMAL
3.8,1,0.087,0.0,0,0,NORMAL
3.9,1,0.085,0.0,0,0,NORMAL
4.0,1,0.083,0.0,0,0,NORMAL
4.1,1,0.081,0.0,0,0,NORMAL
4.2,1,0.079,0.0,0,0,NORMAL
4.3,1,0.077,0.0,0,0,NORMAL
4.4,1,0.075,0.0,0,0,NORMAL
4.5,1,0.074,0.0,0,0,NORMAL
4.6,1,0.072,0.0,0,0,NORMAL
4.7,1,0.07,0.0,0,0,NORMAL
4.8,1,0.069,0.0,0,0,NORMAL
4.9,1,0.068,0.0,0,0,NORMAL
5.0,1,0.066,0.0,0,0,NORMAL
5.1,1,0.065,0.0,0,0,NORMAL
5.2,1,0.064,0.0,0,0,NORMAL
5.3,1,0.062,0.0,0,0,NORMAL
5.4,1,0.061,0.0,0,0,NORMAL
5.5,1,0.06,0.0,0,0,NORMAL
5.6,1,0.059,0.0,0,0,NORMAL
5.7,1,0.058,0.0,0,0,NORMAL
5.8,1,0.057,0.0,0,0,NORMAL
5.9,1,0.056,0.0,0,0,NORMAL
6.0,1,0.055,0.0,0,0,NORMAL
6.1,1,0.054,0.0,0,0,NORMAL
6.2,1,0.053,0.0,0,0,NORMAL
6.3,1,0.053,0.0,0,0,NORMAL
6.4,1,0.052,0.0,0,0,NORMAL
6.5,1,0.051,0.0,0,0,NORMAL
6.6,1,0.05,0.0,0,0,NORMAL
6.7,1,0.05,0.0,0,0,NORMAL
6.8,1,0.049,0.0,0,0,NORMAL
6.9,1,0.048,0.0,0,0,NORMAL
7.0,1,0.047,0.0,0,0,NORMAL
7.1,1,0.047,0.0,0,0,NORMAL
7.2,1,0.046,0.0,0,0,NORMAL
7.3,1,0.045,0.0,0,0,NORMAL
7.4,1,0.045,0.0,0,0,NORMAL
7.5,1,0.044,0.0,0,0,NORMAL
7.6,1,0.044,0.0,0,0,NORMAL
7.7,1,0.043,0.0,0,0,NORMAL
7.8,1,0.043,0.0,0,0,NORMAL
7.9,1,0.042,0.0,0,0,NORMAL
8.0,1,0.041,0.0,0,0,NORMAL
8.1,1,0.041,0.0,0,0,NORMAL
8.2,1,0.04,0.0,0,0,NORMAL
8.3,1,0.04,0.0,0,0,NORMAL
8.4,1,0.04,0.0,0,0,NORMAL
8.5,1,0.039,0.0,0,0,NORMAL
8.6,1,0.039,0.0,0,0,NORMAL
8.7,1,0.038,0.0,0,0,NORMAL
8.8,1,0.038,0.0,0,0,NORMAL
8.9,1,0.037,0.0,0,0,NORMAL
9.0,1,0.037,0.0,0,0,NORMAL
9.1,1,0.036,0.0,0,0,NORMAL
9.2,1,0.036,0.0,0,0,NORMAL
9.3,1,0.036,0.0,0,0,NORMAL
9.4,1,0.035,0.0,0,0,NORMAL
9.5,1,0.035,0.0,0,0,NORMAL
9.6,1,0.035,0.0,0,0,NORMAL
9.7,1,0.034,0.0,0,0,NORMAL
9.8,1,0.034,0.0,0,0,NORMAL
9.9,1,0.034,0.0,0,0,NORMAL
10.0,1,0.033,0.0,0,0,NORMAL
10.1,1,0.033,0.0,0,0,NORMAL
10.2,1,0.033,0.0,0,0,NORMAL
10.3,1,0.032,0.0,0,0,NORMAL
10.4,1,0.032,0.0,0,0,NORMAL
10.5,1,0.032,0.0,0,0,NORMAL
10.6,1,0.031,0.0,0,0,NORMAL
10.7,1,0.031,0.0,0,0,NORMAL
10.8,1,0.031,0.0,0,0,NORMAL
10.9,1,0.03,0.0,0,0,NORMAL
11.0,1,0.03,0.0,0,0,NORMAL
11.1,1,0.03,0.0,0,0,NORMAL
11.2,1,0.03,0.0,0,0,NORMAL
11.3,1,0.029,0.0,0,0,NORMAL
11.4,1,0.038,0.1,0,0,NORMAL
11.5,1,0.046,0.2,0,0,NORMAL
11.6,1,0.049,0.0,0,0,NORMAL
11.7,1,0.048,0.0,0,0,NORMAL
11.8,1,0.048,0.0,0,0,NORMAL
11.9,1,0.047,0.0,0,0,NORMAL
12.0,1,0.047,0.0,0,0,NORMAL
12.1,1,0.047,0.0,0,0,NORMAL
12.2,1,0.046,0.0,0,0,NORMAL
12.3,1,0.046,0.0,0,0,NORMAL
12.4,1,0.046,0.0,0,0,NORMAL
12.5,1,0.045,0.0,0,0,NORMAL
12.6,1,0.045,0.0,0,0,NORMAL
12.7,1,0.045,0.0,0,0,NORMAL
12.8,1,0.044,0.0,0,0,NORMAL
12.9,1,0.044,0.0,0,0,NORMAL
13.0,1,0.043,0.0,0,0,NORMAL
13.1,1,0.043,0.0,0,0,NORMAL
13.2,1,0.043,0.0,0,0,NORMAL
13.3,1,0.042,0.0,0,0,NORMAL
13.4,1,0.042,0.0,0,0,NORMAL
13.5,1,0.042,0.0,0,0,NORMAL
13.6,1,0.042,0.0,0,0,NORMAL
13.7,1,0.041,0.0,0,0,NORMAL
13.8,1,0.041,0.0,0,0,NORMAL
13.9,1,0.041,0.0,0,0,NORMAL
14.0,1,0.04,0.0,0,0,NORMAL
14.1,1,0.04,0.0,0,0,NORMAL
14.2,1,0.04,0.0,0,0,NORMAL
14.3,1,0.04,0.0,0,0,NORMAL
14.4,1,0.039,0.0,0,0,NORMAL
14.5,1,0.039,0.0,0,0,NORMAL
14.6,1,0.039,0.0,0,0,NORMAL
14.7,1,0.038,0.0,0,0,NORMAL
14.8,1,0.038,0.0,0,0,NORMAL
14.9,1,0.038,0.0,0,0,NORMAL
15.0,1,0.038,0.0,0,0,NORMAL
15.1,1,0.037,0.0,0,0,NORMAL
15.2,1,0.037,0.0,0,0,NORMAL
15.3,1,0.037,0.0,0,0,NORMAL
15.4,1,0.037,0.0,0,0,NORMAL
15.5,1,0.036,0.0,0,0,NORMAL
15.6,1,0.036,0.0,0,0,NORMAL
15.7,1,0.036,0.0,0,0,NORMAL
15.8,1,0.036,0.0,0,0,NORMAL
15.9,1,0.036,0.0,0,0,NORMAL
16.0,1,0.035,0.0,0,0,NORMAL
16.1,1,0.035,0.0,0,0,NORMAL
16.2,1,0.039,0.07,0,0,NORMAL
16.3,1,0.043,0.0,0,0,NORMAL
16.4,1,0.043,0.0,0,0,NORMAL
16.5,1,0.042,0.0,0,0,NORMAL
16.6,1,0.042,0.0,0,0,NORMAL
16.7,1,0.042,0.0,0,0,NORMAL
16.8,1,0.042,0.0,0,0,NORMAL
16.9,1,0.041,0.0,0,0,NORMAL
17.0,1,0.041,0.0,0,0,NORMAL
17.1,1,0.041,0.0,0,0,NORMAL
17.2,1,0.041,0.0,0,0,NORMAL
17.3,1,0.04,0.0,0,0,NORMAL
17.4,1,0.04,0.0,0,0,NORMAL
17.5,1,0.04,0.0,0,0,NORMAL
17.6,1,0.04,0.0,0,0,NORMAL
17.7,1,0.039,0.0,0,0,NORMAL
17.8,1,0.039,0.0,0,0,NORMAL
17.9,1,0.039,0.0,0,0,NORMAL
18.0,1,0.039,0.0,0,0,NORMAL
18.1,1,0.039,0.0,0,0,NORMAL
18.2,1,0.038,0.0,0,0,NORMAL
18.3,1,0.038,0.0,0,0,NORMAL
18.4,1,0.038,0.0,0,0,NORMAL
18.5,1,0.038,0.0,0,0,NORMAL
18.6,1,0.038,0.0,0,0,NORMAL
18.7,1,0.037,0.0,0,0,NORMAL
18.8,1,0.037,0.0,0,0,NORMAL
18.9,1,0.037,0.0,0,0,NORMAL
19.0,1,0.037,0.0,0,0,NORMAL
19.1,1,0.037,0.0,0,0,NORMAL
19.2,1,0.036,0.0,0,0,NORMAL
19.3,1,0.036,0.0,0,0,NORMAL
19.4,1,0.036,0.0,0,0,NORMAL
19.5,1,0.036,0.0,0,0,NORMAL
19.6,1,0.036,0.0,0,0,NORMAL
19.7,1,0.035,0.0,0,0,NORMAL
19.8,1,0.035,0.0,0,0,NORMAL
19.9,1,0.035,0.0,0,0,NORMAL
20.0,1,0.035,0.0,0,0,NORMAL
20.1,1,0.035,0.0,0,0,NORMAL
20.2,1,0.035,0.0,0,0,NORMAL
20.3,1,0.034,0.0,0,0,NORMAL
20.4,1,0.034,0.0,0,0,NORMAL
20.5,1,0.034,0.0,0,0,NORMAL
20.6,1,0.034,0.0,0,0,NORMAL
20.7,1,0.034,0.0,0,0,NORMAL
20.8,1,0.034,0.0,0,0,NORMAL
20.9,1,0.033,0.0,0,0,NORMAL
21.0,1,0.033,0.0,0,0,NORMAL
21.1,1,0.033,0.0,0,0,NORMAL
21.2,1,0.033,0.0,0,0,NORMAL
21.3,1,0.033,0.0,0,0,NORMAL
21.4,1,0.033,0.0,0,0,NORMAL
21.5,1,0.033,0.0,0,0,NORMAL
21.6,1,0.032,0.0,0,0,NORMAL
21.7,1,0.032,0.0,0,0,NORMAL
21.8,1,0.032,0.0,0,0,NORMAL
21.9,1,0.035,0.07,0,0,NORMAL
22.0,1,0.039,0.17,0,0,NORMAL
22.1,1,0.039,0.0,0,0,NORMAL
22.2,1,0.039,0.0,0,0,NORMAL
22.3,1,0.039,0.0,0,0,NORMAL
22.4,1,0.039,0.0,0,0,NORMAL
22.5,1,0.038,0.0,0,0,NORMAL
22.6,1,0.038,0.0,0,0,NORMAL
22.7,1,0.038,0.0,0,0,NORMAL
22.8,1,0.038,0.0,0,0,NORMAL
22.9,1,0.038,0.0,0,0,NORMAL
23.0,1,0.038,0.0,0,0,NORMAL
23.1,1,0.037,0.0,0,0,NORMAL
23.2,1,0.037,0.0,0,0,NORMAL
23.3,1,0.037,0.0,0,0,NORMAL
23.4,1,0.037,0.0,0,0,NORMAL
23.5,1,0.037,0.0,0,0,NORMAL
23.6,1,0.037,0.0,0,0,NORMAL
23.7,1,0.037,0.0,0,0,NORMAL
23.8,1,0.036,0.0,0,0,NORMAL
23.9,1,0.036,0.0,0,0,NORMAL
24.0,1,0.036,0.0,0,0,NORMAL
24.1,1,0.036,0.0,0,0,NORMAL
24.2,1,0.036,0.0,0,0,NORMAL
24.3,1,0.036,0.0,0,0,NORMAL
24.4,1,0.035,0.0,0,0,NORMAL
24.5,1,0.035,0.0,0,0,NORMAL
24.6,1,0.035,0.0,0,0,NORMAL
24.7,1,0.035,0.0,0,0,NORMAL
24.8,1,0.035,0.0,0,0,NORMAL
24.9,1,0.035,0.0,0,0,NORMAL
25.0,1,0.035,0.0,0,0,NORMAL
25.1,1,0.034,0.0,0,0,NORMAL
25.2,1,0.034,0.0,0,0,NORMAL
25.3,1,0.034,0.0,0,0,NORMAL
25.4,1,0.034,0.0,0,0,NORMAL
25.5,1,0.034,0.0,0,0,NORMAL
25.6,1,0.034,0.0,0,0,NORMAL
25.7,1,0.034,0.0,0,0,NORMAL
25.8,1,0.034,0.0,0,0,NORMAL
25.9,1,0.033,0.0,0,0,NORMAL
26.0,1,0.033,0.0,0,0,NORMAL
26.1,1,0.033,0.0,0,0,NORMAL
26.2,1,0.033,0.0,0,0,NORMAL
26.3,1,0.033,0.0,0,0,NORMAL
26.4,1,0.033,0.0,0,0,NORMAL
26.5,1,0.033,0.0,0,0,NORMAL
26.6,1,0.033,0.0,0,0,NORMAL
26.7,1,0.032,0.0,0,0,NORMAL
26.8,1,0.032,0.0,0,0,NORMAL
26.9,1,0.032,0.0,0,0,NORMAL
27.0,1,0.032,0.0,0,0,NORMAL
27.1,1,0.032,0.0,0,0,NORMAL
27.2,1,0.032,0.0,0,0,NORMAL
27.3,1,0.032,0.0,0,0,NORMAL
27.4,1,0.032,0.0,0,0,NORMAL
27.5,1,0.031,0.0,0,0,NORMAL
27.6,1,0.031,0.0,0,0,NORMAL
27.7,1,0.031,0.0,0,0,NORMAL
27.8,1,0.031,0.0,0,0,NORMAL
27.9,1,0.031,0.0,0,0,NORMAL
28.0,1,0.031,0.0,0,0,NORMAL
28.1,1,0.031,0.0,0,0,NORMAL
28.2,1,0.031,0.0,0,0,NORMAL
28.3,1,0.031,0.0,0,0,NORMAL
28.4,1,0.03,0.0,0,0,NORMAL
28.5,1,0.032,0.03,0,0,NORMAL
28.6,1,0.035,0.13,0,0,NORMAL
28.7,1,0.036,0.0,0,0,NORMAL
28.8,1,0.036,0.0,0,0,NORMAL
28.9,1,0.036,0.0,0,0,NORMAL
29.0,1,0.036,0.0,0,0,NORMAL
29.1,1,0.035,0.0,0,0,NORMAL
29.2,1,0.035,0.0,0,0,NORMAL
29.3,1,0.038,0.07,0,0,NORMAL
29.4,1,0.04,0.0,0,0,NORMAL
29.5,1,0.04,0.0,0,0,NORMAL
29.6,1,0.039,0.0,0,0,NORMAL
29.7,1,0.039,0.0,0,0,NORMAL
29.8,1,0.039,0.0,0,0,NORMAL
29.9,1,0.039,0.0,0,0,NORMAL
30.0,1,0.039,0.0,0,0,NORMAL
30.1,1,0.039,0.0,0,0,NORMAL
30.2,1,0.039,0.0,0,0,NORMAL
30.3,1,0.039,0.0,0,0,NORMAL
30.4,1,0.039,0.0,0,0,NORMAL
30.5,1,0.039,0.0,0,0,NORMAL
30.6,1,0.039,0.0,0,0,NORMAL
30.7,1,0.039,0.0,0,0,NORMAL
30.8,1,0.039,0.0,0,0,NORMAL
30.9,1,0.039,0.0,0,0,NORMAL
31.0,1,0.039,0.0,0,0,NORMAL
31.1,1,0.039,0.0,0,0,NORMAL
31.2,1,0.039,0.0,0,0,NORMAL
31.3,1,0.039,0.0,0,0,NORMAL
31.4,1,0.039,0.0,0,0,NORMAL
31.5,1,0.039,0.0,0,0,NORMAL
31.6,1,0.039,0.0,0,0,NORMAL
31.7,1,0.039,0.0,0,0,NORMAL
31.8,1,0.039,0.0,0,0,NORMAL
31.9,1,0.039,0.0,0,0,NORMAL
32.0,1,0.039,0.0,0,0,NORMAL
32.1,1,0.037,0.0,0,0,NORMAL
32.2,1,0.034,0.0,0,0,NORMAL
32.3,1,0.034,0.0,0,0,NORMAL
32.4,1,0.034,0.0,0,0,NORMAL
32.5,1,0.034,0.0,0,0,NORMAL
32.6,1,0.034,0.0,0,0,NORMAL
32.7,1,0.034,0.0,0,0,NORMAL
32.8,1,0.034,0.0,0,0,NORMAL
32.9,1,0.034,0.0,0,0,NORMAL
33.0,1,0.034,0.0,0,0,NORMAL
33.1,1,0.034,0.0,0,0,NORMAL
33.2,1,0.034,0.0,0,0,NORMAL
33.3,1,0.034,0.0,0,0,NORMAL
33.4,1,0.032,0.0,0,0,NORMAL
33.5,1,0.029,0.0,0,0,NORMAL
33.6,1,0.028,0.0,0,0,NORMAL
33.7,1,0.028,0.0,0,0,NORMAL
33.8,1,0.028,0.0,0,0,NORMAL
33.9,1,0.028,0.0,0,0,NORMAL
34.0,1,0.028,0.0,0,0,NORMAL
34.1,1,0.028,0.0,0,0,NORMAL
34.2,1,0.028,0.0,0,0,NORMAL
34.3,1,0.028,0.0,0,0,NORMAL
34.4,1,0.028,0.0,0,0,NORMAL
34.5,1,0.028,0.0,0,0,NORMAL
34.6,1,0.028,0.0,0,0,NORMAL
34.7,1,0.028,0.0,0,0,NORMAL
34.8,1,0.028,0.0,0,0,NORMAL
34.9,1,0.028,0.0,0,0,NORMAL
35.0,1,0.028,0.0,0,0,NORMAL
35.1,1,0.028,0.0,0,0,NORMAL
35.2,1,0.028,0.0,0,0,NORMAL
35.3,1,0.028,0.0,0,0,NORMAL
35.4,1,0.028,0.0,0,0,NORMAL
35.5,1,0.028,0.0,0,0,NORMAL
35.6,1,0.028,0.0,0,0,NORMAL
35.7,1,0.028,0.0,0,0,NORMAL
35.8,1,0.028,0.0,0,0,NORMAL
35.9,1,0.028,0.0,0,0,NORMAL
36.0,1,0.028,0.0,0,0,NORMAL
36.1,1,0.028,0.0,0,0,NORMAL
36.2,1,0.028,0.0,0,0,NORMAL
36.3,1,0.028,0.0,0,0,NORMAL
36.4,1,0.028,0.0,0,0,NORMAL
36.5,1,0.028,0.0,0,0,NORMAL
36.6,1,0.028,0.0,0,0,NORMAL
36.7,1,0.028,0.0,0,0,NORMAL
36.8,1,0.028,0.0,0,0,NORMAL
36.9,1,0.028,0.0,0,0,NORMAL
37.0,1,0.028,0.0,0,0,NORMAL
37.1,1,0.028,0.0,0,0,NORMAL
37.2,1,0.028,0.0,0,0,NORMAL
37.3,1,0.028,0.0,0,0,NORMAL
37.4,1,0.028,0.0,0,0,NORMAL
37.5,1,0.028,0.0,0,0,NORMAL
37.6,1,0.028,0.0,0,0,NORMAL
37.7,1,0.028,0.0,0,0,NORMAL
37.8,1,0.028,0.0,0,0,NORMAL
37.9,1,0.028,0.0,0,0,NORMAL
38.0,1,0.028,0.0,0,0,NORMAL
38.1,1,0.028,0.0,0,0,NORMAL
38.2,1,0.028,0.0,0,0,NORMAL
38.3,1,0.028,0.0,0,0,NORMAL
38.4,1,0.028,0.0,0,0,NORMAL
38.5,1,0.028,0.0,0,0,NORMAL
38.6,1,0.028,0.0,0,0,NORMAL
38.7,1,0.028,0.0,0,0,NORMAL
38.8,1,0.028,0.0,0,0,NORMAL
38.9,1,0.028,0.0,0,0,NORMAL
39.0,1,0.028,0.0,0,0,NORMAL
39.1,1,0.028,0.0,0,0,NORMAL
39.2,1,0.028,0.0,0,0,NORMAL
39.3,1,0.028,0.0,0,0,NORMAL
39.4,1,0.028,0.0,0,0,NORMAL
39.5,1,0.028,0.0,0,0,NORMAL
39.6,1,0.028,0.0,0,0,NORMAL
39.7,1,0.028,0.0,0,0,NORMAL
39.8,1,0.028,0.0,0,0,NORMAL
39.9,1,0.028,0.0,0,0,NORMAL
40.0,1,0.028,0.0,0,0,NORMAL
40.1,1,0.028,0.0,0,0,NORMAL
40.2,1,0.028,0.0,0,0,NORMAL
40.3,1,0.028,0.0,0,0,NORMAL
40.4,1,0.028,0.0,0,0,NORMAL
40.5,1,0.028,0.0,0,0,NORMAL
40.6,1,0.028,0.0,0,0,NORMAL
40.7,1,0.028,0.0,0,0,NORMAL
40.8,1,0.028,0.0,0,0,NORMAL
40.9,1,0.028,0.0,0,0,NORMAL
41.0,1,0.028,0.0,0,0,NORMAL
41.1,1,0.028,0.0,0,0,NORMAL
41.2,1,0.028,0.0,0,0,NORMAL
41.3,1,0.028,0.0,0,0,NORMAL
41.4,1,0.026,0.0,0,0,NORMAL
41.5,1,0.022,0.0,0,0,NORMAL
41.6,1,0.02,0.0,0,0,NORMAL
41.7,1,0.02,0.0,0,0,NORMAL
41.8,1,0.02,0.0,0,0,NORMAL
41.9,1,0.02,0.0,0,0,NORMAL
42.0,0,0.02,0.0,0,0,NORMAL
42.1,0,0.02,0.0,0,0,NORMAL
42.2,0,0.02,0.0,0,0,NORMAL
42.3,0,0.02,0.0,0,0,NORMAL
42.4,0,0.02,0.0,0,0,NORMAL
42.5,0,0.02,0.0,0,0,NORMAL
42.6,0,0.02,0.0,0,0,NORMAL
42.7,0,0.021,0.0,0,0,NORMAL
42.8,0,0.021,0.0,0,0,NORMAL
42.9,0,0.021,0.0,0,0,NORMAL
43.0,0,0.021,0.0,0,0,NORMAL
43.1,0,0.021,0.0,0,0,NORMAL
43.2,0,0.021,0.0,0,0,NORMAL
43.3,0,0.021,0.0,0,0,NORMAL
43.4,0,0.021,0.0,0,0,NORMAL
43.5,0,0.021,0.0,0,0,NORMAL
43.6,0,0.021,0.0,0,0,NORMAL
43.7,0,0.021,0.0,0,0,NORMAL
43.8,0,0.021,0.0,0,0,NORMAL
43.9,0,0.021,0.0,0,0,NORMAL
44.0,0,0.021,0.0,0,0,NORMAL
44.1,0,0.022,0.0,0,0,NORMAL
44.2,0,0.022,0.0,0,0,NORMAL
44.3,0,0.022,0.0,0,0,NORMAL
44.4,0,0.022,0.0,0,0,NORMAL
44.5,1,0.022,0.0,0,0,NORMAL
44.6,1,0.022,0.0,0,0,NORMAL
44.7,1,0.022,0.0,0,0,NORMAL
44.8,1,0.022,0.0,0,0,NORMAL
44.9,1,0.022,0.0,0,0,NORMAL
45.0,1,0.022,0.0,0,0,NORMAL
45.1,1,0.022,0.0,0,0,NORMAL
45.2,1,0.022,0.0,0,0,NORMAL
45.3,1,0.022,0.0,0,0,NORMAL
45.4,1,0.022,0.0,0,0,NORMAL
45.5,1,0.022,0.0,0,0,NORMAL
45.6,1,0.022,0.0,0,0,NORMAL
45.7,1,0.022,0.0,0,0,NORMAL
45.8,1,0.022,0.0,0,0,NORMAL
45.9,1,0.022,0.0,0,0,NORMAL
46.0,1,0.022,0.0,0,0,NORMAL
46.1,1,0.022,0.0,0,0,NORMAL
46.2,1,0.022,0.03,0,0,NORMAL
46.3,1,0.022,0.13,0,0,NORMAL
46.4,1,0.024,0.0,0,0,NORMAL
46.5,1,0.024,0.0,0,0,NORMAL
46.6,1,0.024,0.0,0,0,NORMAL
46.7,1,0.024,0.0,0,0,NORMAL
46.8,1,0.027,0.07,0,0,NORMAL
46.9,1,0.03,0.17,0,0,NORMAL
47.0,1,0.031,0.0,0,0,NORMAL
47.1,1,0.031,0.0,0,0,NORMAL
47.2,1,0.031,0.0,0,0,NORMAL
47.3,1,0.031,0.0,0,0,NORMAL
47.4,1,0.031,0.0,0,0,NORMAL
47.5,1,0.031,0.0,0,0,NORMAL
47.6,1,0.031,0.0,0,0,NORMAL
47.7,1,0.034,0.07,0,0,NORMAL
47.8,1,0.037,0.17,0,0,NORMAL
47.9,1,0.039,0.0,0,0,NORMAL
48.0,1,0.039,0.0,0,0,NORMAL
48.1,1,0.039,0.0,0,1,NORMAL
48.2,1,0.039,0.0,0,1,NORMAL
48.3,1,0.039,0.0,0,1,NORMAL
48.4,1,0.039,0.0,0,1,NORMAL
48.5,1,0.039,0.0,0,1,NORMAL
48.6,1,0.039,0.0,0,1,NORMAL
48.7,1,0.039,0.0,0,1,NORMAL
48.8,1,0.039,0.0,0,1,NORMAL
48.9,1,0.039,0.0,0,1,NORMAL
49.0,1,0.039,0.0,0,1,NORMAL
49.1,1,0.039,0.0,0,1,NORMAL
49.2,1,0.039,0.0,0,1,NORMAL
49.3,1,0.039,0.0,0,1,NORMAL
49.4,1,0.039,0.0,0,1,NORMAL
49.5,1,0.039,0.0,0,1,NORMAL
49.6,1,0.039,0.0,0,1,NORMAL
49.7,1,0.039,0.0,0,1,NORMAL
49.8,1,0.039,0.0,0,1,NORMAL
49.9,1,0.039,0.0,0,1,NORMAL
50.0,1,0.039,0.0,0,1,NORMAL
50.1,1,0.039,0.0,0,1,NORMAL
50.2,1,0.039,0.0,0,1,NORMAL
50.3,1,0.039,0.0,0,1,NORMAL
50.4,1,0.039,0.0,0,1,NORMAL
50.5,1,0.039,0.0,0,1,NORMAL
50.6,1,0.039,0.0,0,1,NORMAL
50.7,1,0.039,0.0,0,1,NORMAL
50.8,1,0.039,0.0,0,1,NORMAL
50.9,1,0.039,0.0,0,1,NORMAL
51.0,1,0.039,0.0,0,1,NORMAL
51.1,1,0.039,0.0,0,1,NORMAL
51.2,1,0.039,0.0,0,1,NORMAL
51.3,1,0.039,0.0,0,1,NORMAL
51.4,1,0.039,0.0,0,1,NORMAL
51.5,1,0.039,0.0,0,1,NORMAL
51.6,1,0.039,0.0,0,1,NORMAL
51.7,1,0.039,0.0,0,1,NORMAL
51.8,1,0.039,0.0,0,1,NORMAL
51.9,1,0.037,0.0,0,1,NORMAL
52.0,1,0.034,0.0,0,1,NORMAL
52.1,1,0.033,0.0,0,1,NORMAL
52.2,1,0.033,0.0,0,1,NORMAL
52.3,1,0.033,0.0,0,1,NORMAL
52.4,1,0.033,0.0,0,1,NORMAL
52.5,1,0.033,0.0,0,1,NORMAL
52.6,1,0.033,0.0,0,1,NORMAL
52.7,1,0.033,0.0,0,1,NORMAL
52.8,1,0.033,0.0,0,1,NORMAL
52.9,1,0.033,0.0,0,1,NORMAL
53.0,1,0.033,0.0,0,1,NORMAL
53.1,1,0.033,0.0,0,1,NORMAL
53.2,1,0.033,0.0,0,1,NORMAL
53.3,1,0.033,0.0,0,1,NORMAL
53.4,1,0.035,0.07,0,1,NORMAL
53.5,1,0.039,0.17,0,1,NORMAL
53.6,1,0.041,0.0,0,1,NORMAL
53.7,1,0.041,0.0,0,1,NORMAL
53.8,1,0.044,0.07,0,1,NORMAL
53.9,1,0.044,0.0,0,1,NORMAL
54.0,1,0.044,0.0,0,1,NORMAL
54.1,1,0.044,0.0,0,1,NORMAL
54.2,1,0.044,0.0,0,1,NORMAL
54.3,1,0.044,0.0,0,1,NORMAL
54.4,1,0.044,0.0,0,1,NORMAL
54.5,1,0.044,0.0,0,1,NORMAL
54.6,1,0.044,0.0,0,1,NORMAL
54.7,1,0.044,0.0,0,1,NORMAL
54.8,1,0.044,0.0,0,1,NORMAL
54.9,1,0.046,0.07,0,1,NORMAL
55.0,1,0.05,0.17,0,1,NORMAL
55.1,1,0.05,0.0,0,1,NORMAL
55.2,1,0.05,0.0,0,1,NORMAL
55.3,1,0.05,0.0,0,1,NORMAL
55.4,1,0.05,0.0,0,1,NORMAL
55.5,1,0.05,0.0,0,1,NORMAL
55.6,1,0.05,0.0,0,1,NORMAL
55.7,1,0.05,0.0,0,1,NORMAL
55.8,1,0.05,0.0,0,1,NORMAL
55.9,1,0.053,0.1,0,1,NORMAL
56.0,1,0.054,0.0,0,1,NORMAL
56.1,1,0.054,0.0,0,1,NORMAL
56.2,1,0.054,0.0,0,1,NORMAL
56.3,1,0.054,0.0,0,1,NORMAL
56.4,1,0.054,0.0,0,1,NORMAL
56.5,1,0.054,0.0,0,1,NORMAL
56.6,1,0.054,0.0,0,1,NORMAL
56.7,1,0.054,0.0,0,1,NORMAL
56.8,1,0.054,0.0,0,1,NORMAL
56.9,1,0.054,0.0,0,1,NORMAL
57.0,1,0.054,0.0,0,1,NORMAL
57.1,1,0.054,0.0,0,1,NORMAL
57.2,1,0.054,0.0,0,1,NORMAL
57.3,1,0.054,0.0,0,1,NORMAL
57.4,1,0.054,0.0,0,1,NORMAL
57.5,1,0.054,0.0,0,1,NORMAL
57.6,1,0.054,0.0,0,1,NORMAL
57.7,1,0.054,0.0,0,1,NORMAL
57.8,1,0.054,0.0,0,1,NORMAL
57.9,1,0.054,0.0,0,1,NORMAL
58.0,1,0.054,0.0,0,1,NORMAL
58.1,1,0.054,0.0,0,1,NORMAL
58.2,1,0.054,0.0,0,1,NORMAL
58.3,1,0.054,0.0,0,1,NORMAL
58.4,1,0.054,0.0,0,1,NORMAL
58.5,1,0.054,0.0,0,1,NORMAL
58.6,1,0.051,0.0,0,1,NORMAL
58.7,1,0.048,0.0,0,1,NORMAL
58.8,1,0.048,0.0,0,1,NORMAL
58.9,1,0.048,0.0,0,1,NORMAL
59.0,1,0.048,0.0,0,1,NORMAL
59.1,1,0.048,0.0,0,1,NORMAL
59.2,1,0.048,0.0,0,1,NORMAL
59.3,1,0.047,0.0,0,1,NORMAL
59.4,1,0.044,0.0,0,1,NORMAL
59.5,1,0.044,0.0,0,1,NORMAL
59.6,1,0.044,0.0,0,1,NORMAL
59.7,1,0.044,0.0,0,1,NORMAL
59.8,1,0.044,0.0,0,1,NORMAL
59.9,1,0.044,0.0,0,1,NORMAL
60.0,1,0.044,0.0,0,1,NORMAL
60.1,1,0.044,0.0,0,1,NORMAL
60.2,1,0.044,0.0,0,1,NORMAL
60.3,1,0.044,0.0,0,1,NORMAL
60.4,1,0.044,0.0,0,1,NORMAL
60.5,1,0.044,0.0,0,1,NORMAL
60.6,1,0.044,0.0,0,1,NORMAL
60.7,1,0.044,0.0,0,1,NORMAL
60.8,1,0.044,0.0,0,1,NORMAL
60.9,1,0.044,0.0,0,1,NORMAL
61.0,1,0.044,0.0,0,1,NORMAL
61.1,1,0.044,0.0,0,1,NORMAL
61.2,1,0.044,0.0,0,1,NORMAL
61.3,1,0.044,0.0,0,1,NORMAL
61.4,1,0.044,0.0,0,1,NORMAL
61.5,1,0.044,0.0,0,1,NORMAL
61.6,1,0.044,0.0,0,1,NORMAL
61.7,1,0.044,0.0,0,1,NORMAL
61.8,1,0.044,0.0,0,1,NORMAL
61.9,1,0.044,0.0,0,1,NORMAL
62.0,1,0.044,0.0,0,1,NORMAL
62.1,1,0.044,0.0,0,1,NORMAL
62.2,1,0.044,0.0,0,1,NORMAL
62.3,1,0.044,0.0,0,1,NORMAL
62.4,1,0.044,0.0,0,1,NORMAL
62.5,1,0.044,0.0,0,1,NORMAL
62.6,1,0.044,0.0,0,1,NORMAL
62.7,1,0.044,0.0,0,1,NORMAL
62.8,1,0.044,0.0,0,1,NORMAL
62.9,1,0.044,0.0,0,1,NORMAL
63.0,1,0.044,0.0,0,1,NORMAL
63.1,1,0.044,0.0,0,1,NORMAL
63.2,1,0.044,0.0,0,1,NORMAL
63.3,1,0.044,0.0,0,1,NORMAL
63.4,1,0.044,0.0,0,1,NORMAL
63.5,1,0.044,0.0,0,1,NORMAL
63.6,1,0.046,0.07,0,1,NORMAL
63.7,1,0.05,0.17,0,1,NORMAL
63.8,1,0.051,0.0,0,1,NORMAL
63.9,1,0.051,0.0,0,1,NORMAL
64.0,1,0.051,0.0,0,1,NORMAL
64.1,1,0.051,0.0,0,1,NORMAL
64.2,1,0.051,0.0,0,1,NORMAL
64.3,1,0.051,0.0,0,1,NORMAL
64.4,1,0.051,0.0,0,1,NORMAL
64.5,1,0.051,0.0,0,1,NORMAL
64.6,1,0.051,0.0,0,1,NORMAL
64.7,1,0.051,0.0,0,1,NORMAL
64.8,1,0.051,0.0,0,1,NORMAL
64.9,1,0.051,0.0,0,1,NORMAL
65.0,1,0.051,0.0,0,1,NORMAL
65.1,1,0.051,0.0,0,1,NORMAL
65.2,1,0.051,0.0,0,1,NORMAL
65.3,1,0.051,0.0,0,1,NORMAL
65.4,1,0.051,0.0,0,1,NORMAL
65.5,1,0.051,0.0,0,1,NORMAL
65.6,1,0.051,0.0,0,1,NORMAL
65.7,1,0.051,0.0,0,1,NORMAL
65.8,1,0.051,0.0,0,1,NORMAL
65.9,1,0.051,0.0,0,1,NORMAL
66.0,1,0.051,0.0,0,1,NORMAL
66.1,1,0.051,0.0,0,1,NORMAL
66.2,1,0.051,0.0,0,1,NORMAL
66.3,1,0.051,0.0,0,1,NORMAL
66.4,1,0.051,0.0,0,1,NORMAL
66.5,1,0.051,0.0,0,1,NORMAL
66.6,1,0.051,0.0,0,1,NORMAL
66.7,1,0.051,0.0,0,1,NORMAL
66.8,1,0.051,0.0,0,1,NORMAL
66.9,1,0.051,0.0,0,1,NORMAL
67.0,1,0.051,0.0,0,1,NORMAL
67.1,1,0.051,0.0,0,1,NORMAL
67.2,1,0.051,0.0,0,1,NORMAL
67.3,1,0.051,0.0,0,1,NORMAL
67.4,1,0.051,0.0,0,1,NORMAL
67.5,1,0.051,0.0,0,1,NORMAL
67.6,1,0.051,0.0,0,1,NORMAL
67.7,1,0.051,0.0,0,1,NORMAL
67.8,1,0.051,0.0,0,1,NORMAL
67.9,1,0.051,0.0,0,1,NORMAL
68.0,1,0.051,0.0,0,1,NORMAL
68.1,1,0.051,0.0,0,1,NORMAL
68.2,1,0.051,0.0,0,1,NORMAL
68.3,1,0.051,0.0,0,1,NORMAL
68.4,1,0.051,0.0,0,1,NORMAL
68.5,1,0.051,0.0,0,1,NORMAL
68.6,1,0.051,0.0,0,1,NORMAL
68.7,1,0.051,0.0,0,1,NORMAL
68.8,1,0.051,0.0,0,1,NORMAL
68.9,1,0.051,0.0,0,1,NORMAL
69.0,1,0.051,0.0,0,1,NORMAL
69.1,1,0.051,0.0,0,1,NORMAL
69.2,1,0.051,0.0,0,1,NORMAL
69.3,1,0.051,0.0,0,1,NORMAL
69.4,1,0.051,0.0,0,1,NORMAL
69.5,1,0.051,0.0,0,1,NORMAL
69.6,1,0.051,0.0,0,1,NORMAL
69.7,1,0.051,0.0,0,1,NORMAL
69.8,1,0.051,0.0,0,1,NORMAL
69.9,1,0.051,0.0,0,1,NORMAL
70.0,1,0.051,0.0,0,1,NORMAL
70.1,1,0.051,0.0,0,1,NORMAL
70.2,1,0.051,0.0,0,1,NORMAL
70.3,1,0.051,0.0,0,1,NORMAL
70.4,1,0.051,0.0,0,1,NORMAL
70.5,1,0.051,0.0,0,1,NORMAL
70.6,1,0.051,0.0,0,1,NORMAL
70.7,1,0.051,0.0,0,1,NORMAL
70.8,1,0.051,0.0,0,1,NORMAL
70.9,1,0.051,0.0,0,1,NORMAL
71.0,1,0.051,0.0,0,1,NORMAL
71.1,1,0.051,0.0,0,1,NORMAL
71.2,1,0.051,0.0,0,1,NORMAL
71.3,1,0.051,0.0,0,1,NORMAL
71.4,1,0.051,0.0,0,1,NORMAL
71.5,1,0.051,0.0,0,1,NORMAL
71.6,1,0.051,0.0,0,1,NORMAL
71.7,1,0.051,0.0,0,1,NORMAL
71.8,1,0.051,0.0,0,1,NORMAL
71.9,1,0.051,0.0,0,1,NORMAL
72.0,1,0.051,0.0,0,1,NORMAL
72.1,1,0.052,0.03,0,1,NORMAL
72.2,1,0.055,0.13,0,1,NORMAL
72.3,1,0.057,0.0,0,1,NORMAL
72.4,1,0.057,0.0,0,1,NORMAL
72.5,1,0.057,0.0,0,1,NORMAL
72.6,1,0.057,0.0,0,1,NORMAL
72.7,1,0.057,0.0,0,1,NORMAL
72.8,1,0.056,0.0,0,1,NORMAL
72.9,1,0.056,0.0,0,1,NORMAL
73.0,1,0.056,0.0,0,1,NORMAL
73.1,1,0.056,0.0,0,1,NORMAL
73.2,1,0.056,0.0,0,1,NORMAL
73.3,1,0.055,0.0,0,1,NORMAL
73.4,1,0.055,0.0,0,1,NORMAL
73.5,1,0.055,0.0,0,1,NORMAL
73.6,1,0.055,0.0,0,1,NORMAL
73.7,1,0.055,0.0,0,1,NORMAL
73.8,1,0.054,0.0,0,1,NORMAL
73.9,1,0.054,0.0,0,1,NORMAL
74.0,1,0.054,0.0,0,1,NORMAL
74.1,1,0.054,0.0,0,1,NORMAL
74.2,1,0.057,0.1,0,1,NORMAL
74.3,1,0.059,0.0,0,1,NORMAL
74.4,1,0.059,0.0,0,1,NORMAL
74.5,1,0.059,0.0,0,1,NORMAL
74.6,1,0.059,0.0,0,1,NORMAL
74.7,1,0.059,0.0,0,1,NORMAL
74.8,1,0.059,0.0,0,1,NORMAL
74.9,1,0.062,0.1,0,1,NORMAL
75.0,1,0.065,0.2,0,1,DROWSY
75.1,1,0.069,0.3,0,1,DROWSY
75.2,1,0.072,0.4,0,1,DROWSY
75.3,1,0.075,0.5,0,1,DROWSY
75.4,1,0.079,0.6,0,1,DROWSY
75.5,1,0.082,0.7,0,1,DROWSY
75.6,1,0.085,0.8,0,1,DROWSY
75.7,1,0.089,0.9,0,1,DROWSY
75.8,1,0.092,1.0,0,1,DROWSY
75.9,1,0.095,1.1,0,1,DROWSY
76.0,1,0.099,1.2,0,1,DROWSY
76.1,1,0.102,1.3,0,1,DROWSY
76.2,1,0.105,1.4,0,1,DROWSY
76.3,1,0.105,1.5,0,1,DROWSY
76.4,1,0.105,1.6,0,1,DROWSY
76.5,1,0.109,1.7,0,1,DROWSY
76.6,1,0.112,1.8,0,1,DROWSY
76.7,1,0.115,1.9,0,1,DROWSY
76.8,1,0.118,2.0,0,1,DROWSY
76.9,1,0.118,2.1,0,1,DROWSY
77.0,1,0.119,2.2,0,1,DROWSY
77.1,1,0.122,2.3,0,1,DROWSY
77.2,1,0.124,0.0,1,1,DROWSY
77.3,1,0.124,0.0,1,1,DROWSY
77.4,1,0.124,0.0,1,1,DROWSY
77.5,1,0.124,0.0,1,1,DROWSY
77.6,1,0.124,0.0,1,1,DROWSY
77.7,1,0.123,0.0,1,1,DROWSY
77.8,1,0.12,0.0,1,1,DROWSY
77.9,1,0.118,0.0,1,1,DROWSY
78.0,1,0.118,0.0,1,1,DROWSY
78.1,1,0.118,0.0,1,1,DROWSY
78.2,1,0.118,0.0,1,1,DROWSY
78.3,1,0.118,0.0,1,1,DROWSY
78.4,1,0.118,0.0,1,1,DROWSY
78.5,1,0.118,0.0,1,1,DROWSY
78.6,1,0.118,0.0,1,1,DROWSY
78.7,1,0.118,0.0,1,1,DROWSY
78.8,1,0.118,0.0,1,1,DROWSY
78.9,1,0.118,0.0,1,1,DROWSY
79.0,1,0.118,0.0,1,1,DROWSY
79.1,1,0.118,0.0,1,1,DROWSY
79.2,1,0.118,0.0,1,1,DROWSY
79.3,1,0.118,0.0,1,1,DROWSY
79.4,1,0.118,0.0,1,1,DROWSY
79.5,1,0.118,0.0,1,1,DROWSY
79.6,1,0.118,0.0,1,1,DROWSY
79.7,1,0.118,0.0,1,1,DROWSY
79.8,1,0.118,0.0,1,1,DROWSY
79.9,1,0.118,0.0,1,1,DROWSY
80.0,1,0.118,0.0,1,1,DROWSY
80.1,1,0.118,0.0,1,1,DROWSY
80.2,1,0.118,0.0,1,1,NORMAL
80.3,1,0.118,0.0,1,1,NORMAL
80.4,1,0.118,0.0,1,1,NORMAL
80.5,1,0.118,0.0,1,1,NORMAL
80.6,1,0.118,0.0,1,1,NORMAL
80.7,1,0.118,0.0,1,1,NORMAL
80.8,1,0.118,0.0,1,1,NORMAL
80.9,1,0.118,0.0,1,1,NORMAL
81.0,1,0.118,0.0,1,1,NORMAL
81.1,1,0.118,0.0,1,1,NORMAL
81.2,1,0.118,0.0,1,1,NORMAL
81.3,1,0.118,0.0,1,1,NORMAL
81.4,1,0.118,0.0,1,1,NORMAL
81.5,1,0.118,0.0,1,1,NORMAL
81.6,1,0.118,0.0,1,1,NORMAL
81.7,1,0.118,0.0,1,1,NORMAL
81.8,1,0.118,0.0,1,1,NORMAL
81.9,1,0.118,0.0,1,1,NORMAL
82.0,1,0.118,0.0,1,1,NORMAL
82.1,1,0.118,0.0,1,1,NORMAL
82.2,1,0.118,0.0,1,1,NORMAL
82.3,1,0.118,0.0,1,1,NORMAL
82.4,1,0.118,0.0,1,1,NORMAL
82.5,1,0.118,0.0,1,1,NORMAL
82.6,1,0.118,0.0,1,1,NORMAL
82.7,1,0.118,0.0,1,1,NORMAL
82.8,1,0.118,0.0,1,1,NORMAL
82.9,1,0.118,0.0,1,1,NORMAL
83.0,1,0.118,0.0,1,1,NORMAL
83.1,1,0.118,0.0,1,1,NORMAL
83.2,1,0.118,0.0,1,1,NORMAL
83.3,1,0.118,0.0,1,1,NORMAL
83.4,1,0.117,0.0,1,1,NORMAL
83.5,1,0.113,0.0,1,1,NORMAL
83.6,1,0.11,0.0,1,1,NORMAL
83.7,1,0.11,0.0,1,1,NORMAL
83.8,1,0.109,0.0,1,1,NORMAL
83.9,1,0.108,0.0,1,1,NORMAL
84.0,1,0.108,0.0,1,1,NORMAL
84.1,1,0.108,0.0,1,1,NORMAL
84.2,1,0.108,0.0,1,1,NORMAL
84.3,1,0.108,0.0,1,1,NORMAL
84.4,1,0.108,0.0,1,1,NORMAL
84.5,1,0.108,0.0,1,1,NORMAL
84.6,1,0.108,0.0,1,1,NORMAL
84.7,1,0.108,0.0,1,1,NORMAL
84.8,1,0.108,0.0,1,1,NORMAL
84.9,1,0.107,0.0,1,1,NORMAL
85.0,1,0.103,0.0,1,1,NORMAL
85.1,1,0.102,0.0,1,1,NORMAL
85.2,1,0.102,0.0,1,1,NORMAL
85.3,1,0.102,0.0,1,1,NORMAL
85.4,1,0.102,0.0,1,1,NORMAL
85.5,1,0.102,0.0,1,1,NORMAL
85.6,1,0.102,0.0,1,1,NORMAL
85.7,1,0.102,0.0,1,1,NORMAL
85.8,1,0.102,0.0,1,1,NORMAL
85.9,1,0.1,0.0,1,1,NORMAL
86.0,1,0.098,0.0,1,1,NORMAL
86.1,1,0.098,0.0,1,1,NORMAL
86.2,1,0.098,0.0,1,1,NORMAL
86.3,1,0.098,0.0,1,1,NORMAL
86.4,1,0.098,0.0,1,1,NORMAL
86.5,1,0.098,0.0,1,1,NORMAL
86.6,1,0.098,0.0,1,1,NORMAL
86.7,1,0.098,0.0,1,1,NORMAL
86.8,1,0.098,0.0,1,1,NORMAL
86.9,1,0.098,0.0,1,1,NORMAL
87.0,1,0.098,0.0,1,1,NORMAL
87.1,1,0.098,0.0,1,1,NORMAL
87.2,1,0.098,0.0,1,1,NORMAL
87.3,1,0.098,0.0,1,1,NORMAL
87.4,1,0.098,0.0,1,1,NORMAL
87.5,1,0.098,0.0,1,1,NORMAL
87.6,1,0.098,0.0,1,1,NORMAL
87.7,1,0.098,0.0,1,1,NORMAL
87.8,1,0.098,0.0,1,1,NORMAL
87.9,1,0.098,0.0,1,1,NORMAL
88.0,1,0.098,0.0,1,1,NORMAL
88.1,1,0.098,0.0,1,1,NORMAL
88.2,1,0.098,0.0,1,1,NORMAL
88.3,1,0.098,0.0,1,1,NORMAL
88.4,1,0.098,0.0,1,1,NORMAL
88.5,1,0.098,0.0,1,1,NORMAL
88.6,1,0.098,0.0,1,1,NORMAL
88.7,1,0.098,0.0,1,1,NORMAL
88.8,1,0.098,0.0,1,1,NORMAL
88.9,1,0.098,0.0,1,1,NORMAL
89.0,1,0.098,0.0,1,1,NORMAL
89.1,1,0.098,0.0,1,1,NORMAL
89.2,1,0.098,0.0,1,1,NORMAL
89.3,1,0.098,0.0,1,1,NORMAL
89.4,1,0.098,0.0,1,1,NORMAL
89.5,1,0.098,0.0,1,1,NORMAL
89.6,1,0.098,0.0,1,1,NORMAL
89.7,1,0.098,0.0,1,1,NORMAL
89.8,1,0.098,0.0,1,1,NORMAL
89.9,1,0.098,0.0,1,1,NORMAL
90.0,1,0.098,0.0,1,1,NORMAL
90.1,1,0.098,0.0,1,1,NORMAL
90.2,1,0.098,0.0,1,1,NORMAL
90.3,1,0.098,0.0,1,1,NORMAL
90.4,1,0.098,0.0,1,1,NORMAL
90.5,1,0.098,0.0,1,1,NORMAL
90.6,1,0.098,0.0,1,1,NORMAL
90.7,1,0.098,0.0,1,1,NORMAL
90.8,1,0.098,0.0,1,1,NORMAL
90.9,1,0.098,0.0,1,1,NORMAL
91.0,1,0.098,0.0,1,1,NORMAL
91.1,1,0.1,0.07,1,1,NORMAL
91.2,1,0.103,0.17,1,1,NORMAL
91.3,1,0.107,0.27,1,1,NORMAL
91.4,1,0.11,0.37,1,1,NORMAL
91.5,1,0.113,0.47,1,1,NORMAL
91.6,1,0.114,0.0,2,1,NORMAL
91.7,1,0.114,0.0,2,1,NORMAL
91.8,1,0.114,0.0,2,1,NORMAL
91.9,1,0.114,0.0,2,1,NORMAL
92.0,1,0.114,0.0,2,1,NORMAL
92.1,1,0.114,0.0,2,1,NORMAL
92.2,1,0.114,0.0,2,1,NORMAL
92.3,1,0.114,0.0,2,1,NORMAL
92.4,1,0.114,0.0,2,1,NORMAL
92.5,1,0.114,0.0,2,1,NORMAL
92.6,1,0.114,0.0,2,1,NORMAL
92.7,1,0.114,0.0,2,1,NORMAL
92.8,1,0.114,0.0,2,1,NORMAL
92.9,1,0.114,0.0,2,1,NORMAL
93.0,1,0.114,0.0,2,1,NORMAL
93.1,1,0.114,0.0,2,1,NORMAL
93.2,1,0.114,0.0,2,1,NORMAL
93.3,1,0.114,0.0,2,1,NORMAL
93.4,1,0.114,0.0,2,1,NORMAL
93.5,1,0.114,0.0,2,1,NORMAL
93.6,1,0.113,0.0,2,1,NORMAL
93.7,1,0.11,0.0,2,1,NORMAL
93.8,1,0.108,0.0,2,1,NORMAL
93.9,1,0.108,0.0,2,1,NORMAL
94.0,1,0.108,0.0,2,1,NORMAL
94.1,1,0.108,0.0,2,1,NORMAL
94.2,1,0.108,0.0,2,1,NORMAL
94.3,1,0.108,0.0,2,1,NORMAL
94.4,1,0.108,0.0,2,1,NORMAL
94.5,1,0.108,0.0,2,1,NORMAL
94.6,1,0.108,0.0,2,1,NORMAL
94.7,1,0.108,0.0,2,1,NORMAL
94.8,1,0.108,0.0,2,1,NORMAL
94.9,1,0.108,0.0,2,1,NORMAL
95.0,1,0.108,0.0,2,1,NORMAL
95.1,1,0.108,0.0,2,1,NORMAL
95.2,1,0.108,0.0,2,1,NORMAL
95.3,1,0.108,0.0,2,1,NORMAL
95.4,1,0.109,0.03,2,1,NORMAL
95.5,1,0.112,0.13,2,1,NORMAL
95.6,1,0.113,0.0,2,1,NORMAL
95.7,1,0.113,0.0,2,1,NORMAL
95.8,1,0.113,0.0,2,1,NORMAL
95.9,1,0.113,0.0,2,1,NORMAL
96.0,1,0.113,0.0,2,1,NORMAL
96.1,1,0.113,0.0,2,1,NORMAL
96.2,1,0.113,0.0,2,1,NORMAL
96.3,1,0.113,0.0,2,1,NORMAL
96.4,1,0.113,0.0,2,1,NORMAL
96.5,1,0.113,0.0,2,1,NORMAL
96.6,1,0.113,0.0,2,1,NORMAL
96.7,1,0.113,0.0,2,1,NORMAL
96.8,1,0.113,0.0,2,1,NORMAL
96.9,1,0.113,0.0,2,1,NORMAL
97.0,1,0.113,0.0,2,1,NORMAL
97.1,1,0.113,0.0,2,1,NORMAL
97.2,1,0.113,0.0,2,1,NORMAL
97.3,1,0.113,0.0,2,1,NORMAL
97.4,1,0.113,0.0,2,1,NORMAL
97.5,1,0.113,0.0,2,1,NORMAL
97.6,1,0.113,0.0,2,1,NORMAL
97.7,1,0.113,0.0,2,1,NORMAL
97.8,1,0.113,0.0,2,1,NORMAL
97.9,1,0.113,0.0,2,1,NORMAL
98.0,1,0.113,0.0,2,1,NORMAL
98.1,1,0.113,0.0,2,1,NORMAL
98.2,1,0.113,0.0,2,1,NORMAL
98.3,1,0.113,0.0,2,1,NORMAL
98.4,1,0.113,0.0,2,1,NORMAL
98.5,1,0.113,0.0,2,1,NORMAL
98.6,1,0.113,0.0,2,1,NORMAL
98.7,1,0.113,0.0,2,1,NORMAL
98.8,1,0.113,0.0,2,1,NORMAL
98.9,1,0.113,0.0,2,1,NORMAL
99.0,1,0.113,0.0,2,1,NORMAL
99.1,1,0.113,0.0,2,1,NORMAL
99.2,1,0.113,0.0,2,1,NORMAL
99.3,1,0.113,0.0,2,1,NORMAL
99.4,1,0.117,0.1,2,1,NORMAL
99.5,1,0.118,0.0,2,1,NORMAL
99.6,1,0.118,0.0,2,1,NORMAL
99.7,1,0.118,0.0,2,1,NORMAL
99.8,1,0.118,0.0,2,1,NORMAL
99.9,1,0.118,0.0,2,1,NORMAL
100.0,1,0.118,0.0,2,1,NORMAL
100.1,1,0.118,0.0,2,1,NORMAL
100.2,1,0.118,0.0,2,1,NORMAL
100.3,1,0.118,0.0,2,1,NORMAL
100.4,1,0.12,0.07,2,1,NORMAL
100.5,1,0.123,0.17,2,1,NORMAL
100.6,1,0.124,0.0,2,1,NORMAL
100.7,1,0.124,0.0,2,1,NORMAL
100.8,1,0.124,0.0,2,1,NORMAL
100.9,1,0.124,0.0,2,1,NORMAL
101.0,1,0.124,0.0,2,1,NORMAL
101.1,1,0.124,0.0,2,1,NORMAL
101.2,1,0.124,0.0,2,1,NORMAL
101.3,1,0.124,0.0,2,1,NORMAL
101.4,1,0.124,0.0,2,1,NORMAL
101.5,1,0.124,0.0,2,1,NORMAL
101.6,1,0.124,0.0,2,1,NORMAL
101.7,1,0.124,0.0,2,1,NORMAL
101.8,1,0.124,0.0,2,1,NORMAL
101.9,1,0.124,0.0,2,1,NORMAL
102.0,1,0.124,0.0,2,1,NORMAL
102.1,1,0.124,0.0,2,1,NORMAL
102.2,1,0.121,0.0,2,1,NORMAL
102.3,1,0.118,0.0,2,1,NORMAL
102.4,1,0.118,0.0,2,1,NORMAL
102.5,1,0.118,0.0,2,1,NORMAL
102.6,1,0.118,0.0,2,1,NORMAL
102.7,1,0.118,0.0,2,1,NORMAL
102.8,1,0.118,0.0,2,1,NORMAL
102.9,1,0.118,0.0,2,1,NORMAL
103.0,1,0.118,0.0,2,1,NORMAL
103.1,1,0.118,0.0,2,1,NORMAL
103.2,1,0.118,0.0,2,1,NORMAL
103.3,1,0.118,0.0,2,1,NORMAL
103.4,1,0.118,0.0,2,1,NORMAL
103.5,1,0.118,0.0,2,1,NORMAL
103.6,1,0.118,0.0,2,1,NORMAL
103.7,1,0.118,0.0,2,1,NORMAL
103.8,1,0.118,0.0,2,1,NORMAL
103.9,1,0.118,0.0,2,1,NORMAL
104.0,1,0.118,0.0,2,1,NORMAL
104.1,1,0.118,0.0,2,1,NORMAL
104.2,1,0.115,0.0,2,1,NORMAL
104.3,1,0.112,0.0,2,1,NORMAL
104.4,1,0.112,0.0,2,1,NORMAL
104.5,1,0.112,0.0,2,1,NORMAL
104.6,1,0.112,0.0,2,1,NORMAL
104.7,1,0.112,0.0,2,1,NORMAL
104.8,1,0.112,0.0,2,1,NORMAL
104.9,1,0.11,0.0,2,1,NORMAL
105.0,1,0.107,0.0,2,1,NORMAL
105.1,1,0.103,0.0,2,1,NORMAL
105.2,1,0.1,0.0,2,1,NORMAL
105.3,1,0.097,0.0,2,1,NORMAL
105.4,1,0.093,0.0,2,1,NORMAL
105.5,1,0.09,0.0,2,1,NORMAL
105.6,1,0.087,0.0,2,1,NORMAL
105.7,1,0.083,0.0,2,1,NORMAL
105.8,1,0.08,0.0,2,1,NORMAL
105.9,1,0.077,0.0,2,1,NORMAL
106.0,1,0.073,0.0,2,1,NORMAL
106.1,1,0.07,0.0,2,1,NORMAL
106.2,1,0.067,0.0,2,1,NORMAL
106.3,1,0.065,0.07,2,1,NORMAL
106.4,1,0.062,0.0,2,1,NORMAL
106.5,1,0.059,0.0,2,1,NORMAL
106.6,1,0.055,0.0,2,1,NORMAL
106.7,1,0.052,0.0,2,1,NORMAL
106.8,1,0.049,0.0,2,1,NORMAL
106.9,1,0.046,0.0,2,1,NORMAL
107.0,1,0.042,0.0,2,1,NORMAL
107.1,1,0.039,0.0,2,1,NORMAL
107.2,1,0.036,0.0,1,1,NORMAL
107.3,1,0.036,0.0,1,1,NORMAL
107.4,1,0.036,0.0,1,1,NORMAL
107.5,1,0.036,0.0,1,1,NORMAL
107.6,1,0.036,0.0,1,1,NORMAL
107.7,1,0.036,0.0,1,1,NORMAL
107.8,1,0.036,0.0,1,1,NORMAL
107.9,1,0.036,0.0,1,1,NORMAL
108.0,1,0.036,0.0,1,1,NORMAL
108.1,1,0.038,0.07,1,1,NORMAL
108.2,1,0.041,0.17,1,0,NORMAL
108.3,1,0.044,0.27,1,0,NORMAL
108.4,1,0.048,0.37,1,0,NORMAL
108.5,1,0.051,0.47,1,0,NORMAL
108.6,1,0.054,0.57,1,0,NORMAL
108.7,1,0.058,0.67,1,0,NORMAL
108.8,1,0.061,0.77,1,0,NORMAL
108.9,1,0.064,0.87,1,0,NORMAL
109.0,1,0.064,0.0,2,0,NORMAL
109.1,1,0.064,0.0,2,0,NORMAL
109.2,1,0.064,0.0,2,0,NORMAL
109.3,1,0.064,0.0,2,0,NORMAL
109.4,1,0.064,0.0,2,0,NORMAL
109.5,1,0.064,0.0,2,0,NORMAL
109.6,1,0.064,0.0,2,0,NORMAL
109.7,1,0.064,0.0,2,0,NORMAL
109.8,1,0.064,0.0,2,0,NORMAL
109.9,1,0.064,0.0,2,0,NORMAL
110.0,1,0.064,0.0,2,0,NORMAL
110.1,1,0.064,0.0,2,0,NORMAL
110.2,1,0.064,0.0,2,0,NORMAL
110.3,1,0.064,0.0,2,0,NORMAL
110.4,1,0.064,0.0,2,0,NORMAL
110.5,1,0.064,0.0,2,0,NORMAL
110.6,1,0.064,0.0,2,0,NORMAL
110.7,1,0.064,0.0,2,0,NORMAL
110.8,1,0.064,0.0,2,0,NORMAL
110.9,1,0.064,0.0,2,0,NORMAL
111.0,1,0.064,0.0,2,0,NORMAL
111.1,1,0.064,0.0,2,0,NORMAL
111.2,1,0.064,0.0,2,0,NORMAL
111.3,1,0.064,0.0,2,0,NORMAL
111.4,1,0.064,0.0,2,0,NORMAL
111.5,1,0.064,0.0,2,0,NORMAL
111.6,1,0.064,0.0,2,0,NORMAL
111.7,1,0.064,0.0,2,0,NORMAL
111.8,1,0.064,0.0,2,0,NORMAL
111.9,1,0.064,0.0,2,0,NORMAL
112.0,1,0.064,0.0,2,0,NORMAL
112.1,1,0.064,0.0,2,0,NORMAL
112.2,1,0.064,0.0,2,0,NORMAL
112.3,1,0.064,0.0,2,0,NORMAL
112.4,1,0.064,0.0,2,0,NORMAL
112.5,1,0.064,0.0,2,0,NORMAL
112.6,1,0.064,0.0,2,0,NORMAL
112.7,1,0.064,0.0,2,0,NORMAL
112.8,1,0.064,0.0,2,0,NORMAL
112.9,1,0.064,0.0,2,0,NORMAL
113.0,1,0.064,0.0,2,0,NORMAL
113.1,1,0.064,0.0,2,0,NORMAL
113.2,1,0.064,0.0,2,0,NORMAL
113.3,1,0.064,0.0,2,0,NORMAL
113.4,1,0.064,0.0,2,0,NORMAL
113.5,1,0.064,0.0,2,0,NORMAL
113.6,1,0.064,0.0,2,0,NORMAL
113.7,1,0.064,0.0,2,0,NORMAL
113.8,1,0.064,0.0,2,0,NORMAL
113.9,1,0.064,0.0,2,0,NORMAL
114.0,1,0.064,0.0,2,0,NORMAL
114.1,1,0.064,0.0,2,0,NORMAL
114.2,1,0.064,0.0,2,0,NORMAL
114.3,1,0.064,0.0,2,0,NORMAL
114.4,1,0.064,0.0,2,0,NORMAL
114.5,1,0.064,0.0,2,0,NORMAL
114.6,1,0.067,0.07,2,0,NORMAL
114.7,1,0.07,0.17,2,0,NORMAL
114.8,1,0.071,0.0,2,0,NORMAL
114.9,1,0.071,0.0,2,0,NORMAL
115.0,1,0.071,0.0,2,0,NORMAL
115.1,1,0.071,0.0,2,0,NORMAL
115.2,1,0.071,0.0,2,0,NORMAL
115.3,1,0.071,0.0,2,0,NORMAL
115.4,1,0.071,0.0,2,0,NORMAL
115.5,1,0.071,0.0,2,0,NORMAL
115.6,1,0.071,0.0,2,0,NORMAL
115.7,1,0.071,0.0,2,0,NORMAL
115.8,1,0.071,0.0,2,0,NORMAL
115.9,1,0.071,0.0,2,0,NORMAL
116.0,1,0.071,0.0,2,0,NORMAL
116.1,1,0.074,0.1,2,0,NORMAL
116.2,1,0.078,0.2,2,0,NORMAL
116.3,1,0.081,0.3,2,0,NORMAL
116.4,1,0.081,0.0,2,0,NORMAL
116.5,1,0.081,0.0,2,0,NORMAL
116.6,1,0.081,0.0,2,0,NORMAL
116.7,1,0.081,0.0,2,0,NORMAL
116.8,1,0.081,0.0,2,0,NORMAL
116.9,1,0.081,0.0,2,0,NORMAL
117.0,1,0.081,0.0,2,0,NORMAL
117.1,1,0.081,0.0,2,0,NORMAL
117.2,1,0.081,0.0,2,0,NORMAL
117.3,1,0.082,0.03,2,0,NORMAL
117.4,1,0.085,0.13,2,0,NORMAL
117.5,1,0.089,0.23,2,0,NORMAL
117.6,1,0.089,0.0,2,0,NORMAL
117.7,1,0.089,0.0,2,0,NORMAL
117.8,1,0.089,0.0,2,0,NORMAL
117.9,1,0.089,0.0,2,0,NORMAL
118.0,1,0.089,0.0,2,0,NORMAL
118.1,1,0.089,0.0,2,0,NORMAL
118.2,1,0.089,0.0,2,0,NORMAL
118.3,1,0.091,0.07,2,0,NORMAL
118.4,1,0.094,0.17,2,0,NORMAL
118.5,1,0.095,0.0,2,0,NORMAL
118.6,1,0.095,0.0,2,0,NORMAL
118.7,1,0.095,0.0,2,0,NORMAL
118.8,1,0.095,0.0,2,0,NORMAL
118.9,1,0.098,0.07,2,0,NORMAL
119.0,1,0.101,0.17,2,0,NORMAL
119.1,1,0.104,0.27,2,0,NORMAL
119.2,1,0.108,0.37,2,0,NORMAL
119.3,1,0.111,0.47,2,0,NORMAL
119.4,1,0.114,0.57,2,0,NORMAL
119.5,1,0.118,0.67,2,0,NORMAL
119.6,1,0.121,0.77,2,0,NORMAL
119.7,1,0.124,0.87,2,0,NORMAL
119.8,1,0.128,0.97,2,0,NORMAL
119.9,1,0.128,0.0,3,0,NORMAL
120.0,1,0.128,0.0,3,0,WARNING
120.1,1,0.128,0.0,3,0,WARNING
120.2,1,0.128,0.0,3,0,WARNING
120.3,1,0.128,0.0,3,0,WARNING
120.4,1,0.128,0.0,3,0,WARNING
120.5,1,0.128,0.0,3,0,WARNING
120.6,1,0.128,0.0,3,0,WARNING
120.7,1,0.128,0.0,3,0,WARNING
120.8,1,0.128,0.0,3,0,WARNING
120.9,1,0.128,0.0,3,0,WARNING
121.0,1,0.128,0.0,3,0,WARNING
121.1,1,0.127,0.0,3,0,WARNING
121.2,1,0.123,0.0,3,0,WARNING
121.3,1,0.12,0.0,3,0,WARNING
121.4,1,0.117,0.0,3,0,WARNING
121.5,1,0.113,0.0,3,0,WARNING
121.6,1,0.111,0.0,2,0,WARNING
121.7,1,0.111,0.0,2,0,WARNING
121.8,1,0.111,0.0,2,0,WARNING
121.9,1,0.111,0.0,2,0,WARNING
122.0,1,0.111,0.0,2,0,WARNING
122.1,1,0.111,0.0,2,0,WARNING
122.2,1,0.111,0.0,2,0,WARNING
122.3,1,0.111,0.0,2,0,WARNING
122.4,1,0.111,0.0,2,0,WARNING
122.5,1,0.111,0.0,2,0,WARNING
122.6,1,0.111,0.0,2,0,WARNING
122.7,1,0.111,0.0,2,0,WARNING
122.8,1,0.111,0.0,2,0,WARNING
122.9,1,0.111,0.0,2,0,WARNING
123.0,1,0.111,0.0,2,0,WARNING
123.1,1,0.111,0.0,2,0,WARNING
123.2,1,0.111,0.0,2,0,WARNING
123.3,1,0.111,0.0,2,0,WARNING
123.4,1,0.111,0.0,2,0,WARNING
123.5,1,0.111,0.0,2,0,WARNING
123.6,1,0.111,0.0,2,0,WARNING
123.7,1,0.111,0.0,2,0,WARNING
123.8,1,0.111,0.0,2,0,WARNING
123.9,1,0.111,0.0,2,0,WARNING
124.0,1,0.111,0.0,2,0,WARNING
124.1,1,0.111,0.0,2,0,WARNING
124.2,1,0.111,0.0,2,0,WARNING
124.3,1,0.111,0.0,2,0,WARNING
124.4,1,0.111,0.0,2,0,WARNING
124.5,1,0.111,0.0,2,0,WARNING
124.6,1,0.111,0.0,2,0,WARNING
124.7,1,0.111,0.0,2,0,WARNING
124.8,1,0.111,0.0,2,0,WARNING
124.9,1,0.111,0.0,2,0,WARNING
125.0,1,0.111,0.0,2,0,WARNING
125.1,1,0.111,0.0,2,0,WARNING
125.2,1,0.111,0.0,2,0,WARNING
125.3,1,0.111,0.0,2,0,WARNING
125.4,1,0.111,0.0,2,0,WARNING
125.5,1,0.108,0.0,2,0,WARNING
125.6,1,0.105,0.0,2,0,WARNING
125.7,1,0.105,0.0,2,0,WARNING
125.8,1,0.108,0.07,2,0,WARNING
125.9,1,0.111,0.17,2,0,WARNING
126.0,1,0.114,0.27,2,0,WARNING
126.1,1,0.117,0.0,2,0,WARNING
126.2,1,0.117,0.0,2,0,WARNING
126.3,1,0.117,0.0,2,0,WARNING
126.4,1,0.117,0.0,2,0,WARNING
126.5,1,0.117,0.0,2,0,WARNING
126.6,1,0.117,0.0,2,0,WARNING
126.7,1,0.117,0.0,2,0,WARNING
126.8,1,0.117,0.0,2,0,WARNING
126.9,1,0.117,0.0,2,0,WARNING
127.0,1,0.117,0.0,2,0,WARNING
127.1,1,0.117,0.0,2,0,WARNING
127.2,1,0.117,0.0,2,0,WARNING
127.3,1,0.117,0.0,2,0,WARNING
127.4,1,0.117,0.0,2,0,WARNING
127.5,1,0.117,0.0,2,0,WARNING
127.6,1,0.117,0.0,2,0,WARNING
127.7,1,0.117,0.0,2,0,WARNING
127.8,1,0.117,0.0,2,0,WARNING
127.9,1,0.117,0.0,2,0,WARNING
128.0,1,0.117,0.0,2,0,WARNING
128.1,1,0.117,0.0,2,0,WARNING
128.2,1,0.117,0.0,2,0,WARNING
128.3,1,0.117,0.0,2,0,WARNING
128.4,1,0.117,0.0,2,0,WARNING
128.5,1,0.117,0.0,2,0,WARNING
128.6,1,0.117,0.0,2,0,WARNING
128.7,1,0.117,0.0,2,0,WARNING
128.8,1,0.117,0.0,2,0,WARNING
128.9,1,0.117,0.0,2,0,WARNING
129.0,1,0.117,0.0,2,0,WARNING
129.1,1,0.117,0.0,2,0,WARNING
129.2,1,0.117,0.0,2,0,WARNING
129.3,1,0.117,0.0,2,0,WARNING
129.4,1,0.114,0.0,2,0,WARNING
129.5,1,0.112,0.0,2,0,WARNING
129.6,1,0.112,0.0,2,0,WARNING
129.7,1,0.112,0.0,2,0,WARNING
129.8,1,0.112,0.0,2,0,WARNING
129.9,1,0.112,0.0,2,0,WARNING
130.0,1,0.112,0.0,2,0,WARNING
130.1,1,0.112,0.0,2,0,WARNING
130.2,1,0.112,0.0,2,0,WARNING
130.3,1,0.112,0.0,2,0,WARNING
130.4,1,0.111,0.0,2,0,WARNING
130.5,1,0.108,0.0,2,0,WARNING
130.6,1,0.105,0.0,2,0,WARNING
130.7,1,0.105,0.0,2,0,WARNING
130.8,1,0.105,0.0,2,0,WARNING
130.9,1,0.105,0.0,2,0,WARNING
131.0,1,0.105,0.0,2,0,WARNING
131.1,1,0.105,0.0,2,0,WARNING
131.2,1,0.105,0.0,2,0,WARNING
131.3,1,0.105,0.0,2,0,WARNING
131.4,1,0.105,0.0,2,0,WARNING
131.5,1,0.105,0.0,2,1,WARNING
131.6,1,0.105,0.0,2,1,WARNING
131.7,1,0.105,0.0,2,1,WARNING
131.8,1,0.105,0.0,2,1,WARNING
131.9,1,0.105,0.0,2,1,WARNING
132.0,1,0.105,0.0,2,1,WARNING
132.1,1,0.105,0.0,2,1,WARNING
132.2,1,0.105,0.0,2,1,WARNING
132.3,1,0.105,0.0,2,1,WARNING
132.4,1,0.105,0.0,2,1,WARNING
132.5,1,0.105,0.0,2,1,WARNING
132.6,1,0.105,0.0,2,1,WARNING
132.7,1,0.105,0.0,2,1,WARNING
132.8,1,0.105,0.0,2,1,WARNING
132.9,1,0.105,0.0,2,1,WARNING
133.0,1,0.105,0.0,2,1,WARNING
133.1,1,0.105,0.0,2,1,WARNING
133.2,1,0.105,0.0,2,1,WARNING
133.3,1,0.105,0.0,2,1,WARNING
133.4,1,0.105,0.0,2,1,WARNING
133.5,1,0.105,0.0,2,1,WARNING
133.6,1,0.105,0.0,2,1,WARNING
133.7,1,0.105,0.0,2,1,WARNING
133.8,1,0.105,0.0,2,1,WARNING
133.9,1,0.105,0.0,2,1,WARNING
134.0,1,0.105,0.0,2,1,WARNING
134.1,1,0.105,0.0,2,1,WARNING
134.2,1,0.105,0.0,2,1,WARNING
134.3,1,0.105,0.0,2,1,WARNING
134.4,1,0.108,0.07,2,1,WARNING
134.5,1,0.111,0.17,2,1,WARNING
134.6,1,0.114,0.27,2,1,WARNING
134.7,1,0.118,0.37,2,1,WARNING
134.8,1,0.121,0.47,2,1,WARNING
134.9,1,0.124,0.57,2,1,WARNING
135.0,1,0.128,0.67,2,1,WARNING
135.1,1,0.131,0.77,2,1,WARNING
135.2,1,0.134,0.87,2,1,WARNING
135.3,1,0.135,0.0,3,1,WARNING
135.4,1,0.135,0.0,3,1,WARNING
135.5,1,0.135,0.0,3,1,WARNING
135.6,1,0.135,0.0,3,1,WARNING
135.7,1,0.135,0.0,3,1,WARNING
135.8,1,0.135,0.0,3,1,WARNING
135.9,1,0.137,0.03,3,1,WARNING
136.0,1,0.14,0.13,3,1,WARNING
136.1,1,0.143,0.23,3,1,WARNING
136.2,1,0.145,0.0,3,1,WARNING
136.3,1,0.144,0.0,3,1,WARNING
136.4,1,0.143,0.0,3,1,WARNING
136.5,1,0.143,0.0,3,1,WARNING
136.6,1,0.143,0.0,3,1,WARNING
136.7,1,0.147,0.1,3,1,WARNING
136.8,1,0.15,0.2,3,1,WARNING
136.9,1,0.153,0.3,3,1,WARNING
137.0,1,0.156,0.4,3,1,WARNING
137.1,1,0.16,0.5,3,1,WARNING
137.2,1,0.163,0.6,3,1,WARNING
137.3,1,0.166,0.7,3,1,WARNING
137.4,1,0.169,0.0,4,1,WARNING
137.5,1,0.169,0.0,4,1,WARNING
137.6,1,0.169,0.0,4,1,WARNING
137.7,1,0.169,0.0,4,1,WARNING
137.8,1,0.169,0.0,4,1,WARNING
137.9,1,0.169,0.0,4,1,WARNING
138.0,1,0.169,0.0,4,1,WARNING
138.1,1,0.168,0.0,4,1,WARNING
138.2,1,0.164,0.0,4,1,WARNING
138.3,1,0.161,0.0,4,1,WARNING
138.4,1,0.158,0.0,4,1,WARNING
138.5,1,0.154,0.0,4,1,WARNING
138.6,1,0.151,0.0,4,1,WARNING
138.7,1,0.148,0.0,4,1,WARNING
138.8,1,0.144,0.0,4,1,WARNING
138.9,1,0.141,0.0,4,1,WARNING
139.0,1,0.14,0.0,3,1,WARNING
139.1,1,0.14,0.0,3,1,WARNING
139.2,1,0.14,0.0,3,1,WARNING
139.3,1,0.14,0.0,3,1,WARNING
139.4,1,0.14,0.0,3,1,WARNING
139.5,1,0.14,0.0,3,1,WARNING
139.6,1,0.14,0.0,3,1,WARNING
139.7,1,0.143,0.1,3,1,WARNING
139.8,1,0.147,0.2,3,1,WARNING
139.9,1,0.15,0.3,3,1,WARNING
140.0,1,0.153,0.4,3,1,DROWSY
140.1,1,0.156,0.5,3,1,DROWSY
140.2,1,0.16,0.6,3,1,DROWSY
140.3,1,0.163,0.7,3,1,DROWSY
140.4,1,0.166,0.8,3,1,DROWSY
140.5,1,0.17,0.9,3,1,DROWSY
140.6,1,0.173,1.0,3,1,DROWSY
140.7,1,0.176,1.1,3,1,DROWSY
140.8,1,0.18,1.2,3,1,DROWSY
140.9,1,0.183,1.3,3,1,DROWSY
141.0,1,0.186,1.4,3,1,DROWSY
141.1,1,0.188,0.0,4,1,DROWSY
141.2,1,0.188,0.0,4,1,DROWSY
141.3,1,0.188,0.0,4,1,DROWSY
141.4,1,0.188,0.0,4,1,DROWSY
141.5,1,0.188,0.0,4,1,DROWSY
141.6,1,0.188,0.0,4,1,DROWSY
141.7,1,0.188,0.0,4,1,DROWSY
141.8,1,0.188,0.0,4,1,DROWSY
141.9,1,0.188,0.0,4,1,DROWSY
142.0,1,0.188,0.0,4,1,DROWSY
142.1,1,0.188,0.0,4,1,DROWSY
142.2,1,0.188,0.0,4,1,DROWSY
142.3,1,0.188,0.0,4,1,DROWSY
142.4,1,0.188,0.0,4,1,DROWSY
142.5,1,0.188,0.0,4,1,DROWSY
142.6,1,0.188,0.0,4,1,DROWSY
142.7,1,0.188,0.0,4,1,DROWSY
142.8,1,0.188,0.0,4,1,DROWSY
142.9,1,0.188,0.0,4,1,DROWSY
143.0,1,0.188,0.0,4,1,DROWSY
143.1,1,0.188,0.0,4,1,DROWSY
143.2,1,0.188,0.0,4,1,DROWSY
143.3,1,0.188,0.0,4,1,DROWSY
143.4,1,0.188,0.0,4,1,DROWSY
143.5,1,0.188,0.0,4,1,DROWSY
143.6,1,0.191,0.1,4,1,DROWSY
143.7,1,0.194,0.2,4,1,DROWSY
143.8,1,0.198,0.3,4,1,DROWSY
143.9,1,0.2,0.0,4,1,DROWSY
144.0,1,0.2,0.0,4,1,DROWSY
144.1,1,0.2,0.0,4,1,DROWSY
144.2,1,0.2,0.0,4,1,DROWSY
144.3,1,0.2,0.0,4,1,DROWSY
144.4,1,0.2,0.0,4,1,DROWSY
144.5,1,0.2,0.0,4,1,DROWSY
144.6,1,0.199,0.0,4,1,DROWSY
144.7,1,0.195,0.0,4,1,DROWSY
144.8,1,0.193,0.0,4,1,DROWSY
144.9,1,0.193,0.0,4,1,DROWSY
145.0,1,0.193,0.0,4,1,DROWSY
145.1,1,0.193,0.0,4,1,DROWSY
145.2,1,0.193,0.0,4,1,DROWSY
145.3,1,0.193,0.0,4,1,DROWSY
145.4,1,0.193,0.0,4,1,DROWSY
145.5,1,0.193,0.0,4,1,DROWSY
145.6,1,0.193,0.0,4,1,DROWSY
145.7,1,0.193,0.0,4,1,DROWSY
145.8,1,0.193,0.0,4,1,DROWSY
145.9,1,0.193,0.0,4,1,DROWSY
146.0,1,0.193,0.0,4,1,DROWSY
146.1,1,0.191,0.0,4,1,DROWSY
146.2,1,0.188,0.0,4,1,DROWSY
146.3,1,0.184,0.0,4,1,DROWSY
146.4,1,0.183,0.0,4,1,DROWSY
146.5,1,0.183,0.0,4,1,DROWSY
146.6,1,0.183,0.0,4,1,DROWSY
146.7,1,0.183,0.0,4,1,DROWSY
146.8,1,0.183,0.0,4,1,DROWSY
146.9,1,0.183,0.0,4,1,DROWSY
147.0,1,0.183,0.0,4,1,DROWSY
147.1,1,0.183,0.0,4,1,DROWSY
147.2,1,0.183,0.0,4,1,DROWSY
147.3,1,0.185,0.07,4,1,DROWSY
147.4,1,0.185,0.17,4,1,DROWSY
147.5,1,0.185,0.27,4,1,DROWSY
147.6,1,0.188,0.37,4,1,DROWSY
147.7,1,0.188,0.0,4,1,DROWSY
147.8,1,0.188,0.0,4,1,DROWSY
147.9,1,0.188,0.0,4,1,DROWSY
148.0,1,0.188,0.0,4,1,DROWSY
148.1,1,0.188,0.0,4,1,DROWSY
148.2,1,0.188,0.0,4,1,DROWSY
148.3,1,0.186,0.0,4,1,DROWSY
148.4,1,0.183,0.0,4,1,DROWSY
148.5,1,0.181,0.0,4,1,DROWSY
148.6,1,0.181,0.0,4,1,DROWSY
148.7,1,0.181,0.0,4,1,DROWSY
148.8,1,0.181,0.0,4,1,DROWSY
148.9,1,0.18,0.0,4,1,DROWSY
149.0,1,0.18,0.1,4,1,DROWSY
149.1,1,0.18,0.2,4,1,DROWSY
149.2,1,0.18,0.3,4,1,DROWSY
149.3,1,0.18,0.4,4,1,DROWSY
149.4,1,0.18,0.5,4,1,DROWSY
149.5,1,0.18,0.6,4,1,DROWSY
149.6,1,0.18,0.7,4,1,DROWSY
149.7,1,0.18,0.8,4,1,DROWSY
149.8,1,0.18,0.9,4,1,DROWSY
149.9,1,0.182,1.0,3,1,DROWSY
150.0,1,0.185,1.1,3,1,DROWSY
150.1,1,0.189,1.2,3,1,DROWSY
150.2,1,0.19,0.0,4,1,DROWSY
150.3,1,0.19,0.0,4,1,DROWSY
150.4,1,0.19,0.0,4,1,DROWSY
150.5,1,0.19,0.0,4,1,DROWSY
150.6,1,0.19,0.0,4,1,DROWSY
150.7,1,0.19,0.0,4,1,DROWSY
150.8,1,0.19,0.0,4,1,DROWSY
150.9,1,0.19,0.0,4,1,DROWSY
151.0,1,0.19,0.0,4,1,DROWSY
151.1,1,0.19,0.0,4,1,DROWSY
151.2,1,0.19,0.0,4,1,DROWSY
151.3,1,0.19,0.0,4,1,DROWSY
151.4,1,0.19,0.0,4,1,DROWSY
151.5,1,0.19,0.0,4,1,DROWSY
151.6,1,0.19,0.0,4,1,DROWSY
151.7,1,0.19,0.0,4,1,DROWSY
151.8,1,0.19,0.0,4,1,DROWSY
151.9,1,0.191,0.03,4,1,DROWSY
152.0,1,0.192,0.0,4,1,DROWSY
152.1,1,0.192,0.0,4,1,DROWSY
152.2,1,0.192,0.0,4,1,DROWSY
152.3,1,0.192,0.0,4,1,DROWSY
152.4,1,0.192,0.0,4,1,DROWSY
152.5,1,0.192,0.0,4,1,DROWSY
152.6,1,0.192,0.0,4,1,DROWSY
152.7,1,0.192,0.0,4,1,DROWSY
152.8,1,0.192,0.0,4,1,DROWSY
152.9,1,0.192,0.0,4,1,DROWSY
153.0,1,0.192,0.0,4,1,DROWSY
153.1,1,0.192,0.0,4,1,DROWSY
153.2,1,0.192,0.0,4,1,DROWSY
153.3,1,0.192,0.0,4,1,DROWSY
153.4,1,0.192,0.0,4,1,DROWSY
153.5,1,0.192,0.0,4,1,DROWSY
153.6,1,0.192,0.0,4,1,DROWSY
153.7,1,0.192,0.0,4,1,DROWSY
153.8,1,0.192,0.0,4,1,DROWSY
153.9,1,0.192,0.0,4,1,DROWSY
154.0,1,0.192,0.0,4,1,DROWSY
154.1,1,0.192,0.0,4,1,DROWSY
154.2,1,0.192,0.0,4,1,DROWSY
154.3,1,0.192,0.0,4,1,DROWSY
154.4,1,0.192,0.0,4,1,DROWSY
154.5,1,0.192,0.0,4,1,DROWSY
154.6,1,0.194,0.07,4,1,DROWSY
154.7,1,0.198,0.17,4,1,DROWSY
154.8,1,0.201,0.27,4,1,DROWSY
154.9,1,0.204,0.37,4,1,DROWSY
155.0,1,0.208,0.47,4,1,DROWSY
155.1,1,0.211,0.57,4,1,DROWSY
155.2,1,0.214,0.67,4,1,DROWSY
155.3,1,0.218,0.77,4,1,DROWSY
155.4,1,0.221,0.87,4,1,DROWSY
155.5,1,0.224,0.97,4,1,DROWSY
155.6,1,0.228,1.07,4,1,DROWSY
155.7,1,0.231,1.17,4,1,DROWSY
155.8,1,0.233,1.27,4,1,DROWSY
155.9,1,0.23,0.0,5,1,DROWSY
156.0,1,0.226,0.0,5,1,DROWSY
156.1,1,0.223,0.0,5,1,DROWSY
156.2,1,0.223,0.0,5,1,DROWSY
156.3,1,0.223,0.0,5,1,DROWSY
156.4,1,0.223,0.0,5,1,DROWSY
156.5,1,0.223,0.0,5,1,DROWSY
156.6,1,0.223,0.0,5,1,DROWSY
156.7,1,0.223,0.0,5,1,DROWSY
156.8,1,0.223,0.0,5,1,DROWSY
156.9,1,0.223,0.0,5,1,DROWSY
157.0,1,0.223,0.0,5,1,DROWSY
157.1,1,0.223,0.0,5,1,DROWSY
157.2,1,0.223,0.0,5,1,DROWSY
157.3,1,0.223,0.0,5,1,DROWSY
157.4,1,0.223,0.0,5,1,DROWSY
157.5,1,0.223,0.0,5,1,DROWSY
157.6,1,0.223,0.0,5,1,DROWSY
157.7,1,0.223,0.0,5,1,DROWSY
157.8,1,0.223,0.0,5,1,DROWSY
157.9,1,0.223,0.0,5,1,DROWSY
158.0,1,0.223,0.0,5,1,DROWSY
158.1,1,0.223,0.0,5,1,DROWSY
158.2,1,0.223,0.0,5,1,DROWSY
158.3,1,0.223,0.0,5,1,DROWSY
158.4,1,0.223,0.0,5,1,DROWSY
158.5,1,0.223,0.0,5,1,DROWSY
158.6,1,0.223,0.0,5,1,DROWSY
158.7,1,0.223,0.0,5,1,DROWSY
158.8,1,0.223,0.0,5,1,DROWSY
158.9,1,0.223,0.0,5,1,DROWSY
159.0,1,0.223,0.0,5,1,DROWSY
159.1,1,0.223,0.0,5,1,DROWSY
159.2,1,0.225,0.07,5,1,DROWSY
159.3,1,0.229,0.17,5,1,DROWSY
159.4,1,0.232,0.27,5,1,DROWSY
159.5,1,0.235,0.37,5,1,DROWSY
159.6,1,0.236,0.0,5,1,DROWSY
159.7,1,0.236,0.0,5,1,DROWSY
159.8,1,0.236,0.0,5,1,DROWSY
159.9,1,0.236,0.0,5,1,DROWSY
160.0,1,0.236,0.0,5,1,DROWSY
160.1,1,0.236,0.0,5,1,DROWSY
160.2,1,0.236,0.0,5,1,DROWSY
160.3,1,0.236,0.0,5,1,DROWSY
160.4,1,0.239,0.07,5,1,DROWSY
160.5,1,0.242,0.17,5,1,DROWSY
160.6,1,0.245,0.27,5,1,DROWSY
160.7,1,0.249,0.37,5,1,DROWSY
160.8,1,0.252,0.47,5,1,DROWSY
160.9,1,0.255,0.57,5,1,DROWSY
161.0,1,0.259,0.67,5,1,DROWSY
161.1,1,0.262,0.77,5,1,DROWSY
161.2,1,0.265,0.87,5,1,DROWSY
161.3,1,0.269,0.97,5,1,DROWSY
161.4,1,0.272,1.07,5,1,DROWSY
161.5,1,0.275,1.17,5,1,DROWSY
161.6,1,0.279,1.27,5,1,DROWSY
161.7,1,0.282,1.37,5,1,DROWSY
161.8,1,0.285,1.47,5,1,DROWSY
161.9,1,0.289,1.57,5,1,DROWSY
162.0,1,0.292,1.67,5,1,DROWSY
162.1,1,0.295,1.77,5,1,DROWSY
162.2,1,0.295,0.0,6,1,DROWSY
162.3,1,0.297,0.0,6,1,DROWSY
162.4,1,0.297,0.0,6,1,DROWSY
162.5,1,0.297,0.0,6,1,DROWSY
162.6,1,0.297,0.0,6,1,DROWSY
162.7,1,0.297,0.0,6,1,DROWSY
162.8,1,0.297,0.0,6,1,DROWSY
162.9,1,0.299,0.03,6,1,DROWSY
163.0,1,0.3,0.0,6,1,DROWSY
163.1,1,0.3,0.0,6,1,DROWSY
163.2,1,0.3,0.0,6,1,DROWSY
163.3,1,0.3,0.0,6,1,DROWSY
163.4,1,0.3,0.0,6,1,DROWSY
163.5,1,0.3,0.0,6,1,DROWSY
163.6,1,0.3,0.0,6,1,DROWSY
163.7,1,0.3,0.0,6,1,DROWSY
163.8,1,0.3,0.0,6,1,DROWSY
163.9,1,0.3,0.0,6,1,DROWSY
164.0,1,0.3,0.0,6,1,DROWSY
164.1,1,0.3,0.0,6,1,DROWSY
164.2,1,0.3,0.0,6,1,DROWSY
164.3,1,0.3,0.0,6,1,DROWSY
164.4,1,0.299,0.0,6,1,DROWSY
164.5,1,0.295,0.0,6,1,DROWSY
164.6,1,0.292,0.0,6,1,DROWSY
164.7,1,0.289,0.0,6,1,DROWSY
164.8,1,0.285,0.0,6,1,DROWSY
164.9,1,0.282,0.0,6,1,DROWSY
165.0,1,0.279,0.0,6,1,DROWSY
165.1,1,0.275,0.0,6,2,DROWSY
165.2,1,0.272,0.0,6,2,DROWSY
165.3,1,0.27,0.0,5,2,DROWSY
165.4,1,0.27,0.0,5,2,DROWSY
165.5,1,0.27,0.0,5,2,DROWSY
165.6,1,0.27,0.0,5,2,DROWSY
165.7,1,0.27,0.0,5,2,DROWSY
165.8,1,0.27,0.0,5,2,DROWSY
165.9,1,0.27,0.0,5,2,DROWSY
166.0,1,0.266,0.0,5,2,DROWSY
166.1,1,0.263,0.0,5,2,DROWSY
166.2,1,0.26,0.0,5,2,DROWSY
166.3,1,0.26,0.0,5,2,DROWSY
166.4,1,0.26,0.0,5,2,DROWSY
166.5,1,0.26,0.0,5,2,DROWSY
166.6,1,0.26,0.0,5,2,DROWSY
166.7,1,0.257,0.0,5,2,DROWSY
166.8,1,0.254,0.0,5,2,DROWSY
166.9,1,0.251,0.0,5,2,DROWSY
167.0,1,0.25,0.0,5,2,DROWSY
167.1,1,0.246,0.0,5,2,DROWSY
167.2,1,0.243,0.0,5,2,DROWSY
167.3,1,0.24,0.0,5,2,DROWSY
167.4,1,0.236,0.0,4,2,DROWSY
167.5,1,0.236,0.0,4,2,DROWSY
167.6,1,0.236,0.0,4,2,DROWSY
167.7,1,0.236,0.0,4,2,DROWSY
167.8,1,0.236,0.0,4,2,DROWSY
167.9,1,0.236,0.0,4,2,DROWSY
168.0,1,0.236,0.0,4,2,DROWSY
168.1,1,0.236,0.0,4,2,DROWSY
168.2,1,0.236,0.0,4,2,DROWSY
168.3,1,0.236,0.0,4,2,DROWSY
168.4,1,0.239,0.07,4,2,DROWSY
168.5,1,0.242,0.17,4,2,DROWSY
168.6,1,0.245,0.27,4,2,DROWSY
168.7,1,0.249,0.37,4,2,DROWSY
168.8,1,0.252,0.47,4,2,DROWSY
168.9,1,0.255,0.57,4,2,DROWSY
169.0,1,0.259,0.67,4,2,DROWSY
169.1,1,0.262,0.77,4,2,DROWSY
169.2,1,0.265,0.87,4,2,DROWSY
169.3,1,0.269,0.97,4,2,DROWSY
169.4,1,0.272,1.07,4,2,DROWSY
169.5,1,0.275,1.17,4,2,DROWSY
169.6,1,0.279,1.27,4,2,DROWSY
169.7,1,0.28,1.37,4,2,DROWSY
169.8,1,0.28,1.47,4,2,DROWSY
169.9,1,0.28,1.57,4,2,DROWSY
170.0,1,0.28,1.67,4,2,DROWSY
170.1,1,0.28,1.77,4,2,DROWSY
170.2,1,0.28,1.87,4,2,DROWSY
170.3,1,0.28,1.97,4,2,DROWSY
170.4,1,0.277,0.0,5,2,DROWSY
170.5,1,0.274,0.0,5,2,DROWSY
170.6,1,0.271,0.0,5,2,DROWSY
170.7,1,0.267,0.0,5,2,DROWSY
170.8,1,0.264,0.0,5,2,DROWSY
170.9,1,0.261,0.0,5,2,DROWSY
171.0,1,0.257,0.0,5,2,DROWSY
171.1,1,0.255,0.0,4,2,DROWSY
171.2,1,0.255,0.0,4,2,DROWSY
171.3,1,0.255,0.0,4,2,DROWSY
171.4,1,0.255,0.0,4,2,DROWSY
171.5,1,0.255,0.0,4,2,DROWSY
171.6,1,0.255,0.0,4,2,DROWSY
171.7,1,0.255,0.0,4,2,DROWSY
171.8,1,0.255,0.0,4,2,DROWSY
171.9,1,0.255,0.0,4,2,DROWSY
172.0,1,0.255,0.0,4,2,DROWSY
172.1,1,0.255,0.0,4,2,DROWSY
172.2,1,0.259,0.1,4,2,DROWSY
172.3,1,0.262,0.2,4,2,DROWSY
172.4,1,0.265,0.3,4,2,DROWSY
172.5,1,0.269,0.4,4,2,DROWSY
172.6,1,0.272,0.5,4,2,DROWSY
172.7,1,0.275,0.6,4,2,DROWSY
172.8,1,0.279,0.7,4,2,DROWSY
172.9,1,0.282,0.8,4,2,DROWSY
173.0,1,0.285,0.9,4,2,DROWSY
173.1,1,0.289,1.0,4,2,DROWSY
173.2,1,0.292,1.1,4,2,DROWSY
173.3,1,0.295,1.2,4,2,DROWSY
173.4,1,0.299,1.3,4,2,DROWSY
173.5,1,0.302,1.4,4,2,DROWSY
173.6,1,0.303,1.5,4,2,DROWSY
173.7,1,0.303,1.6,4,2,DROWSY
173.8,1,0.303,1.7,4,2,DROWSY
173.9,1,0.303,1.8,4,2,DROWSY
174.0,1,0.306,1.9,4,2,DROWSY
174.1,1,0.31,2.0,4,2,DROWSY
174.2,1,0.311,0.0,5,2,DROWSY
174.3,1,0.311,0.0,5,2,DROWSY
174.4,1,0.311,0.0,5,2,DROWSY
174.5,1,0.311,0.0,5,2,DROWSY
174.6,1,0.311,0.0,5,2,DROWSY
174.7,1,0.311,0.0,5,2,DROWSY
174.8,1,0.311,0.0,5,2,DROWSY
174.9,1,0.311,0.0,5,2,DROWSY
175.0,1,0.311,0.0,5,2,DROWSY
175.1,1,0.311,0.0,5,2,DROWSY
175.2,1,0.311,0.0,5,2,DROWSY
175.3,1,0.311,0.0,5,2,DROWSY
175.4,1,0.311,0.0,5,2,DROWSY
175.5,1,0.311,0.0,5,2,DROWSY
175.6,1,0.311,0.0,5,2,DROWSY
175.7,1,0.311,0.0,5,2,DROWSY
175.8,1,0.311,0.0,5,2,DROWSY
175.9,1,0.311,0.0,5,2,DROWSY
176.0,1,0.311,0.0,5,2,DROWSY
176.1,1,0.311,0.0,5,2,DROWSY
176.2,1,0.311,0.0,5,2,DROWSY
176.3,1,0.311,0.0,5,2,DROWSY
176.4,1,0.311,0.0,5,2,DROWSY
176.5,1,0.311,0.0,5,2,DROWSY
176.6,1,0.311,0.0,5,2,DROWSY
176.7,1,0.311,0.0,5,2,DROWSY
176.8,1,0.311,0.0,5,2,DROWSY
176.9,1,0.311,0.0,5,2,DROWSY
177.0,1,0.311,0.0,5,2,DROWSY
177.1,1,0.311,0.0,5,2,DROWSY
177.2,1,0.311,0.0,5,2,DROWSY
177.3,1,0.31,0.0,5,2,DROWSY
177.4,1,0.306,0.0,5,2,DROWSY
177.5,1,0.303,0.0,5,2,DROWSY
177.6,1,0.3,0.0,5,2,DROWSY
177.7,1,0.299,0.0,5,2,DROWSY
177.8,1,0.299,0.0,5,2,DROWSY
177.9,1,0.299,0.0,5,2,DROWSY
178.0,1,0.299,0.0,5,2,DROWSY
178.1,1,0.299,0.0,5,2,DROWSY
178.2,1,0.299,0.0,5,2,DROWSY
178.3,1,0.299,0.0,5,2,DROWSY
178.4,1,0.299,0.0,5,2,DROWSY
178.5,1,0.299,0.0,5,2,DROWSY
178.6,1,0.299,0.0,5,2,DROWSY
178.7,1,0.299,0.0,5,2,DROWSY
178.8,1,0.299,0.0,5,2,DROWSY
178.9,1,0.299,0.0,5,2,DROWSY
179.0,1,0.296,0.0,5,2,DROWSY
179.1,1,0.293,0.0,5,2,DROWSY
179.2,1,0.29,0.0,5,2,DROWSY
179.3,1,0.286,0.0,5,2,DROWSY
179.4,1,0.283,0.0,5,2,DROWSY
179.5,1,0.28,0.0,5,2,DROWSY
179.6,1,0.276,0.0,5,2,DROWSY
179.7,1,0.273,0.0,5,2,DROWSY
179.8,1,0.27,0.0,5,2,DROWSY
179.9,1,0.266,0.0,5,2,DROWSY
180.0,1,0.263,0.0,5,2,DROWSY
180.1,1,0.26,0.0,5,2,DROWSY
180.2,1,0.257,0.0,4,2,DROWSY
180.3,1,0.257,0.0,4,2,DROWSY
180.4,1,0.257,0.0,4,2,DROWSY
180.5,1,0.257,0.0,4,2,DROWSY
180.6,1,0.257,0.0,4,2,DROWSY
180.7,1,0.257,0.0,4,2,DROWSY
180.8,1,0.257,0.0,4,2,DROWSY
180.9,1,0.257,0.0,4,2,DROWSY
181.0,1,0.257,0.0,4,2,DROWSY
181.1,1,0.257,0.0,4,2,DROWSY
181.2,1,0.257,0.0,4,2,DROWSY
181.3,1,0.257,0.0,4,2,DROWSY
181.4,1,0.257,0.0,4,2,DROWSY
181.5,1,0.257,0.0,4,2,DROWSY
181.6,1,0.257,0.0,4,2,DROWSY
181.7,1,0.257,0.0,4,2,DROWSY
181.8,1,0.257,0.0,4,2,DROWSY
181.9,1,0.257,0.0,4,2,DROWSY
182.0,1,0.255,0.0,4,2,DROWSY
182.1,1,0.255,0.0,4,2,DROWSY
182.2,1,0.255,0.0,4,2,DROWSY
182.3,1,0.255,0.0,4,2,DROWSY
182.4,1,0.255,0.0,4,2,DROWSY
182.5,1,0.255,0.0,4,2,DROWSY
182.6,1,0.255,0.0,4,2,DROWSY
182.7,1,0.255,0.0,4,2,DROWSY
182.8,1,0.255,0.0,4,2,DROWSY
182.9,1,0.255,0.0,4,2,DROWSY
183.0,1,0.255,0.0,4,2,DROWSY
183.1,1,0.255,0.0,4,2,DROWSY
183.2,1,0.255,0.0,4,2,DROWSY
183.3,1,0.255,0.0,4,2,DROWSY
183.4,1,0.255,0.0,4,2,DROWSY
183.5,1,0.255,0.0,4,2,DROWSY
183.6,1,0.255,0.0,4,2,DROWSY
183.7,1,0.255,0.0,4,2,DROWSY
183.8,1,0.255,0.0,4,2,DROWSY
183.9,1,0.255,0.0,4,2,DROWSY
184.0,1,0.255,0.0,4,2,DROWSY
184.1,1,0.255,0.0,4,2,DROWSY
184.2,1,0.255,0.0,4,2,DROWSY
184.3,1,0.255,0.0,4,2,DROWSY
184.4,1,0.255,0.0,4,2,DROWSY
184.5,1,0.255,0.0,4,2,DROWSY
184.6,1,0.254,0.0,4,2,DROWSY
184.7,1,0.251,0.0,4,2,DROWSY
184.8,1,0.248,0.0,4,2,DROWSY
184.9,1,0.244,0.0,4,2,DROWSY
185.0,1,0.243,0.07,4,2,DROWSY
185.1,1,0.243,0.17,4,2,DROWSY
185.2,1,0.243,0.27,4,2,DROWSY
185.3,1,0.243,0.37,4,3,DROWSY
185.4,1,0.243,0.47,4,3,DROWSY
185.5,1,0.243,0.57,4,3,DROWSY
185.6,1,0.243,0.67,4,3,DROWSY
185.7,1,0.241,0.0,5,3,DROWSY
185.8,1,0.238,0.0,5,3,DROWSY
185.9,1,0.236,0.0,4,3,DROWSY
186.0,1,0.236,0.0,4,3,DROWSY
186.1,1,0.236,0.0,4,3,DROWSY
186.2,1,0.236,0.0,4,3,DROWSY
186.3,1,0.236,0.0,4,3,DROWSY
186.4,1,0.236,0.0,4,3,DROWSY
186.5,1,0.236,0.0,4,3,DROWSY
186.6,1,0.236,0.0,4,3,DROWSY
186.7,1,0.236,0.0,4,3,DROWSY
186.8,1,0.236,0.0,4,3,DROWSY
186.9,1,0.24,0.1,4,3,DROWSY
187.0,1,0.243,0.2,4,3,DROWSY
187.1,1,0.246,0.3,4,3,DROWSY
187.2,1,0.25,0.4,4,3,DROWSY
187.3,1,0.251,0.0,4,3,DROWSY
187.4,1,0.251,0.0,4,3,DROWSY
187.5,1,0.251,0.0,4,3,DROWSY
187.6,1,0.251,0.0,4,3,DROWSY
187.7,1,0.251,0.0,4,3,DROWSY
187.8,1,0.251,0.0,4,3,DROWSY
187.9,1,0.251,0.0,4,3,DROWSY
188.0,1,0.251,0.0,4,3,DROWSY
188.1,1,0.251,0.0,4,3,DROWSY
188.2,1,0.251,0.0,4,3,DROWSY
188.3,1,0.251,0.0,4,3,DROWSY
188.4,1,0.251,0.0,4,3,DROWSY
188.5,1,0.251,0.0,4,3,DROWSY
188.6,1,0.254,0.1,4,3,DROWSY
188.7,1,0.257,0.2,4,3,DROWSY
188.8,1,0.261,0.3,4,3,DROWSY
188.9,1,0.264,0.4,4,3,DROWSY
189.0,1,0.267,0.5,4,3,DROWSY
189.1,1,0.271,0.6,4,3,DROWSY
189.2,1,0.273,0.7,4,3,DROWSY
189.3,1,0.273,0.8,4,3,DROWSY
189.4,1,0.273,0.9,4,3,DROWSY
189.5,1,0.27,0.0,5,3,DROWSY
189.6,1,0.267,0.0,5,3,DROWSY
189.7,1,0.267,0.0,5,3,DROWSY
189.8,1,0.267,0.0,5,3,DROWSY
189.9,1,0.267,0.0,5,3,DROWSY
190.0,1,0.27,0.07,5,3,DROWSY
190.1,1,0.273,0.17,5,3,DROWSY
190.2,1,0.276,0.27,5,3,DROWSY
190.3,1,0.28,0.37,5,3,DROWSY
190.4,1,0.282,0.47,5,3,DROWSY
190.5,1,0.282,0.57,5,3,DROWSY
190.6,1,0.282,0.67,5,3,DROWSY
190.7,1,0.282,0.77,5,3,DROWSY
190.8,1,0.282,0.87,5,3,DROWSY
190.9,1,0.282,0.97,5,3,DROWSY
191.0,1,0.282,1.07,5,3,DROWSY
191.1,1,0.282,1.17,5,3,DROWSY
191.2,1,0.282,1.27,5,3,DROWSY
191.3,1,0.282,1.37,5,3,DROWSY
191.4,1,0.282,1.47,5,3,DROWSY
191.5,1,0.282,1.57,5,2,DROWSY
191.6,1,0.282,1.67,5,2,DROWSY
191.7,1,0.282,1.77,5,2,DROWSY
191.8,1,0.279,0.0,6,2,DROWSY
191.9,1,0.275,0.0,6,2,DROWSY
192.0,1,0.272,0.0,6,2,DROWSY
192.1,1,0.269,0.0,6,2,DROWSY
192.2,1,0.267,0.0,5,2,DROWSY
192.3,1,0.265,0.0,5,2,DROWSY
192.4,1,0.265,0.0,5,2,DROWSY
192.5,1,0.265,0.0,5,2,DROWSY
192.6,1,0.265,0.0,5,2,DROWSY
192.7,1,0.265,0.0,5,2,DROWSY
192.8,1,0.265,0.0,5,2,DROWSY
192.9,1,0.265,0.0,5,2,DROWSY
193.0,1,0.263,0.0,5,2,DROWSY
193.1,1,0.263,0.0,5,2,DROWSY
193.2,1,0.263,0.0,5,2,DROWSY
193.3,1,0.263,0.0,5,2,DROWSY
193.4,1,0.263,0.0,5,2,DROWSY
193.5,1,0.263,0.0,5,2,DROWSY
193.6,1,0.263,0.0,5,2,DROWSY
193.7,1,0.263,0.0,5,2,DROWSY
193.8,1,0.263,0.0,5,2,DROWSY
193.9,1,0.263,0.0,5,2,DROWSY
194.0,1,0.263,0.0,5,2,DROWSY
194.1,1,0.263,0.0,5,2,DROWSY
194.2,1,0.263,0.0,5,2,DROWSY
194.3,1,0.263,0.0,5,2,DROWSY
194.4,1,0.263,0.0,5,2,DROWSY
194.5,1,0.263,0.0,5,2,DROWSY
194.6,1,0.263,0.0,5,2,DROWSY
194.7,1,0.263,0.0,5,2,DROWSY
194.8,1,0.263,0.0,5,2,DROWSY
194.9,1,0.263,0.0,5,2,DROWSY
195.0,1,0.263,0.0,5,2,DROWSY
195.1,1,0.263,0.0,5,2,DROWSY
195.2,1,0.263,0.0,5,2,DROWSY
195.3,1,0.263,0.0,5,2,DROWSY
195.4,1,0.263,0.0,5,2,DROWSY
195.5,1,0.263,0.0,5,2,DROWSY
195.6,1,0.263,0.0,5,2,DROWSY
195.7,1,0.263,0.0,5,2,DROWSY
195.8,1,0.263,0.0,5,2,DROWSY
195.9,1,0.263,0.0,5,2,DROWSY
196.0,1,0.263,0.0,5,2,DROWSY
196.1,1,0.263,0.0,5,2,DROWSY
196.2,1,0.263,0.0,5,2,DROWSY
196.3,1,0.263,0.0,5,2,DROWSY
196.4,1,0.263,0.0,5,2,DROWSY
196.5,1,0.263,0.0,5,2,DROWSY
196.6,1,0.263,0.0,5,2,DROWSY
196.7,1,0.263,0.0,5,2,DROWSY
196.8,1,0.263,0.0,5,3,DROWSY
196.9,1,0.263,0.0,5,3,DROWSY
197.0,1,0.261,0.0,5,3,DROWSY
197.1,1,0.261,0.0,5,3,DROWSY
197.2,1,0.261,0.0,5,3,DROWSY
197.3,1,0.261,0.0,5,3,DROWSY
197.4,1,0.261,0.0,5,3,DROWSY
197.5,1,0.261,0.0,5,3,DROWSY
197.6,1,0.261,0.0,5,3,DROWSY
197.7,1,0.261,0.0,5,3,DROWSY
197.8,1,0.261,0.0,5,3,DROWSY
197.9,1,0.261,0.0,5,3,DROWSY
198.0,1,0.261,0.0,5,3,DROWSY
198.1,1,0.261,0.0,5,3,DROWSY
198.2,1,0.261,0.0,5,3,DROWSY
198.3,1,0.261,0.0,5,3,DROWSY
198.4,1,0.26,0.0,5,3,DROWSY
198.5,1,0.256,0.0,5,3,DROWSY
198.6,1,0.253,0.0,5,3,DROWSY
198.7,1,0.25,0.0,5,3,DROWSY
198.8,1,0.246,0.0,5,3,DROWSY
198.9,1,0.243,0.0,5,3,DROWSY
199.0,1,0.24,0.0,5,3,DROWSY
199.1,1,0.236,0.0,5,3,DROWSY
199.2,1,0.233,0.0,5,3,DROWSY
199.3,1,0.23,0.0,5,3,DROWSY
199.4,1,0.226,0.0,5,3,DROWSY
199.5,1,0.223,0.0,5,3,DROWSY
199.6,1,0.22,0.0,5,3,DROWSY
199.7,1,0.216,0.0,5,3,DROWSY
199.8,1,0.213,0.0,5,3,DROWSY
199.9,1,0.21,0.0,5,3,DROWSY
200.0,1,0.206,0.0,5,3,DROWSY
200.1,1,0.203,0.0,5,3,DROWSY
200.2,1,0.2,0.0,5,3,DROWSY
200.3,1,0.2,0.1,5,3,DROWSY
200.4,1,0.201,0.2,4,3,DROWSY
200.5,1,0.204,0.3,4,3,DROWSY
200.6,1,0.208,0.4,4,3,DROWSY
200.7,1,0.211,0.5,4,3,DROWSY
200.8,1,0.214,0.6,4,3,DROWSY
200.9,1,0.218,0.7,4,3,DROWSY
201.0,1,0.221,0.8,4,3,DROWSY
201.1,1,0.224,0.9,4,3,DROWSY
201.2,1,0.228,1.0,4,3,DROWSY
201.3,1,0.231,1.1,4,3,DROWSY
201.4,1,0.233,0.0,5,3,DROWSY
201.5,1,0.233,0.0,5,3,DROWSY
201.6,1,0.233,0.0,5,3,DROWSY
201.7,1,0.233,0.0,5,3,DROWSY
201.8,1,0.233,0.0,5,3,DROWSY
201.9,1,0.233,0.0,5,3,DROWSY
202.0,1,0.233,0.0,5,3,DROWSY
202.1,1,0.233,0.0,5,3,DROWSY
202.2,1,0.231,0.0,5,3,DROWSY
202.3,1,0.228,0.0,5,3,DROWSY
202.4,1,0.224,0.0,5,3,DROWSY
202.5,1,0.221,0.0,5,3,DROWSY
202.6,1,0.218,0.0,5,3,DROWSY
202.7,1,0.214,0.0,5,3,DROWSY
202.8,1,0.211,0.0,5,3,DROWSY
202.9,1,0.208,0.0,5,3,DROWSY
203.0,1,0.204,0.0,5,3,DROWSY
203.1,1,0.201,0.0,5,3,DROWSY
203.2,1,0.2,0.07,5,3,DROWSY
203.3,1,0.2,0.17,5,3,DROWSY
203.4,1,0.2,0.27,5,3,DROWSY
203.5,1,0.2,0.37,5,3,DROWSY
203.6,1,0.198,0.0,5,3,DROWSY
203.7,1,0.194,0.0,5,3,DROWSY
203.8,1,0.191,0.0,5,3,DROWSY
203.9,1,0.188,0.0,5,3,DROWSY
204.0,1,0.184,0.0,5,3,DROWSY
204.1,1,0.181,0.0,5,3,DROWSY
204.2,1,0.179,0.0,4,3,DROWSY
204.3,1,0.179,0.0,4,3,DROWSY
204.4,1,0.179,0.0,4,3,DROWSY
204.5,1,0.179,0.0,4,3,DROWSY
204.6,1,0.179,0.0,4,3,DROWSY
204.7,1,0.179,0.0,4,4,DROWSY
204.8,1,0.179,0.0,4,4,DROWSY
204.9,1,0.179,0.0,4,4,DROWSY
205.0,1,0.179,0.0,4,4,DROWSY
205.1,1,0.179,0.0,4,4,DROWSY
205.2,1,0.179,0.0,4,4,DROWSY
205.3,1,0.179,0.0,4,4,DROWSY
205.4,1,0.179,0.0,4,4,DROWSY
205.5,1,0.179,0.0,4,4,DROWSY
205.6,1,0.179,0.0,4,4,DROWSY
205.7,1,0.179,0.0,4,4,DROWSY
205.8,1,0.179,0.0,4,4,DROWSY
205.9,1,0.179,0.0,4,4,DROWSY
206.0,1,0.179,0.0,4,4,DROWSY
206.1,1,0.179,0.0,4,4,DROWSY
206.2,1,0.179,0.0,4,4,DROWSY
206.3,1,0.179,0.0,4,4,DROWSY
206.4,1,0.179,0.0,4,4,DROWSY
206.5,1,0.179,0.0,4,4,DROWSY
206.6,1,0.179,0.0,4,4,DROWSY
206.7,1,0.179,0.0,4,4,DROWSY
206.8,1,0.18,0.03,4,4,DROWSY
206.9,1,0.183,0.13,4,4,DROWSY
207.0,1,0.186,0.23,4,4,DROWSY
207.1,1,0.19,0.33,4,4,DROWSY
207.2,1,0.193,0.43,4,4,DROWSY
207.3,1,0.193,0.0,4,4,DROWSY
207.4,1,0.193,0.0,4,4,DROWSY
207.5,1,0.193,0.0,4,4,DROWSY
207.6,1,0.193,0.0,4,4,DROWSY
207.7,1,0.193,0.0,4,4,DROWSY
207.8,1,0.193,0.0,4,4,DROWSY
207.9,1,0.193,0.0,4,4,DROWSY
208.0,1,0.193,0.0,4,4,DROWSY
208.1,1,0.193,0.0,4,4,DROWSY
208.2,1,0.193,0.0,4,4,DROWSY
208.3,1,0.193,0.0,4,4,DROWSY
208.4,1,0.193,0.0,4,4,DROWSY
208.5,1,0.193,0.0,4,4,DROWSY
208.6,1,0.193,0.0,4,4,DROWSY
208.7,1,0.193,0.0,4,4,DROWSY
208.8,1,0.194,0.03,4,4,DROWSY
208.9,1,0.198,0.13,4,4,DROWSY
209.0,1,0.201,0.23,4,4,DROWSY
209.1,1,0.204,0.33,4,4,DROWSY
209.2,1,0.206,0.0,4,4,DROWSY
209.3,1,0.206,0.0,4,4,DROWSY
209.4,1,0.206,0.0,4,4,DROWSY
209.5,1,0.206,0.0,4,4,DROWSY
209.6,1,0.206,0.0,4,4,DROWSY
209.7,1,0.206,0.0,4,4,DROWSY
209.8,1,0.206,0.0,4,4,DROWSY
209.9,1,0.206,0.0,4,4,DROWSY
210.0,1,0.206,0.0,4,4,DROWSY
210.1,1,0.206,0.0,4,4,DROWSY
210.2,1,0.206,0.0,4,4,DROWSY
210.3,1,0.206,0.0,4,4,DROWSY
210.4,1,0.206,0.0,4,4,DROWSY
210.5,1,0.206,0.0,4,4,DROWSY
210.6,1,0.206,0.0,4,4,DROWSY
210.7,1,0.209,0.07,4,4,DROWSY
210.8,1,0.212,0.17,4,4,DROWSY
210.9,1,0.215,0.27,4,4,DROWSY
211.0,1,0.218,0.0,4,4,DROWSY
211.1,1,0.218,0.0,4,4,DROWSY
211.2,1,0.218,0.0,4,4,DROWSY
211.3,1,0.218,0.0,4,4,DROWSY
211.4,1,0.218,0.0,4,4,DROWSY
211.5,1,0.218,0.0,4,4,DROWSY
211.6,1,0.218,0.0,4,4,DROWSY
211.7,1,0.218,0.0,4,4,WARNING
211.8,1,0.218,0.0,4,4,WARNING
211.9,1,0.218,0.0,4,4,WARNING
212.0,1,0.218,0.0,4,4,WARNING
212.1,1,0.218,0.0,4,4,WARNING
212.2,1,0.218,0.0,4,4,WARNING
212.3,1,0.218,0.0,4,4,WARNING
212.4,1,0.218,0.0,4,4,WARNING
212.5,1,0.218,0.0,4,4,WARNING
212.6,1,0.218,0.0,4,4,WARNING
212.7,1,0.218,0.0,4,4,WARNING
212.8,1,0.218,0.0,4,4,WARNING
212.9,1,0.218,0.0,4,4,WARNING
213.0,1,0.218,0.0,4,4,WARNING
213.1,1,0.218,0.0,4,4,WARNING
213.2,1,0.218,0.0,4,4,WARNING
213.3,1,0.218,0.0,4,4,WARNING
213.4,1,0.218,0.0,4,4,NORMAL
213.5,1,0.218,0.0,4,4,NORMAL
213.6,1,0.218,0.0,4,4,NORMAL
213.7,1,0.218,0.0,4,4,NORMAL
213.8,1,0.218,0.0,4,4,NORMAL
213.9,1,0.218,0.0,4,4,NORMAL
214.0,1,0.22,0.07,4,4,NORMAL
214.1,1,0.223,0.17,4,4,NORMAL
214.2,1,0.223,0.0,4,4,NORMAL
214.3,1,0.223,0.0,4,4,NORMAL
214.4,1,0.223,0.0,4,4,NORMAL
214.5,1,0.223,0.0,4,4,NORMAL
214.6,1,0.223,0.0,4,4,NORMAL
214.7,1,0.223,0.0,4,4,NORMAL
214.8,1,0.223,0.0,4,4,NORMAL
214.9,1,0.223,0.0,4,4,NORMAL
215.0,1,0.222,0.0,4,4,NORMAL
215.1,1,0.219,0.0,4,4,NORMAL
215.2,1,0.215,0.0,4,4,NORMAL
215.3,1,0.212,0.0,4,4,NORMAL
215.4,1,0.209,0.0,4,4,NORMAL
215.5,1,0.205,0.0,4,4,NORMAL
215.6,1,0.202,0.0,4,4,NORMAL
215.7,1,0.2,0.0,3,4,NORMAL
215.8,1,0.2,0.0,3,4,NORMAL
215.9,1,0.2,0.0,3,4,NORMAL
216.0,1,0.202,0.07,3,4,NORMAL
216.1,1,0.205,0.17,3,4,NORMAL
216.2,1,0.206,0.0,3,4,NORMAL
216.3,1,0.206,0.0,3,4,NORMAL
216.4,1,0.206,0.0,3,4,NORMAL
216.5,1,0.206,0.0,3,4,NORMAL
216.6,1,0.206,0.0,3,4,NORMAL
216.7,1,0.206,0.0,3,4,NORMAL
216.8,1,0.206,0.0,3,4,NORMAL
216.9,1,0.204,0.0,3,4,NORMAL
217.0,1,0.201,0.0,3,4,NORMAL
217.1,1,0.198,0.0,3,4,NORMAL
217.2,1,0.194,0.0,3,4,NORMAL
217.3,1,0.192,0.0,3,4,NORMAL
217.4,1,0.192,0.0,3,4,NORMAL
217.5,1,0.192,0.0,3,4,NORMAL
217.6,1,0.192,0.0,3,4,NORMAL
217.7,1,0.195,0.1,3,4,NORMAL
217.8,1,0.199,0.2,3,4,NORMAL
217.9,1,0.199,0.0,3,4,NORMAL
218.0,1,0.199,0.0,3,4,NORMAL
218.1,1,0.199,0.0,3,4,NORMAL
218.2,1,0.199,0.0,3,4,NORMAL
218.3,1,0.199,0.0,3,4,NORMAL
218.4,1,0.199,0.0,3,4,NORMAL
218.5,1,0.199,0.0,3,4,NORMAL
218.6,1,0.196,0.0,3,4,NORMAL
218.7,1,0.193,0.0,3,4,NORMAL
218.8,1,0.19,0.0,3,5,NORMAL
218.9,1,0.186,0.0,3,5,NORMAL
219.0,1,0.183,0.0,3,5,NORMAL
219.1,1,0.18,0.0,3,5,NORMAL
219.2,1,0.176,0.0,3,5,NORMAL
219.3,1,0.173,0.0,3,5,NORMAL
219.4,1,0.17,0.0,3,5,NORMAL
219.5,1,0.169,0.0,2,5,NORMAL
219.6,1,0.169,0.0,2,5,NORMAL
219.7,1,0.169,0.0,2,5,NORMAL
219.8,1,0.169,0.0,2,5,NORMAL
219.9,1,0.169,0.0,2,5,NORMAL
220.0,1,0.168,0.0,2,5,NORMAL
220.1,1,0.164,0.0,2,5,NORMAL
220.2,1,0.161,0.0,2,5,NORMAL
220.3,1,0.158,0.0,2,5,NORMAL
220.4,1,0.154,0.0,2,5,NORMAL
220.5,1,0.151,0.0,2,5,NORMAL
220.6,1,0.148,0.0,2,5,NORMAL
220.7,1,0.144,0.0,2,5,NORMAL
220.8,1,0.141,0.0,2,5,NORMAL
220.9,1,0.138,0.0,2,5,NORMAL
221.0,1,0.134,0.0,2,5,NORMAL
221.1,1,0.131,0.0,2,5,NORMAL
221.2,1,0.128,0.0,2,5,NORMAL
221.3,1,0.124,0.0,2,5,NORMAL
221.4,1,0.121,0.0,2,5,NORMAL
221.5,1,0.118,0.0,2,5,NORMAL
221.6,1,0.114,0.0,2,5,NORMAL
221.7,1,0.111,0.0,2,5,NORMAL
221.8,1,0.11,0.0,1,5,NORMAL
221.9,1,0.11,0.0,1,5,NORMAL
222.0,1,0.11,0.0,1,5,NORMAL
222.1,1,0.11,0.0,1,5,NORMAL
222.2,1,0.11,0.0,1,5,NORMAL
222.3,1,0.11,0.0,1,5,NORMAL
222.4,1,0.11,0.0,1,5,NORMAL
222.5,1,0.112,0.0,1,5,NORMAL
222.6,1,0.112,0.0,1,5,NORMAL
222.7,1,0.112,0.0,1,5,NORMAL
222.8,1,0.112,0.0,1,5,NORMAL
222.9,1,0.112,0.0,1,5,NORMAL
223.0,1,0.112,0.0,1,5,NORMAL
223.1,1,0.112,0.0,1,5,NORMAL
223.2,1,0.112,0.0,1,5,NORMAL
223.3,1,0.112,0.0,1,5,NORMAL
223.4,1,0.112,0.0,1,5,NORMAL
223.5,1,0.113,0.03,1,5,NORMAL
223.6,1,0.117,0.13,1,5,NORMAL
223.7,1,0.118,0.0,1,5,NORMAL
223.8,1,0.118,0.0,1,5,NORMAL
223.9,1,0.118,0.0,1,5,NORMAL
224.0,1,0.118,0.0,1,5,NORMAL
224.1,1,0.118,0.0,1,5,NORMAL
224.2,1,0.118,0.0,1,5,NORMAL
224.3,1,0.118,0.0,1,5,NORMAL
224.4,1,0.118,0.0,1,5,NORMAL
224.5,1,0.118,0.0,1,5,NORMAL
224.6,1,0.118,0.0,1,5,NORMAL
224.7,1,0.118,0.0,1,5,NORMAL
224.8,1,0.118,0.0,1,5,NORMAL
224.9,1,0.118,0.0,1,5,NORMAL
225.0,1,0.118,0.0,1,5,NORMAL
225.1,1,0.118,0.0,1,4,NORMAL
225.2,1,0.118,0.0,1,4,NORMAL
225.3,1,0.118,0.0,1,4,NORMAL
225.4,1,0.118,0.0,1,4,NORMAL
225.5,1,0.118,0.0,1,4,NORMAL
225.6,1,0.118,0.0,1,4,NORMAL
225.7,1,0.118,0.0,1,4,NORMAL
225.8,1,0.118,0.0,1,4,NORMAL
225.9,1,0.118,0.0,1,4,NORMAL
226.0,0,0.118,0.0,1,4,NORMAL
226.1,0,0.118,0.0,1,4,NORMAL
226.2,0,0.119,0.0,1,4,NORMAL
226.3,0,0.119,0.0,1,4,NORMAL
226.4,0,0.12,0.0,1,4,NORMAL
226.5,0,0.12,0.0,1,4,NORMAL
226.6,0,0.12,0.0,1,4,NORMAL
226.7,0,0.121,0.0,1,4,NORMAL
226.8,0,0.121,0.0,1,4,NORMAL
226.9,0,0.122,0.0,1,4,NORMAL
227.0,0,0.122,0.0,1,4,NORMAL
227.1,1,0.122,0.0,1,4,NORMAL
227.2,1,0.122,0.0,1,4,NORMAL
227.3,1,0.122,0.0,1,4,NORMAL
227.4,1,0.122,0.0,1,4,NORMAL
227.5,1,0.122,0.0,1,4,NORMAL
227.6,1,0.122,0.0,1,4,NORMAL
227.7,1,0.122,0.0,1,4,NORMAL
227.8,1,0.122,0.0,1,4,NORMAL
227.9,1,0.122,0.0,1,4,NORMAL
228.0,1,0.122,0.0,1,4,NORMAL
228.1,1,0.126,0.1,1,4,NORMAL
228.2,1,0.129,0.2,1,4,NORMAL
228.3,1,0.13,0.0,1,4,NORMAL
228.4,1,0.13,0.0,1,4,NORMAL
228.5,1,0.13,0.0,1,4,NORMAL
228.6,1,0.13,0.0,1,4,NORMAL
228.7,1,0.13,0.0,1,4,NORMAL
228.8,1,0.13,0.0,1,4,NORMAL
228.9,1,0.13,0.0,1,4,NORMAL
229.0,1,0.13,0.0,1,4,NORMAL
229.1,1,0.13,0.0,1,4,NORMAL
229.2,1,0.13,0.0,1,4,NORMAL
229.3,1,0.13,0.0,1,4,NORMAL
229.4,1,0.13,0.0,1,4,NORMAL
229.5,1,0.13,0.0,1,4,NORMAL
229.6,1,0.13,0.0,1,4,NORMAL
229.7,1,0.13,0.0,1,4,NORMAL
229.8,1,0.13,0.0,1,4,NORMAL
229.9,1,0.13,0.0,1,4,NORMAL
230.0,1,0.13,0.0,1,4,NORMAL
230.1,1,0.13,0.0,1,4,NORMAL
230.2,1,0.13,0.0,1,4,NORMAL
230.3,1,0.128,0.0,1,4,NORMAL
230.4,1,0.125,0.0,1,4,NORMAL
230.5,1,0.121,0.0,1,4,NORMAL
230.6,1,0.118,0.0,1,4,NORMAL
230.7,1,0.114,0.0,1,4,NORMAL
230.8,1,0.111,0.0,1,4,NORMAL
230.9,1,0.107,0.0,1,4,NORMAL
231.0,1,0.104,0.0,1,4,NORMAL
231.1,1,0.1,0.0,1,4,NORMAL
231.2,1,0.097,0.0,1,4,NORMAL
231.3,1,0.094,0.0,1,4,NORMAL
231.4,1,0.09,0.0,0,4,NORMAL
231.5,1,0.09,0.0,0,4,NORMAL
231.6,1,0.09,0.0,0,4,NORMAL
231.7,1,0.09,0.0,0,4,NORMAL
231.8,1,0.09,0.0,0,4,NORMAL
231.9,1,0.09,0.0,0,4,NORMAL
232.0,1,0.09,0.0,0,4,NORMAL
232.1,1,0.09,0.0,0,4,NORMAL
232.2,1,0.09,0.0,0,4,NORMAL
232.3,1,0.09,0.0,0,4,NORMAL
232.4,1,0.09,0.0,0,4,NORMAL
232.5,1,0.09,0.0,0,4,NORMAL
232.6,1,0.09,0.0,0,4,NORMAL
232.7,1,0.09,0.0,0,4,NORMAL
232.8,1,0.09,0.0,0,4,NORMAL
232.9,1,0.09,0.0,0,4,NORMAL
233.0,1,0.09,0.0,0,4,NORMAL
233.1,1,0.09,0.0,0,4,NORMAL
233.2,1,0.089,0.0,0,4,NORMAL
233.3,1,0.085,0.0,0,4,NORMAL
233.4,1,0.082,0.0,0,4,NORMAL
233.5,1,0.079,0.0,0,4,NORMAL
233.6,1,0.076,0.0,0,4,NORMAL
233.7,1,0.076,0.0,0,4,NORMAL
233.8,1,0.076,0.0,0,4,NORMAL
233.9,1,0.076,0.0,0,4,NORMAL
234.0,1,0.076,0.0,0,4,NORMAL
234.1,1,0.076,0.0,0,4,NORMAL
234.2,1,0.076,0.0,0,4,NORMAL
234.3,1,0.076,0.0,0,4,NORMAL
234.4,1,0.076,0.0,0,4,NORMAL
234.5,1,0.076,0.0,0,4,NORMAL
234.6,1,0.076,0.0,0,4,NORMAL
234.7,1,0.076,0.0,0,4,NORMAL
234.8,1,0.076,0.0,0,4,NORMAL
234.9,1,0.076,0.0,0,4,NORMAL
235.0,1,0.076,0.0,0,4,NORMAL
235.1,1,0.076,0.0,0,4,NORMAL
235.2,1,0.076,0.0,0,4,NORMAL
235.3,1,0.076,0.0,0,4,NORMAL
235.4,1,0.076,0.0,0,4,NORMAL
235.5,1,0.076,0.0,0,4,NORMAL
235.6,1,0.076,0.0,0,4,NORMAL
235.7,1,0.076,0.0,0,4,NORMAL
235.8,1,0.076,0.0,0,4,NORMAL
235.9,1,0.076,0.0,0,4,NORMAL
236.0,1,0.076,0.0,0,4,NORMAL
236.1,1,0.076,0.0,0,4,NORMAL
236.2,1,0.076,0.0,0,4,NORMAL
236.3,1,0.076,0.0,0,4,NORMAL
236.4,1,0.076,0.0,0,4,NORMAL
236.5,1,0.076,0.0,0,4,NORMAL
236.6,1,0.076,0.0,0,4,NORMAL
236.7,1,0.076,0.0,0,4,NORMAL
236.8,1,0.076,0.0,0,4,NORMAL
236.9,1,0.073,0.0,0,4,NORMAL
237.0,1,0.069,0.0,0,4,NORMAL
237.1,1,0.066,0.0,0,4,NORMAL
237.2,1,0.062,0.0,0,4,NORMAL
237.3,1,0.061,0.0,0,4,NORMAL
237.4,1,0.065,0.1,0,4,NORMAL
237.5,1,0.067,0.0,0,4,NORMAL
237.6,1,0.067,0.0,0,4,NORMAL
237.7,1,0.067,0.0,0,4,NORMAL
237.8,1,0.067,0.0,0,4,NORMAL
237.9,1,0.067,0.0,0,4,NORMAL
238.0,1,0.067,0.0,0,4,NORMAL
238.1,1,0.067,0.0,0,4,NORMAL
238.2,1,0.067,0.0,0,4,NORMAL
238.3,1,0.067,0.0,0,4,NORMAL
238.4,1,0.067,0.0,0,4,NORMAL
238.5,1,0.067,0.0,0,4,NORMAL
238.6,1,0.067,0.0,0,4,NORMAL
238.7,1,0.067,0.0,0,4,NORMAL
238.8,1,0.067,0.0,0,4,NORMAL
238.9,1,0.064,0.0,0,4,NORMAL
239.0,1,0.06,0.0,0,4,NORMAL
239.1,1,0.057,0.0,0,4,NORMAL
239.2,1,0.053,0.0,0,4,NORMAL
239.3,1,0.053,0.0,0,4,NORMAL
239.4,1,0.053,0.0,0,4,NORMAL
239.5,1,0.053,0.0,0,4,NORMAL
239.6,1,0.053,0.0,0,4,NORMAL
239.7,1,0.053,0.0,0,4,NORMAL
239.8,1,0.053,0.0,0,4,NORMAL
239.9,1,0.053,0.0,0,4,NORMAL
240.0,1,0.053,0.0,0,4,NORMAL
240.1,1,0.053,0.0,0,4,NORMAL
240.2,1,0.053,0.0,0,4,NORMAL
240.3,1,0.053,0.0,0,4,NORMAL
240.4,1,0.053,0.0,0,4,NORMAL
240.5,1,0.053,0.0,0,4,NORMAL
240.6,1,0.053,0.0,0,4,NORMAL
240.7,1,0.052,0.0,0,4,NORMAL
240.8,1,0.048,0.0,0,4,NORMAL
240.9,1,0.045,0.0,0,4,NORMAL
241.0,1,0.042,0.0,0,4,NORMAL
241.1,1,0.042,0.0,0,4,NORMAL
241.2,1,0.042,0.0,0,4,NORMAL
241.3,1,0.042,0.0,0,4,NORMAL
241.4,1,0.042,0.0,0,4,NORMAL
241.5,1,0.042,0.0,0,4,NORMAL
241.6,1,0.042,0.0,0,4,NORMAL
241.7,1,0.042,0.0,0,4,NORMAL
241.8,1,0.042,0.0,0,4,NORMAL
241.9,1,0.042,0.0,0,4,NORMAL
242.0,1,0.042,0.0,0,4,NORMAL
242.1,1,0.042,0.0,0,4,NORMAL
242.2,1,0.042,0.0,0,4,NORMAL
242.3,1,0.042,0.0,0,4,NORMAL
242.4,1,0.042,0.0,0,4,NORMAL
242.5,1,0.042,0.0,0,4,NORMAL
242.6,1,0.042,0.0,0,4,NORMAL
242.7,1,0.042,0.0,0,4,NORMAL
242.8,1,0.042,0.0,0,4,NORMAL
242.9,1,0.042,0.0,0,4,NORMAL
243.0,1,0.042,0.0,0,4,NORMAL
243.1,1,0.042,0.0,0,4,NORMAL
243.2,1,0.042,0.0,0,4,NORMAL
243.3,1,0.042,0.0,0,4,NORMAL
243.4,1,0.042,0.0,0,4,NORMAL
243.5,1,0.042,0.0,0,4,NORMAL
243.6,1,0.042,0.0,0,4,NORMAL
243.7,1,0.042,0.0,0,4,NORMAL
243.8,1,0.042,0.0,0,4,NORMAL
243.9,1,0.043,0.03,0,4,NORMAL
244.0,1,0.045,0.13,0,4,NORMAL
244.1,1,0.044,0.0,0,4,NORMAL
244.2,1,0.043,0.0,0,4,NORMAL
244.3,1,0.043,0.0,0,4,NORMAL
244.4,1,0.043,0.0,0,4,NORMAL
244.5,1,0.043,0.0,0,4,NORMAL
244.6,1,0.043,0.0,0,4,NORMAL
244.7,1,0.043,0.0,0,4,NORMAL
244.8,1,0.043,0.0,0,4,NORMAL
244.9,1,0.043,0.0,0,4,NORMAL
245.0,1,0.043,0.0,0,4,NORMAL
245.1,1,0.043,0.0,0,4,NORMAL
245.2,1,0.043,0.0,0,4,NORMAL
245.3,1,0.044,0.03,0,3,NORMAL
245.4,1,0.044,0.0,0,3,NORMAL
245.5,1,0.044,0.0,0,3,NORMAL
245.6,1,0.044,0.0,0,3,NORMAL
245.7,1,0.044,0.0,0,3,NORMAL
245.8,1,0.044,0.0,0,3,NORMAL
245.9,1,0.044,0.0,0,3,NORMAL
246.0,1,0.043,0.0,0,3,NORMAL
246.1,1,0.039,0.0,0,3,NORMAL
246.2,1,0.037,0.0,0,3,NORMAL
246.3,1,0.037,0.0,0,3,NORMAL
246.4,1,0.037,0.0,0,3,NORMAL
246.5,1,0.037,0.0,0,3,NORMAL
246.6,1,0.037,0.0,0,3,NORMAL
246.7,1,0.037,0.0,0,3,NORMAL
246.8,1,0.037,0.0,0,3,NORMAL
246.9,1,0.037,0.0,0,3,NORMAL
247.0,1,0.037,0.0,0,3,NORMAL
247.1,1,0.037,0.0,0,3,NORMAL
247.2,1,0.037,0.0,0,3,NORMAL
247.3,1,0.037,0.0,0,3,NORMAL
247.4,1,0.037,0.0,0,3,NORMAL
247.5,1,0.037,0.0,0,3,NORMAL
247.6,1,0.037,0.0,0,3,NORMAL
247.7,1,0.035,0.0,0,3,NORMAL
247.8,1,0.031,0.0,0,3,NORMAL
247.9,1,0.03,0.0,0,3,NORMAL
248.0,1,0.03,0.0,0,3,NORMAL
248.1,1,0.03,0.0,0,3,NORMAL
248.2,1,0.03,0.0,0,3,NORMAL
248.3,1,0.03,0.0,0,3,NORMAL
248.4,1,0.03,0.0,0,3,NORMAL
248.5,1,0.03,0.0,0,3,NORMAL
248.6,1,0.03,0.0,0,3,NORMAL
248.7,1,0.03,0.0,0,3,NORMAL
248.8,1,0.03,0.0,0,3,NORMAL
248.9,1,0.03,0.0,0,3,NORMAL
249.0,1,0.03,0.0,0,3,NORMAL
249.1,1,0.03,0.0,0,3,NORMAL
249.2,1,0.03,0.0,0,3,NORMAL
249.3,1,0.03,0.0,0,3,NORMAL
249.4,1,0.03,0.0,0,3,NORMAL
249.5,1,0.03,0.0,0,3,NORMAL
249.6,1,0.03,0.0,0,3,NORMAL
249.7,1,0.03,0.0,0,3,NORMAL
249.8,1,0.03,0.0,0,3,NORMAL
249.9,1,0.03,0.0,0,3,NORMAL
250.0,1,0.03,0.0,0,3,NORMAL
250.1,1,0.03,0.0,0,3,NORMAL
250.2,1,0.03,0.0,0,3,NORMAL
250.3,1,0.03,0.0,0,3,NORMAL
250.4,1,0.03,0.0,0,3,NORMAL
250.5,1,0.03,0.0,0,3,NORMAL
250.6,1,0.03,0.0,0,3,NORMAL
250.7,1,0.03,0.0,0,3,NORMAL
250.8,1,0.03,0.0,0,3,NORMAL
250.9,1,0.03,0.0,0,3,NORMAL
251.0,1,0.03,0.0,0,3,NORMAL
251.1,1,0.03,0.0,0,3,NORMAL
251.2,1,0.03,0.0,0,3,NORMAL
251.3,1,0.03,0.0,0,3,NORMAL
251.4,1,0.03,0.0,0,3,NORMAL
251.5,1,0.03,0.0,0,3,NORMAL
251.6,1,0.03,0.0,0,3,NORMAL
251.7,1,0.03,0.0,0,3,NORMAL
251.8,1,0.03,0.0,0,3,NORMAL
251.9,1,0.03,0.0,0,3,NORMAL
252.0,1,0.03,0.0,0,3,NORMAL
252.1,1,0.03,0.0,0,3,NORMAL
252.2,1,0.03,0.0,0,3,NORMAL
252.3,1,0.03,0.0,0,3,NORMAL
252.4,1,0.03,0.0,0,3,NORMAL
252.5,1,0.028,0.0,0,3,NORMAL
252.6,1,0.028,0.0,0,3,NORMAL
252.7,1,0.028,0.0,0,3,NORMAL
252.8,1,0.028,0.0,0,3,NORMAL
252.9,1,0.028,0.0,0,3,NORMAL
253.0,1,0.028,0.0,0,3,NORMAL
253.1,1,0.028,0.0,0,3,NORMAL
253.2,1,0.028,0.0,0,3,NORMAL
253.3,1,0.028,0.0,0,3,NORMAL
253.4,1,0.028,0.0,0,3,NORMAL
253.5,1,0.028,0.0,0,3,NORMAL
253.6,1,0.024,0.0,0,3,NORMAL
253.7,1,0.022,0.0,0,3,NORMAL
253.8,1,0.022,0.0,0,3,NORMAL
253.9,1,0.022,0.0,0,3,NORMAL
254.0,1,0.022,0.0,0,3,NORMAL
254.1,1,0.022,0.0,0,3,NORMAL
254.2,1,0.022,0.0,0,3,NORMAL
254.3,1,0.022,0.0,0,3,NORMAL
254.4,1,0.022,0.0,0,3,NORMAL
254.5,1,0.022,0.0,0,3,NORMAL
254.6,1,0.022,0.0,0,3,NORMAL
254.7,1,0.022,0.0,0,3,NORMAL
254.8,1,0.022,0.0,0,3,NORMAL
254.9,1,0.022,0.0,0,3,NORMAL
255.0,1,0.022,0.0,0,3,NORMAL
255.1,1,0.022,0.0,0,3,NORMAL
255.2,1,0.022,0.0,0,3,NORMAL
255.3,1,0.022,0.0,0,3,NORMAL
255.4,1,0.022,0.0,0,3,NORMAL
255.5,1,0.022,0.0,0,3,NORMAL
255.6,1,0.022,0.0,0,3,NORMAL
255.7,1,0.022,0.0,0,3,NORMAL
255.8,1,0.022,0.0,0,3,NORMAL
255.9,1,0.022,0.0,0,3,NORMAL
256.0,1,0.022,0.0,0,3,NORMAL
256.1,1,0.022,0.0,0,3,NORMAL
256.2,1,0.022,0.0,0,3,NORMAL
256.3,1,0.022,0.0,0,3,NORMAL
256.4,1,0.022,0.0,0,3,NORMAL
256.5,1,0.022,0.0,0,3,NORMAL
256.6,1,0.021,0.0,0,3,NORMAL
256.7,1,0.021,0.0,0,3,NORMAL
256.8,1,0.021,0.0,0,2,NORMAL
256.9,1,0.021,0.0,0,2,NORMAL
257.0,1,0.021,0.0,0,2,NORMAL
257.1,1,0.021,0.0,0,2,NORMAL
257.2,1,0.021,0.0,0,2,NORMAL
257.3,1,0.021,0.0,0,2,NORMAL
257.4,1,0.021,0.0,0,2,NORMAL
257.5,1,0.021,0.0,0,2,NORMAL
257.6,1,0.021,0.0,0,2,NORMAL
257.7,1,0.021,0.0,0,2,NORMAL
257.8,1,0.021,0.0,0,2,NORMAL
257.9,1,0.021,0.0,0,2,NORMAL
258.0,1,0.021,0.0,0,2,NORMAL
258.1,1,0.019,0.0,0,2,NORMAL
258.2,1,0.016,0.0,0,2,NORMAL
258.3,1,0.013,0.0,0,2,NORMAL
258.4,1,0.013,0.0,0,2,NORMAL
258.5,1,0.013,0.0,0,2,NORMAL
258.6,1,0.013,0.0,0,2,NORMAL
258.7,1,0.013,0.0,0,2,NORMAL
258.8,1,0.013,0.0,0,2,NORMAL
258.9,1,0.013,0.0,0,2,NORMAL
259.0,1,0.013,0.0,0,2,NORMAL
259.1,1,0.013,0.0,0,2,NORMAL
259.2,1,0.013,0.0,0,2,NORMAL
259.3,1,0.013,0.0,0,2,NORMAL
259.4,1,0.013,0.0,0,2,NORMAL
259.5,1,0.013,0.0,0,2,NORMAL
259.6,1,0.013,0.0,0,2,NORMAL
259.7,1,0.013,0.0,0,2,NORMAL
259.8,1,0.013,0.0,0,2,NORMAL
259.9,1,0.013,0.0,0,2,NORMAL
260.0,1,0.013,0.0,0,2,NORMAL
260.1,1,0.013,0.0,0,2,NORMAL
260.2,1,0.013,0.0,0,2,NORMAL
260.3,1,0.013,0.0,0,2,NORMAL
260.4,1,0.013,0.0,0,2,NORMAL
260.5,1,0.013,0.0,0,2,NORMAL
260.6,1,0.013,0.0,0,2,NORMAL
260.7,1,0.013,0.0,0,2,NORMAL
260.8,1,0.013,0.0,0,2,NORMAL
260.9,1,0.013,0.0,0,2,NORMAL
261.0,1,0.013,0.0,0,2,NORMAL
261.1,1,0.013,0.0,0,2,NORMAL
261.2,1,0.013,0.0,0,2,NORMAL
261.3,1,0.013,0.0,0,2,NORMAL
261.4,1,0.013,0.0,0,2,NORMAL
261.5,1,0.013,0.0,0,2,NORMAL
261.6,1,0.013,0.0,0,2,NORMAL
261.7,1,0.013,0.0,0,2,NORMAL
261.8,1,0.013,0.0,0,2,NORMAL
261.9,1,0.013,0.0,0,2,NORMAL
262.0,1,0.013,0.0,0,2,NORMAL
262.1,1,0.013,0.0,0,2,NORMAL
262.2,1,0.013,0.0,0,2,NORMAL
262.3,1,0.013,0.0,0,2,NORMAL
262.4,1,0.013,0.0,0,2,NORMAL
262.5,1,0.013,0.0,0,2,NORMAL
262.6,1,0.013,0.0,0,2,NORMAL
262.7,1,0.013,0.0,0,2,NORMAL
262.8,1,0.013,0.0,0,2,NORMAL
262.9,1,0.013,0.0,0,2,NORMAL
263.0,1,0.013,0.0,0,2,NORMAL
263.1,1,0.013,0.0,0,2,NORMAL
263.2,1,0.013,0.0,0,2,NORMAL
263.3,1,0.013,0.0,0,2,NORMAL
263.4,1,0.013,0.0,0,2,NORMAL
263.5,1,0.013,0.0,0,2,NORMAL
263.6,1,0.013,0.0,0,2,NORMAL
263.7,1,0.013,0.0,0,2,NORMAL
263.8,1,0.013,0.0,0,2,NORMAL
263.9,1,0.013,0.0,0,2,NORMAL
264.0,1,0.013,0.0,0,2,NORMAL
264.1,1,0.013,0.0,0,2,NORMAL
264.2,1,0.013,0.0,0,2,NORMAL
264.3,1,0.013,0.0,0,2,NORMAL
264.4,1,0.013,0.0,0,2,NORMAL
264.5,1,0.013,0.0,0,2,NORMAL
264.6,1,0.013,0.0,0,2,NORMAL
264.7,1,0.013,0.0,0,1,NORMAL
264.8,1,0.013,0.0,0,1,NORMAL
264.9,1,0.013,0.0,0,1,NORMAL
265.0,1,0.013,0.0,0,1,NORMAL
265.1,1,0.013,0.0,0,1,NORMAL
265.2,1,0.017,0.1,0,1,NORMAL
265.3,1,0.02,0.2,0,1,NORMAL
265.4,1,0.02,0.0,0,1,NORMAL
265.5,1,0.02,0.0,0,1,NORMAL
265.6,1,0.02,0.0,0,1,NORMAL
265.7,1,0.02,0.0,0,1,NORMAL
265.8,1,0.02,0.0,0,1,NORMAL
265.9,1,0.02,0.0,0,1,NORMAL
266.0,1,0.022,0.07,0,1,NORMAL
266.1,1,0.026,0.17,0,1,NORMAL
266.2,1,0.027,0.0,0,1,NORMAL
266.3,1,0.027,0.0,0,1,NORMAL
266.4,1,0.027,0.0,0,1,NORMAL
266.5,1,0.027,0.0,0,1,NORMAL
266.6,1,0.027,0.0,0,1,NORMAL
266.7,1,0.027,0.0,0,1,NORMAL
266.8,1,0.027,0.0,0,1,NORMAL
266.9,1,0.027,0.0,0,1,NORMAL
267.0,1,0.027,0.0,0,1,NORMAL
267.1,1,0.027,0.0,0,1,NORMAL
267.2,1,0.027,0.0,0,1,NORMAL
267.3,1,0.027,0.0,0,1,NORMAL
267.4,1,0.024,0.0,0,1,NORMAL
267.5,1,0.021,0.0,0,1,NORMAL
267.6,1,0.021,0.0,0,1,NORMAL
267.7,1,0.021,0.0,0,1,NORMAL
267.8,1,0.021,0.0,0,1,NORMAL
267.9,1,0.021,0.0,0,1,NORMAL
268.0,1,0.021,0.0,0,1,NORMAL
268.1,1,0.021,0.0,0,1,NORMAL
268.2,1,0.021,0.0,0,1,NORMAL
268.3,1,0.021,0.0,0,1,NORMAL
268.4,1,0.021,0.0,0,1,NORMAL
268.5,1,0.021,0.0,0,1,NORMAL
268.6,1,0.021,0.0,0,1,NORMAL
268.7,1,0.021,0.0,0,1,NORMAL
268.8,1,0.021,0.0,0,1,NORMAL
268.9,1,0.021,0.0,0,1,NORMAL
269.0,1,0.021,0.0,0,1,NORMAL
269.1,1,0.021,0.0,0,1,NORMAL
269.2,1,0.021,0.0,0,1,NORMAL
269.3,1,0.021,0.0,0,1,NORMAL
269.4,1,0.021,0.0,0,1,NORMAL
269.5,1,0.021,0.0,0,1,NORMAL
269.6,1,0.021,0.0,0,1,NORMAL
269.7,1,0.021,0.0,0,1,NORMAL
269.8,1,0.021,0.0,0,1,NORMAL
269.9,1,0.021,0.0,0,1,NORMAL
270.0,1,0.021,0.0,0,1,NORMAL
270.1,1,0.021,0.0,0,1,NORMAL
270.2,1,0.021,0.0,0,1,NORMAL
270.3,1,0.021,0.0,0,1,NORMAL
270.4,1,0.021,0.0,0,1,NORMAL
270.5,1,0.021,0.0,0,1,NORMAL
270.6,1,0.021,0.0,0,1,NORMAL
270.7,1,0.021,0.0,0,1,NORMAL
270.8,1,0.021,0.0,0,1,NORMAL
270.9,1,0.021,0.0,0,1,NORMAL
271.0,1,0.021,0.0,0,1,NORMAL
271.1,1,0.021,0.0,0,1,NORMAL
271.2,1,0.021,0.0,0,1,NORMAL
271.3,1,0.021,0.0,0,1,NORMAL
271.4,1,0.021,0.0,0,1,NORMAL
271.5,1,0.021,0.0,0,1,NORMAL
271.6,1,0.023,0.07,0,1,NORMAL
271.7,1,0.027,0.17,0,1,NORMAL
271.8,1,0.028,0.0,0,1,NORMAL
271.9,1,0.028,0.0,0,1,NORMAL
272.0,1,0.028,0.0,0,1,NORMAL
272.1,1,0.031,0.1,0,1,NORMAL
272.2,1,0.034,0.2,0,1,NORMAL
272.3,1,0.034,0.0,0,1,NORMAL
272.4,1,0.034,0.0,0,1,NORMAL
272.5,1,0.034,0.0,0,1,NORMAL
272.6,1,0.034,0.0,0,1,NORMAL
272.7,1,0.034,0.0,0,1,NORMAL
272.8,1,0.034,0.0,0,1,NORMAL
272.9,1,0.034,0.0,0,1,NORMAL
273.0,1,0.034,0.0,0,1,NORMAL
273.1,1,0.034,0.0,0,1,NORMAL
273.2,1,0.034,0.0,0,1,NORMAL
273.3,1,0.034,0.0,0,1,NORMAL
273.4,1,0.034,0.0,0,1,NORMAL
273.5,1,0.034,0.0,0,1,NORMAL
273.6,1,0.034,0.0,0,1,NORMAL
273.7,1,0.034,0.0,0,1,NORMAL
273.8,1,0.034,0.0,0,1,NORMAL
273.9,1,0.034,0.0,0,1,NORMAL
274.0,1,0.031,0.0,0,1,NORMAL
274.1,1,0.028,0.0,0,1,NORMAL
274.2,1,0.028,0.0,0,1,NORMAL
274.3,1,0.028,0.0,0,1,NORMAL
274.4,1,0.028,0.0,0,1,NORMAL
274.5,1,0.028,0.0,0,1,NORMAL
274.6,1,0.028,0.0,0,1,NORMAL
274.7,1,0.028,0.0,0,1,NORMAL
274.8,1,0.028,0.0,0,1,NORMAL
274.9,1,0.028,0.0,0,1,NORMAL
275.0,1,0.028,0.0,0,1,NORMAL
275.1,1,0.028,0.0,0,1,NORMAL
275.2,1,0.028,0.0,0,1,NORMAL
275.3,1,0.028,0.0,0,1,NORMAL
275.4,1,0.027,0.0,0,1,NORMAL
275.5,1,0.027,0.0,0,1,NORMAL
275.6,1,0.027,0.0,0,1,NORMAL
275.7,1,0.027,0.0,0,1,NORMAL
275.8,1,0.027,0.0,0,1,NORMAL
275.9,1,0.027,0.0,0,1,NORMAL
276.0,1,0.027,0.0,0,1,NORMAL
276.1,1,0.027,0.0,0,1,NORMAL
276.2,1,0.027,0.0,0,1,NORMAL
276.3,1,0.027,0.0,0,1,NORMAL
276.4,1,0.027,0.0,0,1,NORMAL
276.5,1,0.027,0.0,0,1,NORMAL
276.6,1,0.029,0.07,0,1,NORMAL
276.7,1,0.031,0.0,0,1,NORMAL
276.8,1,0.031,0.0,0,1,NORMAL
276.9,1,0.031,0.0,0,1,NORMAL
277.0,1,0.031,0.0,0,1,NORMAL
277.1,1,0.031,0.0,0,1,NORMAL
277.2,1,0.031,0.0,0,1,NORMAL
277.3,1,0.031,0.0,0,1,NORMAL
277.4,1,0.031,0.0,0,1,NORMAL
277.5,1,0.031,0.0,0,1,NORMAL
277.6,1,0.031,0.0,0,1,NORMAL
277.7,1,0.031,0.0,0,1,NORMAL
277.8,1,0.031,0.0,0,1,NORMAL
277.9,1,0.031,0.0,0,1,NORMAL
278.0,1,0.031,0.0,0,1,NORMAL
278.1,1,0.031,0.0,0,1,NORMAL
278.2,1,0.031,0.0,0,1,NORMAL
278.3,1,0.031,0.0,0,1,NORMAL
278.4,1,0.034,0.1,0,1,NORMAL
278.5,1,0.038,0.2,0,1,NORMAL
278.6,1,0.04,0.0,0,1,NORMAL
278.7,1,0.04,0.0,0,1,NORMAL
278.8,1,0.04,0.0,0,0,NORMAL
278.9,1,0.04,0.0,0,0,NORMAL
279.0,1,0.04,0.0,0,0,NORMAL
279.1,1,0.04,0.0,0,0,NORMAL
279.2,1,0.04,0.0,0,0,NORMAL
279.3,1,0.04,0.0,0,0,NORMAL
279.4,1,0.04,0.0,0,0,NORMAL
279.5,1,0.04,0.0,0,0,NORMAL
279.6,1,0.04,0.0,0,0,NORMAL
279.7,1,0.04,0.0,0,0,NORMAL
279.8,1,0.04,0.0,0,0,NORMAL
279.9,1,0.04,0.0,0,0,NORMAL
280.0,1,0.04,0.0,0,0,NORMAL
280.1,1,0.04,0.0,0,0,NORMAL
280.2,1,0.04,0.0,0,0,NORMAL
280.3,1,0.04,0.0,0,0,NORMAL
280.4,1,0.04,0.0,0,0,NORMAL
280.5,1,0.04,0.0,0,0,NORMAL
280.6,1,0.04,0.0,0,0,NORMAL
280.7,1,0.04,0.0,0,0,NORMAL
280.8,1,0.04,0.0,0,0,NORMAL
280.9,1,0.04,0.0,0,0,NORMAL
281.0,1,0.04,0.0,0,0,NORMAL
281.1,1,0.04,0.0,0,0,NORMAL
281.2,1,0.04,0.0,0,0,NORMAL
281.3,1,0.04,0.0,0,0,NORMAL
281.4,1,0.04,0.0,0,0,NORMAL
281.5,1,0.04,0.0,0,0,NORMAL
281.6,1,0.04,0.0,0,0,NORMAL
281.7,1,0.04,0.0,0,0,NORMAL
281.8,1,0.04,0.0,0,0,NORMAL
281.9,1,0.04,0.0,0,0,NORMAL
282.0,1,0.04,0.0,0,0,NORMAL
282.1,1,0.04,0.0,0,0,NORMAL
282.2,1,0.04,0.0,0,0,NORMAL
282.3,1,0.04,0.0,0,0,NORMAL
282.4,1,0.04,0.0,0,0,NORMAL
282.5,1,0.04,0.0,0,0,NORMAL
282.6,1,0.04,0.0,0,0,NORMAL
282.7,1,0.04,0.0,0,0,NORMAL
282.8,1,0.04,0.0,0,0,NORMAL
282.9,1,0.04,0.0,0,0,NORMAL
283.0,1,0.04,0.0,0,0,NORMAL
283.1,1,0.04,0.0,0,0,NORMAL
283.2,1,0.04,0.0,0,0,NORMAL
283.3,1,0.04,0.0,0,0,NORMAL
283.4,1,0.04,0.0,0,0,NORMAL
283.5,1,0.041,0.03,0,0,NORMAL
283.6,1,0.044,0.13,0,0,NORMAL
283.7,1,0.044,0.0,0,0,NORMAL
283.8,1,0.044,0.0,0,0,NORMAL
283.9,1,0.044,0.0,0,0,NORMAL
284.0,1,0.044,0.0,0,0,NORMAL
284.1,1,0.044,0.0,0,0,NORMAL
284.2,1,0.044,0.0,0,0,NORMAL
284.3,1,0.044,0.0,0,0,NORMAL
284.4,1,0.044,0.0,0,0,NORMAL
284.5,1,0.044,0.0,0,0,NORMAL
284.6,1,0.044,0.0,0,0,NORMAL
284.7,1,0.044,0.0,0,0,NORMAL
284.8,1,0.044,0.0,0,0,NORMAL
284.9,1,0.044,0.0,0,0,NORMAL
285.0,1,0.044,0.0,0,0,NORMAL
285.1,1,0.044,0.0,0,0,NORMAL
285.2,1,0.044,0.0,0,0,NORMAL
285.3,1,0.044,0.0,0,0,NORMAL
285.4,1,0.047,0.07,0,0,NORMAL
285.5,1,0.05,0.17,0,0,NORMAL
285.6,1,0.05,0.0,0,0,NORMAL
285.7,1,0.05,0.0,0,0,NORMAL
285.8,1,0.05,0.0,0,0,NORMAL
285.9,1,0.053,0.1,0,0,NORMAL
286.0,1,0.053,0.0,0,0,NORMAL
286.1,1,0.053,0.0,0,0,NORMAL
286.2,1,0.053,0.0,0,0,NORMAL
286.3,1,0.053,0.0,0,0,NORMAL
286.4,1,0.053,0.0,0,0,NORMAL
286.5,1,0.053,0.0,0,0,NORMAL
286.6,1,0.053,0.0,0,0,NORMAL
286.7,1,0.053,0.0,0,0,NORMAL
286.8,1,0.053,0.0,0,0,NORMAL
286.9,1,0.053,0.0,0,0,NORMAL
287.0,1,0.053,0.0,0,0,NORMAL
287.1,1,0.053,0.0,0,0,NORMAL
287.2,1,0.053,0.0,0,0,NORMAL
287.3,1,0.053,0.0,0,0,NORMAL
287.4,1,0.053,0.0,0,0,NORMAL
287.5,1,0.055,0.07,0,0,NORMAL
287.6,1,0.059,0.17,0,0,NORMAL
287.7,1,0.059,0.0,0,0,NORMAL
287.8,1,0.059,0.0,0,0,NORMAL
287.9,1,0.059,0.0,0,0,NORMAL
288.0,1,0.059,0.0,0,0,NORMAL
288.1,1,0.059,0.0,0,0,NORMAL
288.2,1,0.059,0.0,0,0,NORMAL
288.3,1,0.059,0.0,0,0,NORMAL
288.4,1,0.059,0.0,0,0,NORMAL
288.5,1,0.059,0.0,0,0,NORMAL
288.6,1,0.059,0.0,0,0,NORMAL
288.7,1,0.06,0.03,0,0,NORMAL
288.8,1,0.063,0.13,0,0,NORMAL
288.9,1,0.063,0.0,0,0,NORMAL
289.0,1,0.063,0.0,0,0,NORMAL
289.1,1,0.063,0.0,0,0,NORMAL
289.2,1,0.063,0.0,0,0,NORMAL
289.3,1,0.063,0.0,0,0,NORMAL
289.4,1,0.063,0.0,0,0,NORMAL
289.5,1,0.063,0.0,0,0,NORMAL
289.6,1,0.063,0.0,0,0,NORMAL
289.7,1,0.063,0.0,0,0,NORMAL
289.8,1,0.063,0.0,0,0,NORMAL
289.9,1,0.067,0.1,0,0,NORMAL
290.0,1,0.068,0.0,0,0,NORMAL
290.1,1,0.068,0.0,0,0,NORMAL
290.2,1,0.068,0.0,0,0,NORMAL
290.3,1,0.068,0.0,0,0,NORMAL
290.4,1,0.068,0.0,0,0,NORMAL
290.5,1,0.068,0.0,0,0,NORMAL
290.6,1,0.068,0.0,0,1,NORMAL
290.7,1,0.068,0.0,0,1,NORMAL
290.8,1,0.068,0.0,0,1,NORMAL
290.9,1,0.068,0.0,0,1,NORMAL
291.0,1,0.068,0.0,0,1,NORMAL
291.1,1,0.068,0.0,0,1,NORMAL
291.2,1,0.068,0.0,0,1,NORMAL
291.3,1,0.07,0.07,0,1,NORMAL
291.4,1,0.073,0.17,0,1,NORMAL
291.5,1,0.074,0.0,0,1,NORMAL
291.6,1,0.074,0.0,0,1,NORMAL
291.7,1,0.074,0.0,0,1,NORMAL
291.8,1,0.074,0.0,0,1,NORMAL
291.9,1,0.074,0.0,0,1,NORMAL
292.0,1,0.074,0.0,0,1,NORMAL
292.1,1,0.074,0.0,0,1,NORMAL
292.2,1,0.074,0.0,0,1,NORMAL
292.3,1,0.074,0.0,0,1,NORMAL
292.4,1,0.077,0.07,0,1,NORMAL
292.5,1,0.08,0.17,0,1,NORMAL
292.6,1,0.08,0.0,0,1,NORMAL
292.7,1,0.08,0.0,0,1,NORMAL
292.8,1,0.08,0.0,0,1,NORMAL
292.9,1,0.08,0.0,0,1,NORMAL
293.0,1,0.08,0.0,0,1,NORMAL
293.1,1,0.08,0.0,0,1,NORMAL
293.2,1,0.08,0.0,0,1,NORMAL
293.3,1,0.08,0.0,0,1,NORMAL
293.4,1,0.08,0.0,0,1,NORMAL
293.5,1,0.08,0.0,0,1,NORMAL
293.6,1,0.08,0.0,0,1,NORMAL
293.7,1,0.08,0.0,0,1,NORMAL
293.8,1,0.08,0.0,0,1,NORMAL
293.9,1,0.08,0.0,0,1,NORMAL
294.0,1,0.08,0.0,0,1,NORMAL
294.1,1,0.08,0.0,0,1,NORMAL
294.2,1,0.08,0.0,0,1,NORMAL
294.3,1,0.08,0.0,0,1,NORMAL
294.4,1,0.08,0.0,0,1,NORMAL
294.5,1,0.08,0.0,0,1,NORMAL
294.6,1,0.08,0.0,0,1,NORMAL
294.7,1,0.08,0.0,0,1,NORMAL
294.8,1,0.08,0.0,0,1,NORMAL
294.9,1,0.08,0.0,0,1,NORMAL
295.0,1,0.08,0.0,0,1,NORMAL
295.1,1,0.08,0.0,0,1,NORMAL
295.2,1,0.078,0.0,0,1,NORMAL
295.3,1,0.074,0.0,0,1,NORMAL
295.4,1,0.075,0.07,0,1,NORMAL
295.5,1,0.078,0.0,0,1,NORMAL
295.6,1,0.078,0.0,0,1,NORMAL
295.7,1,0.078,0.0,0,1,NORMAL
295.8,1,0.078,0.0,0,1,NORMAL
295.9,1,0.078,0.0,0,1,NORMAL
296.0,1,0.077,0.0,0,1,NORMAL
296.1,1,0.073,0.0,0,1,NORMAL
296.2,1,0.071,0.0,0,1,NORMAL
296.3,1,0.071,0.0,0,1,NORMAL
296.4,1,0.071,0.0,0,1,NORMAL
296.5,1,0.071,0.0,0,1,NORMAL
296.6,1,0.071,0.0,0,1,NORMAL
296.7,1,0.071,0.0,0,1,NORMAL
296.8,1,0.071,0.0,0,1,NORMAL
296.9,1,0.071,0.0,0,1,NORMAL
297.0,1,0.071,0.0,0,1,NORMAL
297.1,1,0.073,0.07,0,1,NORMAL
297.2,1,0.077,0.17,0,1,NORMAL
297.3,1,0.079,0.0,0,1,NORMAL
297.4,1,0.079,0.0,0,1,NORMAL
297.5,1,0.079,0.0,0,1,NORMAL
297.6,1,0.079,0.0,0,1,NORMAL
297.7,1,0.079,0.0,0,1,NORMAL
297.8,1,0.079,0.0,0,1,NORMAL
297.9,1,0.079,0.0,0,1,NORMAL
298.0,1,0.079,0.0,0,1,NORMAL
298.1,1,0.079,0.0,0,1,NORMAL
298.2,1,0.079,0.0,0,1,NORMAL
298.3,1,0.079,0.0,0,1,NORMAL
298.4,1,0.079,0.0,0,1,NORMAL
298.5,1,0.079,0.0,0,1,NORMAL
298.6,1,0.079,0.0,0,1,NORMAL
298.7,1,0.079,0.0,0,1,NORMAL
298.8,1,0.079,0.0,0,1,NORMAL
298.9,1,0.079,0.0,0,1,NORMAL
299.0,1,0.079,0.0,0,1,NORMAL
299.1,1,0.079,0.0,0,1,NORMAL
299.2,1,0.079,0.0,0,1,NORMAL
299.3,1,0.079,0.0,0,1,NORMAL
299.4,1,0.079,0.0,0,1,NORMAL
299.5,1,0.079,0.0,0,1,NORMAL
299.6,1,0.079,0.0,0,1,NORMAL
299.7,1,0.079,0.0,0,1,NORMAL
299.8,1,0.079,0.0,0,1,NORMAL
299.9,1,0.079,0.0,0,1,NORMAL
