start_sec,end_sec,duration_sec,start_frame,end_frame
0.16,0.4,0.24000000000000002,4,10
3.32,4.12,0.8000000000000003,83,103
4.76,5.4,0.6400000000000006,119,135
7.56,7.68,0.1200000000000001,189,192
8.44,8.6,0.16000000000000014,211,215
10.04,10.2,0.16000000000000014,251,255
10.88,11.0,0.11999999999999922,272,275
11.84,12.36,0.5199999999999996,296,309
14.2,14.56,0.3600000000000012,355,364
16.36,16.68,0.3200000000000003,409,417
17.76,18.16,0.3999999999999986,444,454
19.36,19.48,0.120000000000001,484,487
21.0,21.32,0.3200000000000003,525,533
26.72,27.36,0.6400000000000006,668,684
28.48,29.28,0.8000000000000007,712,732
